2026-07-12 10:12:06,923 [INFO] === CAPITAL RULES ===
2026-07-12 10:12:06,923 [INFO] Total capital: 1000.00 USDT
2026-07-12 10:12:06,923 [INFO] Per-deal budget: 30.00 USDT (3.0% of capital)
2026-07-12 10:12:06,923 [INFO] Base order: 3.29 USDT, up to 4 safety orders
2026-07-12 10:12:06,923 [INFO] Worst-case loss per deal: 3.60 USDT (0.36% of capital)
2026-07-12 10:12:06,923 [INFO] Max total exposure: 6.0% of capital
2026-07-12 10:12:07,068 [WARNING] Bybit price failed (You have breached the ip rate limit or your ip is from the usa. (ErrCode: 403) (ErrTime: 10:12:07).
Request → GET https://api.bybit.com/v5/market/tickers: category=spot&symbol=BTCUSDT.); trying Coinbase
2026-07-12 10:12:07,116 [WARNING] Bybit price failed (You have breached the ip rate limit or your ip is from the usa. (ErrCode: 403) (ErrTime: 10:12:07).
Request → GET https://api.bybit.com/v5/market/tickers: category=spot&symbol=BTCUSDT.); trying Coinbase
2026-07-12 10:12:07,161 [WARNING] Bybit price failed (You have breached the ip rate limit or your ip is from the usa. (ErrCode: 403) (ErrTime: 10:12:07).
Request → GET https://api.bybit.com/v5/market/tickers: category=spot&symbol=BTCUSDT.); trying Coinbase
2026-07-12 10:12:07,201 [INFO] NOTIFY: 🟢 OPENED BTCUSDT deal: 0.000051 @ 63875.0050 (3.29 USDT)
2026-07-12 10:12:07,646 [WARNING] Bybit price failed (You have breached the ip rate limit or your ip is from the usa. (ErrCode: 403) (ErrTime: 10:12:07).
Request → GET https://api.bybit.com/v5/market/tickers: category=spot&symbol=ETHUSDT.); trying Coinbase
2026-07-12 10:12:07,689 [WARNING] Bybit price failed (You have breached the ip rate limit or your ip is from the usa. (ErrCode: 403) (ErrTime: 10:12:07).
Request → GET https://api.bybit.com/v5/market/tickers: category=spot&symbol=ETHUSDT.); trying Coinbase
2026-07-12 10:12:07,737 [WARNING] Bybit price failed (You have breached the ip rate limit or your ip is from the usa. (ErrCode: 403) (ErrTime: 10:12:07).
Request → GET https://api.bybit.com/v5/market/tickers: category=spot&symbol=ETHUSDT.); trying Coinbase
2026-07-12 10:12:07,776 [INFO] NOTIFY: 🟢 OPENED ETHUSDT deal: 0.001826 @ 1799.6400 (3.29 USDT)
2026-07-12 10:12:08,127 [INFO] Single tick complete (GitHub Actions mode). State saved.
2026-07-12 10:24:49,068 [INFO] === CAPITAL RULES ===
2026-07-12 10:24:49,068 [INFO] Total capital: 1000.00 USDT
2026-07-12 10:24:49,068 [INFO] Per-deal budget: 30.00 USDT (3.0% of capital)
2026-07-12 10:24:49,068 [INFO] Base order: 3.29 USDT, up to 4 safety orders
2026-07-12 10:24:49,068 [INFO] Worst-case loss per deal: 3.60 USDT (0.36% of capital)
2026-07-12 10:24:49,068 [INFO] Max total exposure: 6.0% of capital
2026-07-12 10:24:49,282 [WARNING] Bybit price failed (You have breached the ip rate limit or your ip is from the usa. (ErrCode: 403) (ErrTime: 10:24:49).
Request → GET https://api.bybit.com/v5/market/tickers: category=spot&symbol=BTCUSDT.); trying Coinbase
2026-07-12 10:24:49,427 [INFO] BTCUSDT px=63849.2450 avg=63875.0050 tp=64833.1301 sl=56210.0044 next_so=62916.8799 (SO 0/4)
2026-07-12 10:24:49,432 [WARNING] Bybit price failed (You have breached the ip rate limit or your ip is from the usa. (ErrCode: 403) (ErrTime: 10:24:49).
Request → GET https://api.bybit.com/v5/market/tickers: category=spot&symbol=ETHUSDT.); trying Coinbase
2026-07-12 10:24:49,472 [INFO] ETHUSDT px=1799.9250 avg=1799.6400 tp=1826.6346 sl=1583.6832 next_so=1772.6454 (SO 0/4)
2026-07-12 10:24:49,472 [INFO] Single tick complete (GitHub Actions mode). State saved.
2026-07-12 11:36:25,275 [INFO] === CAPITAL RULES ===
2026-07-12 11:36:25,275 [INFO] Total capital: 1000.00 USDT
2026-07-12 11:36:25,275 [INFO] Per-deal budget: 30.00 USDT (3.0% of capital)
2026-07-12 11:36:25,275 [INFO] Base order: 3.29 USDT, up to 4 safety orders
2026-07-12 11:36:25,275 [INFO] Worst-case loss per deal: 3.60 USDT (0.36% of capital)
2026-07-12 11:36:25,275 [INFO] Max total exposure: 6.0% of capital
2026-07-12 11:36:25,358 [WARNING] Bybit price failed (You have breached the ip rate limit or your ip is from the usa. (ErrCode: 403) (ErrTime: 11:36:25).
Request → GET https://api.bybit.com/v5/market/tickers: category=spot&symbol=BTCUSDT.); trying Coinbase
2026-07-12 11:36:25,519 [INFO] BTCUSDT px=63967.4750 avg=63875.0050 tp=64833.1301 sl=56210.0044 next_so=62916.8799 (SO 0/4)
2026-07-12 11:36:25,523 [WARNING] Bybit price failed (You have breached the ip rate limit or your ip is from the usa. (ErrCode: 403) (ErrTime: 11:36:25).
Request → GET https://api.bybit.com/v5/market/tickers: category=spot&symbol=ETHUSDT.); trying Coinbase
2026-07-12 11:36:25,569 [INFO] ETHUSDT px=1804.0650 avg=1799.6400 tp=1826.6346 sl=1583.6832 next_so=1772.6454 (SO 0/4)
2026-07-12 11:36:25,569 [INFO] Single tick complete (GitHub Actions mode). State saved.
2026-07-12 12:37:41,963 [INFO] === CAPITAL RULES ===
2026-07-12 12:37:41,963 [INFO] Total capital: 1000.00 USDT
2026-07-12 12:37:41,963 [INFO] Per-deal budget: 30.00 USDT (3.0% of capital)
2026-07-12 12:37:41,963 [INFO] Base order: 3.29 USDT, up to 4 safety orders
2026-07-12 12:37:41,963 [INFO] Worst-case loss per deal: 3.60 USDT (0.36% of capital)
2026-07-12 12:37:41,963 [INFO] Max total exposure: 6.0% of capital
2026-07-12 12:37:42,205 [WARNING] Bybit price failed (You have breached the ip rate limit or your ip is from the usa. (ErrCode: 403) (ErrTime: 12:37:42).
Request → GET https://api.bybit.com/v5/market/tickers: category=spot&symbol=BTCUSDT.); trying Coinbase
2026-07-12 12:37:42,266 [INFO] BTCUSDT px=63975.4850 avg=63875.0050 tp=64833.1301 sl=56210.0044 next_so=62916.8799 (SO 0/4)
2026-07-12 12:37:42,274 [WARNING] Bybit price failed (You have breached the ip rate limit or your ip is from the usa. (ErrCode: 403) (ErrTime: 12:37:42).
Request → GET https://api.bybit.com/v5/market/tickers: category=spot&symbol=ETHUSDT.); trying Coinbase
2026-07-12 12:37:42,315 [INFO] ETHUSDT px=1804.6250 avg=1799.6400 tp=1826.6346 sl=1583.6832 next_so=1772.6454 (SO 0/4)
2026-07-12 12:37:42,315 [INFO] Single tick complete (GitHub Actions mode). State saved.
2026-07-12 14:13:40,858 [INFO] === CAPITAL RULES ===
2026-07-12 14:13:40,858 [INFO] Total capital: 1000.00 USDT
2026-07-12 14:13:40,858 [INFO] Per-deal budget: 30.00 USDT (3.0% of capital)
2026-07-12 14:13:40,858 [INFO] Base order: 3.29 USDT, up to 4 safety orders
2026-07-12 14:13:40,858 [INFO] Worst-case loss per deal: 3.60 USDT (0.36% of capital)
2026-07-12 14:13:40,859 [INFO] Max total exposure: 6.0% of capital
2026-07-12 14:13:41,156 [WARNING] Bybit price failed (You have breached the ip rate limit or your ip is from the usa. (ErrCode: 403) (ErrTime: 14:13:41).
Request → GET https://api.bybit.com/v5/market/tickers: category=spot&symbol=BTCUSDT.); trying Coinbase
2026-07-12 14:13:41,218 [INFO] BTCUSDT px=63972.0050 avg=63875.0050 tp=64833.1301 sl=56210.0044 next_so=62916.8799 (SO 0/4)
2026-07-12 14:13:41,228 [WARNING] Bybit price failed (You have breached the ip rate limit or your ip is from the usa. (ErrCode: 403) (ErrTime: 14:13:41).
Request → GET https://api.bybit.com/v5/market/tickers: category=spot&symbol=ETHUSDT.); trying Coinbase
2026-07-12 14:13:41,286 [INFO] ETHUSDT px=1804.5550 avg=1799.6400 tp=1826.6346 sl=1583.6832 next_so=1772.6454 (SO 0/4)
2026-07-12 14:13:41,286 [INFO] Single tick complete (GitHub Actions mode). State saved.
2026-07-12 15:17:57,135 [INFO] === CAPITAL RULES ===
2026-07-12 15:17:57,135 [INFO] Total capital: 1000.00 USDT
2026-07-12 15:17:57,135 [INFO] Per-deal budget: 30.00 USDT (3.0% of capital)
2026-07-12 15:17:57,135 [INFO] Base order: 3.29 USDT, up to 4 safety orders
2026-07-12 15:17:57,135 [INFO] Worst-case loss per deal: 3.60 USDT (0.36% of capital)
2026-07-12 15:17:57,135 [INFO] Max total exposure: 6.0% of capital
2026-07-12 15:17:57,313 [WARNING] Bybit price failed (You have breached the ip rate limit or your ip is from the usa. (ErrCode: 403) (ErrTime: 15:17:57).
Request → GET https://api.bybit.com/v5/market/tickers: category=spot&symbol=BTCUSDT.); trying Coinbase
2026-07-12 15:17:57,404 [INFO] BTCUSDT px=64134.0150 avg=63875.0050 tp=64833.1301 sl=56210.0044 next_so=62916.8799 (SO 0/4)
2026-07-12 15:17:57,416 [WARNING] Bybit price failed (You have breached the ip rate limit or your ip is from the usa. (ErrCode: 403) (ErrTime: 15:17:57).
Request → GET https://api.bybit.com/v5/market/tickers: category=spot&symbol=ETHUSDT.); trying Coinbase
2026-07-12 15:17:57,478 [INFO] ETHUSDT px=1820.1350 avg=1799.6400 tp=1826.6346 sl=1583.6832 next_so=1772.6454 (SO 0/4)
2026-07-12 15:17:57,478 [INFO] Single tick complete (GitHub Actions mode). State saved.
2026-07-12 16:27:10,018 [INFO] === CAPITAL RULES ===
2026-07-12 16:27:10,018 [INFO] Total capital: 1000.00 USDT
2026-07-12 16:27:10,018 [INFO] Per-deal budget: 30.00 USDT (3.0% of capital)
2026-07-12 16:27:10,018 [INFO] Base order: 3.29 USDT, up to 4 safety orders
2026-07-12 16:27:10,018 [INFO] Worst-case loss per deal: 3.60 USDT (0.36% of capital)
2026-07-12 16:27:10,018 [INFO] Max total exposure: 6.0% of capital
2026-07-12 16:27:10,124 [WARNING] Bybit price failed (You have breached the ip rate limit or your ip is from the usa. (ErrCode: 403) (ErrTime: 16:27:10).
Request → GET https://api.bybit.com/v5/market/tickers: category=spot&symbol=BTCUSDT.); trying Coinbase
2026-07-12 16:27:10,206 [INFO] BTCUSDT px=64132.4850 avg=63875.0050 tp=64833.1301 sl=56210.0044 next_so=62916.8799 (SO 0/4)
2026-07-12 16:27:10,210 [WARNING] Bybit price failed (You have breached the ip rate limit or your ip is from the usa. (ErrCode: 403) (ErrTime: 16:27:10).
Request → GET https://api.bybit.com/v5/market/tickers: category=spot&symbol=ETHUSDT.); trying Coinbase
2026-07-12 16:27:10,247 [INFO] ETHUSDT px=1822.4050 avg=1799.6400 tp=1826.6346 sl=1583.6832 next_so=1772.6454 (SO 0/4)
2026-07-12 16:27:10,248 [INFO] Single tick complete (GitHub Actions mode). State saved.
2026-07-12 17:33:23,200 [INFO] === CAPITAL RULES ===
2026-07-12 17:33:23,200 [INFO] Total capital: 1000.00 USDT
2026-07-12 17:33:23,200 [INFO] Per-deal budget: 30.00 USDT (3.0% of capital)
2026-07-12 17:33:23,200 [INFO] Base order: 3.29 USDT, up to 4 safety orders
2026-07-12 17:33:23,200 [INFO] Worst-case loss per deal: 3.60 USDT (0.36% of capital)
2026-07-12 17:33:23,200 [INFO] Max total exposure: 6.0% of capital
2026-07-12 17:33:23,326 [WARNING] Bybit price failed (You have breached the ip rate limit or your ip is from the usa. (ErrCode: 403) (ErrTime: 17:33:23).
Request → GET https://api.bybit.com/v5/market/tickers: category=spot&symbol=BTCUSDT.); trying Coinbase
2026-07-12 17:33:23,374 [INFO] BTCUSDT px=64094.7450 avg=63875.0050 tp=64833.1301 sl=56210.0044 next_so=62916.8799 (SO 0/4)
2026-07-12 17:33:23,378 [WARNING] Bybit price failed (You have breached the ip rate limit or your ip is from the usa. (ErrCode: 403) (ErrTime: 17:33:23).
Request → GET https://api.bybit.com/v5/market/tickers: category=spot&symbol=ETHUSDT.); trying Coinbase
2026-07-12 17:33:23,428 [INFO] ETHUSDT px=1817.8350 avg=1799.6400 tp=1826.6346 sl=1583.6832 next_so=1772.6454 (SO 0/4)
2026-07-12 17:33:23,428 [INFO] Single tick complete (GitHub Actions mode). State saved.
2026-07-12 18:37:30,447 [INFO] === CAPITAL RULES ===
2026-07-12 18:37:30,447 [INFO] Total capital: 1000.00 USDT
2026-07-12 18:37:30,448 [INFO] Per-deal budget: 30.00 USDT (3.0% of capital)
2026-07-12 18:37:30,448 [INFO] Base order: 3.29 USDT, up to 4 safety orders
2026-07-12 18:37:30,448 [INFO] Worst-case loss per deal: 3.60 USDT (0.36% of capital)
2026-07-12 18:37:30,448 [INFO] Max total exposure: 6.0% of capital
2026-07-12 18:37:30,576 [WARNING] Bybit price failed (You have breached the ip rate limit or your ip is from the usa. (ErrCode: 403) (ErrTime: 18:37:30).
Request → GET https://api.bybit.com/v5/market/tickers: category=spot&symbol=BTCUSDT.); trying Coinbase
2026-07-12 18:37:30,664 [INFO] BTCUSDT px=64045.7850 avg=63875.0050 tp=64833.1301 sl=56210.0044 next_so=62916.8799 (SO 0/4)
2026-07-12 18:37:30,668 [WARNING] Bybit price failed (You have breached the ip rate limit or your ip is from the usa. (ErrCode: 403) (ErrTime: 18:37:30).
Request → GET https://api.bybit.com/v5/market/tickers: category=spot&symbol=ETHUSDT.); trying Coinbase
2026-07-12 18:37:30,739 [INFO] ETHUSDT px=1818.5200 avg=1799.6400 tp=1826.6346 sl=1583.6832 next_so=1772.6454 (SO 0/4)
2026-07-12 18:37:30,739 [INFO] Single tick complete (GitHub Actions mode). State saved.
2026-07-12 19:50:07,546 [INFO] === CAPITAL RULES ===
2026-07-12 19:50:07,546 [INFO] Total capital: 1000.00 USDT
2026-07-12 19:50:07,546 [INFO] Per-deal budget: 30.00 USDT (3.0% of capital)
2026-07-12 19:50:07,546 [INFO] Base order: 3.29 USDT, up to 4 safety orders
2026-07-12 19:50:07,546 [INFO] Worst-case loss per deal: 3.60 USDT (0.36% of capital)
2026-07-12 19:50:07,546 [INFO] Max total exposure: 6.0% of capital
2026-07-12 19:50:07,752 [WARNING] Bybit price failed (You have breached the ip rate limit or your ip is from the usa. (ErrCode: 403) (ErrTime: 19:50:07).
Request → GET https://api.bybit.com/v5/market/tickers: category=spot&symbol=BTCUSDT.); trying Coinbase
2026-07-12 19:50:07,802 [INFO] BTCUSDT px=64129.6950 avg=63875.0050 tp=64833.1301 sl=56210.0044 next_so=62916.8799 (SO 0/4)
2026-07-12 19:50:07,808 [WARNING] Bybit price failed (You have breached the ip rate limit or your ip is from the usa. (ErrCode: 403) (ErrTime: 19:50:07).
Request → GET https://api.bybit.com/v5/market/tickers: category=spot&symbol=ETHUSDT.); trying Coinbase
2026-07-12 19:50:07,891 [INFO] ETHUSDT px=1819.4000 avg=1799.6400 tp=1826.6346 sl=1583.6832 next_so=1772.6454 (SO 0/4)
2026-07-12 19:50:07,892 [INFO] Single tick complete (GitHub Actions mode). State saved.
2026-07-12 20:41:38,257 [INFO] === CAPITAL RULES ===
2026-07-12 20:41:38,257 [INFO] Total capital: 1000.00 USDT
2026-07-12 20:41:38,257 [INFO] Per-deal budget: 30.00 USDT (3.0% of capital)
2026-07-12 20:41:38,257 [INFO] Base order: 3.29 USDT, up to 4 safety orders
2026-07-12 20:41:38,257 [INFO] Worst-case loss per deal: 3.60 USDT (0.36% of capital)
2026-07-12 20:41:38,257 [INFO] Max total exposure: 6.0% of capital
2026-07-12 20:41:38,450 [WARNING] Bybit price failed (You have breached the ip rate limit or your ip is from the usa. (ErrCode: 403) (ErrTime: 20:41:38).
Request → GET https://api.bybit.com/v5/market/tickers: category=spot&symbol=BTCUSDT.); trying Coinbase
2026-07-12 20:41:38,528 [INFO] BTCUSDT px=64159.2850 avg=63875.0050 tp=64833.1301 sl=56210.0044 next_so=62916.8799 (SO 0/4)
2026-07-12 20:41:38,541 [WARNING] Bybit price failed (You have breached the ip rate limit or your ip is from the usa. (ErrCode: 403) (ErrTime: 20:41:38).
Request → GET https://api.bybit.com/v5/market/tickers: category=spot&symbol=ETHUSDT.); trying Coinbase
2026-07-12 20:41:38,604 [INFO] ETHUSDT px=1821.0250 avg=1799.6400 tp=1826.6346 sl=1583.6832 next_so=1772.6454 (SO 0/4)
2026-07-12 20:41:38,604 [INFO] Single tick complete (GitHub Actions mode). State saved.
2026-07-12 21:33:15,802 [INFO] === CAPITAL RULES ===
2026-07-12 21:33:15,802 [INFO] Total capital: 1000.00 USDT
2026-07-12 21:33:15,802 [INFO] Per-deal budget: 30.00 USDT (3.0% of capital)
2026-07-12 21:33:15,802 [INFO] Base order: 3.29 USDT, up to 4 safety orders
2026-07-12 21:33:15,803 [INFO] Worst-case loss per deal: 3.60 USDT (0.36% of capital)
2026-07-12 21:33:15,803 [INFO] Max total exposure: 6.0% of capital
2026-07-12 21:33:16,039 [WARNING] Bybit price failed (You have breached the ip rate limit or your ip is from the usa. (ErrCode: 403) (ErrTime: 21:33:16).
Request → GET https://api.bybit.com/v5/market/tickers: category=spot&symbol=BTCUSDT.); trying Coinbase
2026-07-12 21:33:16,120 [INFO] BTCUSDT px=64005.7650 avg=63875.0050 tp=64833.1301 sl=56210.0044 next_so=62916.8799 (SO 0/4)
2026-07-12 21:33:16,125 [WARNING] Bybit price failed (You have breached the ip rate limit or your ip is from the usa. (ErrCode: 403) (ErrTime: 21:33:16).
Request → GET https://api.bybit.com/v5/market/tickers: category=spot&symbol=ETHUSDT.); trying Coinbase
2026-07-12 21:33:16,161 [INFO] ETHUSDT px=1811.8250 avg=1799.6400 tp=1826.6346 sl=1583.6832 next_so=1772.6454 (SO 0/4)
2026-07-12 21:33:16,162 [INFO] Single tick complete (GitHub Actions mode). State saved.
2026-07-12 22:31:21,752 [INFO] === CAPITAL RULES ===
2026-07-12 22:31:21,753 [INFO] Total capital: 1000.00 USDT
2026-07-12 22:31:21,753 [INFO] Per-deal budget: 30.00 USDT (3.0% of capital)
2026-07-12 22:31:21,753 [INFO] Base order: 3.29 USDT, up to 4 safety orders
2026-07-12 22:31:21,753 [INFO] Worst-case loss per deal: 3.60 USDT (0.36% of capital)
2026-07-12 22:31:21,753 [INFO] Max total exposure: 6.0% of capital
2026-07-12 22:31:21,857 [WARNING] Bybit price failed (You have breached the ip rate limit or your ip is from the usa. (ErrCode: 403) (ErrTime: 22:31:21).
Request → GET https://api.bybit.com/v5/market/tickers: category=spot&symbol=BTCUSDT.); trying Coinbase
2026-07-12 22:31:21,996 [INFO] BTCUSDT px=63797.8950 avg=63875.0050 tp=64833.1301 sl=56210.0044 next_so=62916.8799 (SO 0/4)
2026-07-12 22:31:21,999 [WARNING] Bybit price failed (You have breached the ip rate limit or your ip is from the usa. (ErrCode: 403) (ErrTime: 22:31:21).
Request → GET https://api.bybit.com/v5/market/tickers: category=spot&symbol=ETHUSDT.); trying Coinbase
2026-07-12 22:31:22,067 [INFO] ETHUSDT px=1801.8050 avg=1799.6400 tp=1826.6346 sl=1583.6832 next_so=1772.6454 (SO 0/4)
2026-07-12 22:31:22,067 [INFO] Single tick complete (GitHub Actions mode). State saved.
2026-07-12 23:35:58,481 [INFO] === CAPITAL RULES ===
2026-07-12 23:35:58,481 [INFO] Total capital: 1000.00 USDT
2026-07-12 23:35:58,481 [INFO] Per-deal budget: 30.00 USDT (3.0% of capital)
2026-07-12 23:35:58,481 [INFO] Base order: 3.29 USDT, up to 4 safety orders
2026-07-12 23:35:58,481 [INFO] Worst-case loss per deal: 3.60 USDT (0.36% of capital)
2026-07-12 23:35:58,481 [INFO] Max total exposure: 6.0% of capital
2026-07-12 23:35:58,584 [WARNING] Bybit price failed (You have breached the ip rate limit or your ip is from the usa. (ErrCode: 403) (ErrTime: 23:35:58).
Request → GET https://api.bybit.com/v5/market/tickers: category=spot&symbol=BTCUSDT.); trying Coinbase
2026-07-12 23:35:58,702 [INFO] BTCUSDT px=63763.6050 avg=63875.0050 tp=64833.1301 sl=56210.0044 next_so=62916.8799 (SO 0/4)
2026-07-12 23:35:58,706 [WARNING] Bybit price failed (You have breached the ip rate limit or your ip is from the usa. (ErrCode: 403) (ErrTime: 23:35:58).
Request → GET https://api.bybit.com/v5/market/tickers: category=spot&symbol=ETHUSDT.); trying Coinbase
2026-07-12 23:35:58,762 [INFO] ETHUSDT px=1804.8950 avg=1799.6400 tp=1826.6346 sl=1583.6832 next_so=1772.6454 (SO 0/4)
2026-07-12 23:35:58,762 [INFO] Single tick complete (GitHub Actions mode). State saved.
2026-07-13 01:13:48,091 [INFO] === CAPITAL RULES ===
2026-07-13 01:13:48,092 [INFO] Total capital: 1000.00 USDT
2026-07-13 01:13:48,092 [INFO] Per-deal budget: 30.00 USDT (3.0% of capital)
2026-07-13 01:13:48,092 [INFO] Base order: 3.29 USDT, up to 4 safety orders
2026-07-13 01:13:48,092 [INFO] Worst-case loss per deal: 3.60 USDT (0.36% of capital)
2026-07-13 01:13:48,092 [INFO] Max total exposure: 6.0% of capital
2026-07-13 01:13:48,279 [WARNING] Bybit price failed (You have breached the ip rate limit or your ip is from the usa. (ErrCode: 403) (ErrTime: 01:13:48).
Request → GET https://api.bybit.com/v5/market/tickers: category=spot&symbol=BTCUSDT.); trying Coinbase
2026-07-13 01:13:48,326 [INFO] BTCUSDT px=63814.8150 avg=63875.0050 tp=64833.1301 sl=56210.0044 next_so=62916.8799 (SO 0/4)
2026-07-13 01:13:48,331 [WARNING] Bybit price failed (You have breached the ip rate limit or your ip is from the usa. (ErrCode: 403) (ErrTime: 01:13:48).
Request → GET https://api.bybit.com/v5/market/tickers: category=spot&symbol=ETHUSDT.); trying Coinbase
2026-07-13 01:13:48,445 [INFO] ETHUSDT px=1821.2350 avg=1799.6400 tp=1826.6346 sl=1583.6832 next_so=1772.6454 (SO 0/4)
2026-07-13 01:13:48,445 [INFO] Single tick complete (GitHub Actions mode). State saved.
2026-07-13 04:49:05,824 [INFO] === CAPITAL RULES ===
2026-07-13 04:49:05,824 [INFO] Total capital: 1000.00 USDT
2026-07-13 04:49:05,824 [INFO] Per-deal budget: 30.00 USDT (3.0% of capital)
2026-07-13 04:49:05,824 [INFO] Base order: 3.29 USDT, up to 4 safety orders
2026-07-13 04:49:05,824 [INFO] Worst-case loss per deal: 3.60 USDT (0.36% of capital)
2026-07-13 04:49:05,824 [INFO] Max total exposure: 6.0% of capital
2026-07-13 04:49:05,967 [WARNING] Bybit price failed (You have breached the ip rate limit or your ip is from the usa. (ErrCode: 403) (ErrTime: 04:49:05).
Request → GET https://api.bybit.com/v5/market/tickers: category=spot&symbol=BTCUSDT.); trying Coinbase
2026-07-13 04:49:06,022 [INFO] BTCUSDT px=62699.8350 avg=63875.0050 tp=64833.1301 sl=56210.0044 next_so=62916.8799 (SO 0/4)
2026-07-13 04:49:06,026 [WARNING] Bybit price failed (You have breached the ip rate limit or your ip is from the usa. (ErrCode: 403) (ErrTime: 04:49:06).
Request → GET https://api.bybit.com/v5/market/tickers: category=spot&symbol=BTCUSDT.); trying Coinbase
2026-07-13 04:49:06,069 [INFO] NOTIFY: 🛟 SAFETY ORDER 1/4 BTCUSDT: bought 0.000052 @ 62699.8350. New avg 63281.9646
2026-07-13 04:49:06,402 [WARNING] Bybit price failed (You have breached the ip rate limit or your ip is from the usa. (ErrCode: 403) (ErrTime: 04:49:06).
Request → GET https://api.bybit.com/v5/market/tickers: category=spot&symbol=ETHUSDT.); trying Coinbase
2026-07-13 04:49:06,439 [INFO] ETHUSDT px=1780.1150 avg=1799.6400 tp=1826.6346 sl=1583.6832 next_so=1772.6454 (SO 0/4)
2026-07-13 04:49:06,439 [INFO] Single tick complete (GitHub Actions mode). State saved.
2026-07-13 08:14:31,474 [INFO] === CAPITAL RULES ===
2026-07-13 08:14:31,474 [INFO] Total capital: 1000.00 USDT
2026-07-13 08:14:31,474 [INFO] Per-deal budget: 30.00 USDT (3.0% of capital)
2026-07-13 08:14:31,474 [INFO] Base order: 3.29 USDT, up to 4 safety orders
2026-07-13 08:14:31,474 [INFO] Worst-case loss per deal: 3.60 USDT (0.36% of capital)
2026-07-13 08:14:31,474 [INFO] Max total exposure: 6.0% of capital
2026-07-13 08:14:31,638 [WARNING] Bybit price failed (You have breached the ip rate limit or your ip is from the usa. (ErrCode: 403) (ErrTime: 08:14:31).
Request → GET https://api.bybit.com/v5/market/tickers: category=spot&symbol=BTCUSDT.); trying Coinbase
2026-07-13 08:14:31,699 [INFO] BTCUSDT px=62971.9950 avg=63281.9646 tp=64231.1941 sl=55688.1289 next_so=61383.1385 (SO 1/4)
2026-07-13 08:14:31,707 [WARNING] Bybit price failed (You have breached the ip rate limit or your ip is from the usa. (ErrCode: 403) (ErrTime: 08:14:31).
Request → GET https://api.bybit.com/v5/market/tickers: category=spot&symbol=ETHUSDT.); trying Coinbase
2026-07-13 08:14:31,759 [INFO] ETHUSDT px=1784.3950 avg=1799.6400 tp=1826.6346 sl=1583.6832 next_so=1772.6454 (SO 0/4)
2026-07-13 08:14:31,760 [INFO] Single tick complete (GitHub Actions mode). State saved.
2026-07-13 11:31:16,223 [INFO] === CAPITAL RULES ===
2026-07-13 11:31:16,223 [INFO] Total capital: 1000.00 USDT
2026-07-13 11:31:16,223 [INFO] Per-deal budget: 30.00 USDT (3.0% of capital)
2026-07-13 11:31:16,223 [INFO] Base order: 3.29 USDT, up to 4 safety orders
2026-07-13 11:31:16,224 [INFO] Worst-case loss per deal: 3.60 USDT (0.36% of capital)
2026-07-13 11:31:16,224 [INFO] Max total exposure: 6.0% of capital
2026-07-13 11:31:16,395 [WARNING] Bybit price failed (You have breached the ip rate limit or your ip is from the usa. (ErrCode: 403) (ErrTime: 11:31:16).
Request → GET https://api.bybit.com/v5/market/tickers: category=spot&symbol=BTCUSDT.); trying Coinbase
2026-07-13 11:31:16,505 [INFO] BTCUSDT px=62950.1850 avg=63281.9646 tp=64231.1941 sl=55688.1289 next_so=61383.1385 (SO 1/4)
2026-07-13 11:31:16,526 [WARNING] Bybit price failed (You have breached the ip rate limit or your ip is from the usa. (ErrCode: 403) (ErrTime: 11:31:16).
Request → GET https://api.bybit.com/v5/market/tickers: category=spot&symbol=ETHUSDT.); trying Coinbase
2026-07-13 11:31:16,621 [INFO] ETHUSDT px=1780.5100 avg=1799.6400 tp=1826.6346 sl=1583.6832 next_so=1772.6454 (SO 0/4)
2026-07-13 11:31:16,622 [INFO] Single tick complete (GitHub Actions mode). State saved.
2026-07-13 13:48:59,940 [INFO] === CAPITAL RULES ===
2026-07-13 13:48:59,940 [INFO] Total capital: 1000.00 USDT
2026-07-13 13:48:59,940 [INFO] Per-deal budget: 30.00 USDT (3.0% of capital)
2026-07-13 13:48:59,940 [INFO] Base order: 3.29 USDT, up to 4 safety orders
2026-07-13 13:48:59,940 [INFO] Worst-case loss per deal: 3.60 USDT (0.36% of capital)
2026-07-13 13:48:59,940 [INFO] Max total exposure: 6.0% of capital
2026-07-13 13:49:00,068 [WARNING] Bybit price failed (You have breached the ip rate limit or your ip is from the usa. (ErrCode: 403) (ErrTime: 13:49:00).
Request → GET https://api.bybit.com/v5/market/tickers: category=spot&symbol=BTCUSDT.); trying Coinbase
2026-07-13 13:49:00,189 [INFO] BTCUSDT px=62200.8900 avg=63281.9646 tp=64231.1941 sl=55688.1289 next_so=61383.1385 (SO 1/4)
2026-07-13 13:49:00,194 [WARNING] Bybit price failed (You have breached the ip rate limit or your ip is from the usa. (ErrCode: 403) (ErrTime: 13:49:00).
Request → GET https://api.bybit.com/v5/market/tickers: category=spot&symbol=ETHUSDT.); trying Coinbase
2026-07-13 13:49:00,236 [INFO] ETHUSDT px=1764.3700 avg=1799.6400 tp=1826.6346 sl=1583.6832 next_so=1772.6454 (SO 0/4)
2026-07-13 13:49:00,242 [WARNING] Bybit price failed (You have breached the ip rate limit or your ip is from the usa. (ErrCode: 403) (ErrTime: 13:49:00).
Request → GET https://api.bybit.com/v5/market/tickers: category=spot&symbol=ETHUSDT.); trying Coinbase
2026-07-13 13:49:00,314 [INFO] NOTIFY: 🛟 SAFETY ORDER 1/4 ETHUSDT: bought 0.001863 @ 1764.3700. New avg 1781.8305
2026-07-13 13:49:00,685 [INFO] Single tick complete (GitHub Actions mode). State saved.
2026-07-13 16:29:40,623 [INFO] === CAPITAL RULES ===
2026-07-13 16:29:40,623 [INFO] Total capital: 1000.00 USDT
2026-07-13 16:29:40,624 [INFO] Per-deal budget: 30.00 USDT (3.0% of capital)
2026-07-13 16:29:40,624 [INFO] Base order: 3.29 USDT, up to 4 safety orders
2026-07-13 16:29:40,624 [INFO] Worst-case loss per deal: 3.60 USDT (0.36% of capital)
2026-07-13 16:29:40,624 [INFO] Max total exposure: 6.0% of capital
2026-07-13 16:29:40,802 [WARNING] Bybit price failed (You have breached the ip rate limit or your ip is from the usa. (ErrCode: 403) (ErrTime: 16:29:40).
Request → GET https://api.bybit.com/v5/market/tickers: category=spot&symbol=BTCUSDT.); trying Coinbase
2026-07-13 16:29:40,854 [INFO] BTCUSDT px=62247.3250 avg=63281.9646 tp=64231.1941 sl=55688.1289 next_so=61383.1385 (SO 1/4)
2026-07-13 16:29:40,858 [WARNING] Bybit price failed (You have breached the ip rate limit or your ip is from the usa. (ErrCode: 403) (ErrTime: 16:29:40).
Request → GET https://api.bybit.com/v5/market/tickers: category=spot&symbol=ETHUSDT.); trying Coinbase
2026-07-13 16:29:40,911 [INFO] ETHUSDT px=1770.1350 avg=1781.8305 tp=1808.5579 sl=1568.0108 next_so=1727.3182 (SO 1/4)
2026-07-13 16:29:40,912 [INFO] Single tick complete (GitHub Actions mode). State saved.
2026-07-13 18:18:11,463 [INFO] === CAPITAL RULES ===
2026-07-13 18:18:11,463 [INFO] Total capital: 1000.00 USDT
2026-07-13 18:18:11,463 [INFO] Per-deal budget: 30.00 USDT (3.0% of capital)
2026-07-13 18:18:11,463 [INFO] Base order: 3.29 USDT, up to 4 safety orders
2026-07-13 18:18:11,464 [INFO] Worst-case loss per deal: 3.60 USDT (0.36% of capital)
2026-07-13 18:18:11,464 [INFO] Max total exposure: 6.0% of capital
2026-07-13 18:18:11,534 [WARNING] Bybit price failed (You have breached the ip rate limit or your ip is from the usa. (ErrCode: 403) (ErrTime: 18:18:11).
Request → GET https://api.bybit.com/v5/market/tickers: category=spot&symbol=BTCUSDT.); trying Coinbase
2026-07-13 18:18:11,577 [INFO] BTCUSDT px=61825.8850 avg=63281.9646 tp=64231.1941 sl=55688.1289 next_so=61383.1385 (SO 1/4)
2026-07-13 18:18:11,581 [WARNING] Bybit price failed (You have breached the ip rate limit or your ip is from the usa. (ErrCode: 403) (ErrTime: 18:18:11).
Request → GET https://api.bybit.com/v5/market/tickers: category=spot&symbol=ETHUSDT.); trying Coinbase
2026-07-13 18:18:11,695 [INFO] ETHUSDT px=1754.1700 avg=1781.8305 tp=1808.5579 sl=1568.0108 next_so=1727.3182 (SO 1/4)
2026-07-13 18:18:11,696 [INFO] Single tick complete (GitHub Actions mode). State saved.
2026-07-13 19:57:26,841 [INFO] === CAPITAL RULES ===
2026-07-13 19:57:26,842 [INFO] Total capital: 1000.00 USDT
2026-07-13 19:57:26,842 [INFO] Per-deal budget: 30.00 USDT (3.0% of capital)
2026-07-13 19:57:26,842 [INFO] Base order: 3.29 USDT, up to 4 safety orders
2026-07-13 19:57:26,842 [INFO] Worst-case loss per deal: 3.60 USDT (0.36% of capital)
2026-07-13 19:57:26,842 [INFO] Max total exposure: 6.0% of capital
2026-07-13 19:57:26,920 [WARNING] Bybit price failed (You have breached the ip rate limit or your ip is from the usa. (ErrCode: 403) (ErrTime: 19:57:26).
Request → GET https://api.bybit.com/v5/market/tickers: category=spot&symbol=BTCUSDT.); trying Coinbase
2026-07-13 19:57:27,018 [INFO] BTCUSDT px=62196.3150 avg=63281.9646 tp=64231.1941 sl=55688.1289 next_so=61383.1385 (SO 1/4)
2026-07-13 19:57:27,022 [WARNING] Bybit price failed (You have breached the ip rate limit or your ip is from the usa. (ErrCode: 403) (ErrTime: 19:57:27).
Request → GET https://api.bybit.com/v5/market/tickers: category=spot&symbol=ETHUSDT.); trying Coinbase
2026-07-13 19:57:27,090 [INFO] ETHUSDT px=1772.4150 avg=1781.8305 tp=1808.5579 sl=1568.0108 next_so=1727.3182 (SO 1/4)
2026-07-13 19:57:27,091 [INFO] Single tick complete (GitHub Actions mode). State saved.
2026-07-13 20:59:06,842 [INFO] === CAPITAL RULES ===
2026-07-13 20:59:06,842 [INFO] Total capital: 1000.00 USDT
2026-07-13 20:59:06,842 [INFO] Per-deal budget: 30.00 USDT (3.0% of capital)
2026-07-13 20:59:06,842 [INFO] Base order: 3.29 USDT, up to 4 safety orders
2026-07-13 20:59:06,842 [INFO] Worst-case loss per deal: 3.60 USDT (0.36% of capital)
2026-07-13 20:59:06,842 [INFO] Max total exposure: 6.0% of capital
2026-07-13 20:59:06,934 [WARNING] Bybit price failed (You have breached the ip rate limit or your ip is from the usa. (ErrCode: 403) (ErrTime: 20:59:06).
Request → GET https://api.bybit.com/v5/market/tickers: category=spot&symbol=BTCUSDT.); trying Coinbase
2026-07-13 20:59:07,016 [INFO] BTCUSDT px=62123.4400 avg=63281.9646 tp=64231.1941 sl=55688.1289 next_so=61383.1385 (SO 1/4)
2026-07-13 20:59:07,019 [WARNING] Bybit price failed (You have breached the ip rate limit or your ip is from the usa. (ErrCode: 403) (ErrTime: 20:59:07).
Request → GET https://api.bybit.com/v5/market/tickers: category=spot&symbol=ETHUSDT.); trying Coinbase
2026-07-13 20:59:07,080 [INFO] ETHUSDT px=1765.2150 avg=1781.8305 tp=1808.5579 sl=1568.0108 next_so=1727.3182 (SO 1/4)
2026-07-13 20:59:07,080 [INFO] Single tick complete (GitHub Actions mode). State saved.
2026-07-13 22:02:01,386 [INFO] === CAPITAL RULES ===
2026-07-13 22:02:01,386 [INFO] Total capital: 1000.00 USDT
2026-07-13 22:02:01,386 [INFO] Per-deal budget: 30.00 USDT (3.0% of capital)
2026-07-13 22:02:01,387 [INFO] Base order: 3.29 USDT, up to 4 safety orders
2026-07-13 22:02:01,387 [INFO] Worst-case loss per deal: 3.60 USDT (0.36% of capital)
2026-07-13 22:02:01,387 [INFO] Max total exposure: 6.0% of capital
2026-07-13 22:02:01,559 [WARNING] Bybit price failed (You have breached the ip rate limit or your ip is from the usa. (ErrCode: 403) (ErrTime: 22:02:01).
Request → GET https://api.bybit.com/v5/market/tickers: category=spot&symbol=BTCUSDT.); trying Coinbase
2026-07-13 22:02:02,127 [INFO] BTCUSDT px=62062.0950 avg=63281.9646 tp=64231.1941 sl=55688.1289 next_so=61383.1385 (SO 1/4)
2026-07-13 22:02:02,131 [WARNING] Bybit price failed (You have breached the ip rate limit or your ip is from the usa. (ErrCode: 403) (ErrTime: 22:02:02).
Request → GET https://api.bybit.com/v5/market/tickers: category=spot&symbol=ETHUSDT.); trying Coinbase
2026-07-13 22:02:02,191 [INFO] ETHUSDT px=1762.4700 avg=1781.8305 tp=1808.5579 sl=1568.0108 next_so=1727.3182 (SO 1/4)
2026-07-13 22:02:02,192 [INFO] Single tick complete (GitHub Actions mode). State saved.
2026-07-13 23:12:17,690 [INFO] === CAPITAL RULES ===
2026-07-13 23:12:17,690 [INFO] Total capital: 1000.00 USDT
2026-07-13 23:12:17,690 [INFO] Per-deal budget: 30.00 USDT (3.0% of capital)
2026-07-13 23:12:17,690 [INFO] Base order: 3.29 USDT, up to 4 safety orders
2026-07-13 23:12:17,690 [INFO] Worst-case loss per deal: 3.60 USDT (0.36% of capital)
2026-07-13 23:12:17,690 [INFO] Max total exposure: 6.0% of capital
2026-07-13 23:12:17,859 [WARNING] Bybit price failed (You have breached the ip rate limit or your ip is from the usa. (ErrCode: 403) (ErrTime: 23:12:17).
Request → GET https://api.bybit.com/v5/market/tickers: category=spot&symbol=BTCUSDT.); trying Coinbase
2026-07-13 23:12:18,002 [INFO] BTCUSDT px=61981.1550 avg=63281.9646 tp=64231.1941 sl=55688.1289 next_so=61383.1385 (SO 1/4)
2026-07-13 23:12:18,018 [WARNING] Bybit price failed (You have breached the ip rate limit or your ip is from the usa. (ErrCode: 403) (ErrTime: 23:12:18).
Request → GET https://api.bybit.com/v5/market/tickers: category=spot&symbol=ETHUSDT.); trying Coinbase
2026-07-13 23:12:18,061 [INFO] ETHUSDT px=1759.3000 avg=1781.8305 tp=1808.5579 sl=1568.0108 next_so=1727.3182 (SO 1/4)
2026-07-13 23:12:18,062 [INFO] Single tick complete (GitHub Actions mode). State saved.
2026-07-14 00:07:49,859 [INFO] === CAPITAL RULES ===
2026-07-14 00:07:49,859 [INFO] Total capital: 1000.00 USDT
2026-07-14 00:07:49,859 [INFO] Per-deal budget: 30.00 USDT (3.0% of capital)
2026-07-14 00:07:49,859 [INFO] Base order: 3.29 USDT, up to 4 safety orders
2026-07-14 00:07:49,859 [INFO] Worst-case loss per deal: 3.60 USDT (0.36% of capital)
2026-07-14 00:07:49,859 [INFO] Max total exposure: 6.0% of capital
2026-07-14 00:07:49,922 [WARNING] Bybit price failed (You have breached the ip rate limit or your ip is from the usa. (ErrCode: 403) (ErrTime: 00:07:49).
Request → GET https://api.bybit.com/v5/market/tickers: category=spot&symbol=BTCUSDT.); trying Coinbase
2026-07-14 00:07:49,990 [INFO] BTCUSDT px=62201.6850 avg=63281.9646 tp=64231.1941 sl=55688.1289 next_so=61383.1385 (SO 1/4)
2026-07-14 00:07:49,995 [WARNING] Bybit price failed (You have breached the ip rate limit or your ip is from the usa. (ErrCode: 403) (ErrTime: 00:07:49).
Request → GET https://api.bybit.com/v5/market/tickers: category=spot&symbol=ETHUSDT.); trying Coinbase
2026-07-14 00:07:50,027 [INFO] ETHUSDT px=1771.6050 avg=1781.8305 tp=1808.5579 sl=1568.0108 next_so=1727.3182 (SO 1/4)
2026-07-14 00:07:50,028 [INFO] Single tick complete (GitHub Actions mode). State saved.
2026-07-14 03:32:23,834 [INFO] === CAPITAL RULES ===
2026-07-14 03:32:23,834 [INFO] Total capital: 1000.00 USDT
2026-07-14 03:32:23,834 [INFO] Per-deal budget: 30.00 USDT (3.0% of capital)
2026-07-14 03:32:23,834 [INFO] Base order: 3.29 USDT, up to 4 safety orders
2026-07-14 03:32:23,834 [INFO] Worst-case loss per deal: 3.60 USDT (0.36% of capital)
2026-07-14 03:32:23,834 [INFO] Max total exposure: 6.0% of capital
2026-07-14 03:32:24,022 [WARNING] Bybit price failed (You have breached the ip rate limit or your ip is from the usa. (ErrCode: 403) (ErrTime: 03:32:24).
Request → GET https://api.bybit.com/v5/market/tickers: category=spot&symbol=BTCUSDT.); trying Coinbase
2026-07-14 03:32:24,139 [INFO] BTCUSDT px=62415.9950 avg=63281.9646 tp=64231.1941 sl=55688.1289 next_so=61383.1385 (SO 1/4)
2026-07-14 03:32:24,158 [WARNING] Bybit price failed (You have breached the ip rate limit or your ip is from the usa. (ErrCode: 403) (ErrTime: 03:32:24).
Request → GET https://api.bybit.com/v5/market/tickers: category=spot&symbol=ETHUSDT.); trying Coinbase
2026-07-14 03:32:24,257 [INFO] ETHUSDT px=1778.5950 avg=1781.8305 tp=1808.5579 sl=1568.0108 next_so=1727.3182 (SO 1/4)
2026-07-14 03:32:24,257 [INFO] Single tick complete (GitHub Actions mode). State saved.
2026-07-14 05:56:26,386 [INFO] === CAPITAL RULES ===
2026-07-14 05:56:26,386 [INFO] Total capital: 1000.00 USDT
2026-07-14 05:56:26,386 [INFO] Per-deal budget: 30.00 USDT (3.0% of capital)
2026-07-14 05:56:26,386 [INFO] Base order: 3.29 USDT, up to 4 safety orders
2026-07-14 05:56:26,386 [INFO] Worst-case loss per deal: 3.60 USDT (0.36% of capital)
2026-07-14 05:56:26,386 [INFO] Max total exposure: 6.0% of capital
2026-07-14 05:56:26,522 [WARNING] Bybit price failed (You have breached the ip rate limit or your ip is from the usa. (ErrCode: 403) (ErrTime: 05:56:26).
Request → GET https://api.bybit.com/v5/market/tickers: category=spot&symbol=BTCUSDT.); trying Coinbase
2026-07-14 05:56:26,596 [INFO] BTCUSDT px=62649.1150 avg=63281.9646 tp=64231.1941 sl=55688.1289 next_so=61383.1385 (SO 1/4)
2026-07-14 05:56:26,600 [WARNING] Bybit price failed (You have breached the ip rate limit or your ip is from the usa. (ErrCode: 403) (ErrTime: 05:56:26).
Request → GET https://api.bybit.com/v5/market/tickers: category=spot&symbol=ETHUSDT.); trying Coinbase
2026-07-14 05:56:26,640 [INFO] ETHUSDT px=1784.8450 avg=1781.8305 tp=1808.5579 sl=1568.0108 next_so=1727.3182 (SO 1/4)
2026-07-14 05:56:26,640 [INFO] Single tick complete (GitHub Actions mode). State saved.
2026-07-14 08:05:32,748 [INFO] === CAPITAL RULES ===
2026-07-14 08:05:32,748 [INFO] Total capital: 1000.00 USDT
2026-07-14 08:05:32,748 [INFO] Per-deal budget: 30.00 USDT (3.0% of capital)
2026-07-14 08:05:32,748 [INFO] Base order: 3.29 USDT, up to 4 safety orders
2026-07-14 08:05:32,748 [INFO] Worst-case loss per deal: 3.60 USDT (0.36% of capital)
2026-07-14 08:05:32,748 [INFO] Max total exposure: 6.0% of capital
2026-07-14 08:05:32,992 [WARNING] Bybit price failed (You have breached the ip rate limit or your ip is from the usa. (ErrCode: 403) (ErrTime: 08:05:32).
Request → GET https://api.bybit.com/v5/market/tickers: category=spot&symbol=BTCUSDT.); trying Coinbase
2026-07-14 08:05:33,137 [INFO] BTCUSDT px=62496.0150 avg=63281.9646 tp=64231.1941 sl=55688.1289 next_so=61383.1385 (SO 1/4)
2026-07-14 08:05:33,141 [WARNING] Bybit price failed (You have breached the ip rate limit or your ip is from the usa. (ErrCode: 403) (ErrTime: 08:05:33).
Request → GET https://api.bybit.com/v5/market/tickers: category=spot&symbol=ETHUSDT.); trying Coinbase
2026-07-14 08:05:33,178 [INFO] ETHUSDT px=1780.4350 avg=1781.8305 tp=1808.5579 sl=1568.0108 next_so=1727.3182 (SO 1/4)
2026-07-14 08:05:33,179 [INFO] Single tick complete (GitHub Actions mode). State saved.
2026-07-14 10:09:39,616 [INFO] === CAPITAL RULES ===
2026-07-14 10:09:39,616 [INFO] Total capital: 1000.00 USDT
2026-07-14 10:09:39,616 [INFO] Per-deal budget: 30.00 USDT (3.0% of capital)
2026-07-14 10:09:39,616 [INFO] Base order: 3.29 USDT, up to 4 safety orders
2026-07-14 10:09:39,616 [INFO] Worst-case loss per deal: 3.60 USDT (0.36% of capital)
2026-07-14 10:09:39,616 [INFO] Max total exposure: 6.0% of capital
2026-07-14 10:09:39,751 [WARNING] Bybit price failed (You have breached the ip rate limit or your ip is from the usa. (ErrCode: 403) (ErrTime: 10:09:39).
Request → GET https://api.bybit.com/v5/market/tickers: category=spot&symbol=BTCUSDT.); trying Coinbase
2026-07-14 10:09:39,821 [INFO] BTCUSDT px=62640.8050 avg=63281.9646 tp=64231.1941 sl=55688.1289 next_so=61383.1385 (SO 1/4)
2026-07-14 10:09:39,825 [WARNING] Bybit price failed (You have breached the ip rate limit or your ip is from the usa. (ErrCode: 403) (ErrTime: 10:09:39).
Request → GET https://api.bybit.com/v5/market/tickers: category=spot&symbol=ETHUSDT.); trying Coinbase
2026-07-14 10:09:39,892 [INFO] ETHUSDT px=1787.7800 avg=1781.8305 tp=1808.5579 sl=1568.0108 next_so=1727.3182 (SO 1/4)
2026-07-14 10:09:39,893 [INFO] Single tick complete (GitHub Actions mode). State saved.
2026-07-14 11:43:46,669 [INFO] === CAPITAL RULES ===
2026-07-14 11:43:46,669 [INFO] Total capital: 1000.00 USDT
2026-07-14 11:43:46,669 [INFO] Per-deal budget: 30.00 USDT (3.0% of capital)
2026-07-14 11:43:46,669 [INFO] Base order: 3.29 USDT, up to 4 safety orders
2026-07-14 11:43:46,669 [INFO] Worst-case loss per deal: 3.60 USDT (0.36% of capital)
2026-07-14 11:43:46,669 [INFO] Max total exposure: 6.0% of capital
2026-07-14 11:43:46,863 [WARNING] Bybit price failed (You have breached the ip rate limit or your ip is from the usa. (ErrCode: 403) (ErrTime: 11:43:46).
Request → GET https://api.bybit.com/v5/market/tickers: category=spot&symbol=BTCUSDT.); trying Coinbase
2026-07-14 11:43:46,977 [INFO] BTCUSDT px=62789.9750 avg=63281.9646 tp=64231.1941 sl=55688.1289 next_so=61383.1385 (SO 1/4)
2026-07-14 11:43:46,981 [WARNING] Bybit price failed (You have breached the ip rate limit or your ip is from the usa. (ErrCode: 403) (ErrTime: 11:43:46).
Request → GET https://api.bybit.com/v5/market/tickers: category=spot&symbol=ETHUSDT.); trying Coinbase
2026-07-14 11:43:47,044 [INFO] ETHUSDT px=1796.3550 avg=1781.8305 tp=1808.5579 sl=1568.0108 next_so=1727.3182 (SO 1/4)
2026-07-14 11:43:47,044 [INFO] Single tick complete (GitHub Actions mode). State saved.
2026-07-14 12:53:04,685 [INFO] === CAPITAL RULES ===
2026-07-14 12:53:04,685 [INFO] Total capital: 1000.00 USDT
2026-07-14 12:53:04,685 [INFO] Per-deal budget: 30.00 USDT (3.0% of capital)
2026-07-14 12:53:04,685 [INFO] Base order: 3.29 USDT, up to 4 safety orders
2026-07-14 12:53:04,685 [INFO] Worst-case loss per deal: 3.60 USDT (0.36% of capital)
2026-07-14 12:53:04,685 [INFO] Max total exposure: 6.0% of capital
2026-07-14 12:53:04,883 [WARNING] Bybit price failed (You have breached the ip rate limit or your ip is from the usa. (ErrCode: 403) (ErrTime: 12:53:04).
Request → GET https://api.bybit.com/v5/market/tickers: category=spot&symbol=BTCUSDT.); trying Coinbase
2026-07-14 12:53:04,929 [INFO] BTCUSDT px=63759.0950 avg=63281.9646 tp=64231.1941 sl=55688.1289 next_so=61383.1385 (SO 1/4)
2026-07-14 12:53:04,934 [WARNING] Bybit price failed (You have breached the ip rate limit or your ip is from the usa. (ErrCode: 403) (ErrTime: 12:53:04).
Request → GET https://api.bybit.com/v5/market/tickers: category=spot&symbol=ETHUSDT.); trying Coinbase
2026-07-14 12:53:04,982 [INFO] ETHUSDT px=1845.2600 avg=1781.8305 tp=1808.5579 sl=1568.0108 next_so=1727.3182 (SO 1/4)
2026-07-14 12:53:04,986 [WARNING] Bybit price failed (You have breached the ip rate limit or your ip is from the usa. (ErrCode: 403) (ErrTime: 12:53:04).
Request → GET https://api.bybit.com/v5/market/tickers: category=spot&symbol=ETHUSDT.); trying Coinbase
2026-07-14 12:53:05,031 [INFO] NOTIFY: ✅ CLOSED ETHUSDT (take_profit): PnL +0.23 USDT | Cumulative: +0.23 USDT
2026-07-14 12:53:05,484 [INFO] Single tick complete (GitHub Actions mode). State saved.
2026-07-14 14:47:01,204 [INFO] === CAPITAL RULES ===
2026-07-14 14:47:01,204 [INFO] Total capital: 1000.00 USDT
2026-07-14 14:47:01,204 [INFO] Per-deal budget: 30.00 USDT (3.0% of capital)
2026-07-14 14:47:01,204 [INFO] Base order: 3.29 USDT, up to 4 safety orders
2026-07-14 14:47:01,204 [INFO] Worst-case loss per deal: 3.60 USDT (0.36% of capital)
2026-07-14 14:47:01,204 [INFO] Max total exposure: 6.0% of capital
2026-07-14 14:47:01,282 [WARNING] Bybit price failed (You have breached the ip rate limit or your ip is from the usa. (ErrCode: 403) (ErrTime: 14:47:01).
Request → GET https://api.bybit.com/v5/market/tickers: category=spot&symbol=BTCUSDT.); trying Coinbase
2026-07-14 14:47:01,326 [INFO] BTCUSDT px=63914.2450 avg=63281.9646 tp=64231.1941 sl=55688.1289 next_so=61383.1385 (SO 1/4)
2026-07-14 14:47:01,329 [WARNING] Bybit price failed (You have breached the ip rate limit or your ip is from the usa. (ErrCode: 403) (ErrTime: 14:47:01).
Request → GET https://api.bybit.com/v5/market/tickers: category=spot&symbol=ETHUSDT.); trying Coinbase
2026-07-14 14:47:01,370 [WARNING] Bybit price failed (You have breached the ip rate limit or your ip is from the usa. (ErrCode: 403) (ErrTime: 14:47:01).
Request → GET https://api.bybit.com/v5/market/tickers: category=spot&symbol=ETHUSDT.); trying Coinbase
2026-07-14 14:47:01,424 [WARNING] Bybit price failed (You have breached the ip rate limit or your ip is from the usa. (ErrCode: 403) (ErrTime: 14:47:01).
Request → GET https://api.bybit.com/v5/market/tickers: category=spot&symbol=ETHUSDT.); trying Coinbase
2026-07-14 14:47:01,470 [INFO] NOTIFY: 🟢 OPENED ETHUSDT deal: 0.001758 @ 1869.1100 (3.29 USDT)
2026-07-14 14:47:02,064 [INFO] Single tick complete (GitHub Actions mode). State saved.
2026-07-14 16:11:34,559 [INFO] === CAPITAL RULES ===
2026-07-14 16:11:34,559 [INFO] Total capital: 1000.00 USDT
2026-07-14 16:11:34,559 [INFO] Per-deal budget: 30.00 USDT (3.0% of capital)
2026-07-14 16:11:34,559 [INFO] Base order: 3.29 USDT, up to 4 safety orders
2026-07-14 16:11:34,559 [INFO] Worst-case loss per deal: 3.60 USDT (0.36% of capital)
2026-07-14 16:11:34,559 [INFO] Max total exposure: 6.0% of capital
2026-07-14 16:11:34,643 [WARNING] Bybit price failed (You have breached the ip rate limit or your ip is from the usa. (ErrCode: 403) (ErrTime: 16:11:34).
Request → GET https://api.bybit.com/v5/market/tickers: category=spot&symbol=BTCUSDT.); trying Coinbase
2026-07-14 16:11:35,805 [INFO] BTCUSDT px=64808.1650 avg=63281.9646 tp=64231.1941 sl=55688.1289 next_so=61383.1385 (SO 1/4)
2026-07-14 16:11:35,809 [WARNING] Bybit price failed (You have breached the ip rate limit or your ip is from the usa. (ErrCode: 403) (ErrTime: 16:11:35).
Request → GET https://api.bybit.com/v5/market/tickers: category=spot&symbol=BTCUSDT.); trying Coinbase
2026-07-14 16:11:35,932 [INFO] NOTIFY: ✅ CLOSED BTCUSDT (take_profit): PnL +0.15 USDT | Cumulative: +0.38 USDT
2026-07-14 16:11:36,391 [WARNING] Bybit price failed (You have breached the ip rate limit or your ip is from the usa. (ErrCode: 403) (ErrTime: 16:11:36).
Request → GET https://api.bybit.com/v5/market/tickers: category=spot&symbol=ETHUSDT.); trying Coinbase
2026-07-14 16:11:37,955 [INFO] ETHUSDT px=1874.3300 avg=1869.1100 tp=1897.1466 sl=1644.8168 next_so=1841.0733 (SO 0/4)
2026-07-14 16:11:37,956 [INFO] Single tick complete (GitHub Actions mode). State saved.
2026-07-14 17:34:37,387 [INFO] === CAPITAL RULES ===
2026-07-14 17:34:37,387 [INFO] Total capital: 1000.00 USDT
2026-07-14 17:34:37,387 [INFO] Per-deal budget: 30.00 USDT (3.0% of capital)
2026-07-14 17:34:37,387 [INFO] Base order: 3.29 USDT, up to 4 safety orders
2026-07-14 17:34:37,387 [INFO] Worst-case loss per deal: 3.60 USDT (0.36% of capital)
2026-07-14 17:34:37,387 [INFO] Max total exposure: 6.0% of capital
2026-07-14 17:34:37,465 [WARNING] Bybit price failed (You have breached the ip rate limit or your ip is from the usa. (ErrCode: 403) (ErrTime: 17:34:37).
Request → GET https://api.bybit.com/v5/market/tickers: category=spot&symbol=BTCUSDT.); trying Coinbase
2026-07-14 17:34:37,557 [WARNING] Bybit price failed (You have breached the ip rate limit or your ip is from the usa. (ErrCode: 403) (ErrTime: 17:34:37).
Request → GET https://api.bybit.com/v5/market/tickers: category=spot&symbol=BTCUSDT.); trying Coinbase
2026-07-14 17:34:37,620 [WARNING] Bybit price failed (You have breached the ip rate limit or your ip is from the usa. (ErrCode: 403) (ErrTime: 17:34:37).
Request → GET https://api.bybit.com/v5/market/tickers: category=spot&symbol=BTCUSDT.); trying Coinbase
2026-07-14 17:34:37,677 [INFO] NOTIFY: 🟢 OPENED BTCUSDT deal: 0.000051 @ 64409.9950 (3.29 USDT)
2026-07-14 17:34:38,304 [WARNING] Bybit price failed (You have breached the ip rate limit or your ip is from the usa. (ErrCode: 403) (ErrTime: 17:34:38).
Request → GET https://api.bybit.com/v5/market/tickers: category=spot&symbol=ETHUSDT.); trying Coinbase
2026-07-14 17:34:38,377 [INFO] ETHUSDT px=1866.1350 avg=1869.1100 tp=1897.1466 sl=1644.8168 next_so=1841.0733 (SO 0/4)
2026-07-14 17:34:38,377 [INFO] Single tick complete (GitHub Actions mode). State saved.
2026-07-14 18:46:50,447 [INFO] === CAPITAL RULES ===
2026-07-14 18:46:50,447 [INFO] Total capital: 1000.00 USDT
2026-07-14 18:46:50,447 [INFO] Per-deal budget: 30.00 USDT (3.0% of capital)
2026-07-14 18:46:50,447 [INFO] Base order: 3.29 USDT, up to 4 safety orders
2026-07-14 18:46:50,447 [INFO] Worst-case loss per deal: 3.60 USDT (0.36% of capital)
2026-07-14 18:46:50,447 [INFO] Max total exposure: 6.0% of capital
2026-07-14 18:46:50,616 [WARNING] Bybit price failed (You have breached the ip rate limit or your ip is from the usa. (ErrCode: 403) (ErrTime: 18:46:50).
Request → GET https://api.bybit.com/v5/market/tickers: category=spot&symbol=BTCUSDT.); trying Coinbase
2026-07-14 18:46:50,725 [INFO] BTCUSDT px=64570.1750 avg=64409.9950 tp=65376.1449 sl=56680.7956 next_so=63443.8451 (SO 0/4)
2026-07-14 18:46:50,729 [WARNING] Bybit price failed (You have breached the ip rate limit or your ip is from the usa. (ErrCode: 403) (ErrTime: 18:46:50).
Request → GET https://api.bybit.com/v5/market/tickers: category=spot&symbol=ETHUSDT.); trying Coinbase
2026-07-14 18:46:50,795 [INFO] ETHUSDT px=1873.1750 avg=1869.1100 tp=1897.1466 sl=1644.8168 next_so=1841.0733 (SO 0/4)
2026-07-14 18:46:50,796 [INFO] Single tick complete (GitHub Actions mode). State saved.
2026-07-14 20:08:14,981 [INFO] === CAPITAL RULES ===
2026-07-14 20:08:14,981 [INFO] Total capital: 1000.00 USDT
2026-07-14 20:08:14,981 [INFO] Per-deal budget: 30.00 USDT (3.0% of capital)
2026-07-14 20:08:14,981 [INFO] Base order: 3.29 USDT, up to 4 safety orders
2026-07-14 20:08:14,982 [INFO] Worst-case loss per deal: 3.60 USDT (0.36% of capital)
2026-07-14 20:08:14,982 [INFO] Max total exposure: 6.0% of capital
2026-07-14 20:08:15,125 [WARNING] Bybit price failed (You have breached the ip rate limit or your ip is from the usa. (ErrCode: 403) (ErrTime: 20:08:15).
Request → GET https://api.bybit.com/v5/market/tickers: category=spot&symbol=BTCUSDT.); trying Coinbase
2026-07-14 20:08:15,174 [INFO] BTCUSDT px=64439.5300 avg=64409.9950 tp=65376.1449 sl=56680.7956 next_so=63443.8451 (SO 0/4)
2026-07-14 20:08:15,180 [WARNING] Bybit price failed (You have breached the ip rate limit or your ip is from the usa. (ErrCode: 403) (ErrTime: 20:08:15).
Request → GET https://api.bybit.com/v5/market/tickers: category=spot&symbol=ETHUSDT.); trying Coinbase
2026-07-14 20:08:15,225 [INFO] ETHUSDT px=1875.0150 avg=1869.1100 tp=1897.1466 sl=1644.8168 next_so=1841.0733 (SO 0/4)
2026-07-14 20:08:15,226 [INFO] Single tick complete (GitHub Actions mode). State saved.
2026-07-14 21:14:15,545 [INFO] === CAPITAL RULES ===
2026-07-14 21:14:15,546 [INFO] Total capital: 1000.00 USDT
2026-07-14 21:14:15,546 [INFO] Per-deal budget: 30.00 USDT (3.0% of capital)
2026-07-14 21:14:15,546 [INFO] Base order: 3.29 USDT, up to 4 safety orders
2026-07-14 21:14:15,546 [INFO] Worst-case loss per deal: 3.60 USDT (0.36% of capital)
2026-07-14 21:14:15,546 [INFO] Max total exposure: 6.0% of capital
2026-07-14 21:14:15,749 [WARNING] Bybit price failed (You have breached the ip rate limit or your ip is from the usa. (ErrCode: 403) (ErrTime: 21:14:15).
Request → GET https://api.bybit.com/v5/market/tickers: category=spot&symbol=BTCUSDT.); trying Coinbase
2026-07-14 21:14:15,805 [INFO] BTCUSDT px=64567.5150 avg=64409.9950 tp=65376.1449 sl=56680.7956 next_so=63443.8451 (SO 0/4)
2026-07-14 21:14:15,809 [WARNING] Bybit price failed (You have breached the ip rate limit or your ip is from the usa. (ErrCode: 403) (ErrTime: 21:14:15).
Request → GET https://api.bybit.com/v5/market/tickers: category=spot&symbol=ETHUSDT.); trying Coinbase
2026-07-14 21:14:15,909 [INFO] ETHUSDT px=1877.1550 avg=1869.1100 tp=1897.1466 sl=1644.8168 next_so=1841.0733 (SO 0/4)
2026-07-14 21:14:15,910 [INFO] Single tick complete (GitHub Actions mode). State saved.
2026-07-14 22:15:17,040 [INFO] === CAPITAL RULES ===
2026-07-14 22:15:17,041 [INFO] Total capital: 1000.00 USDT
2026-07-14 22:15:17,041 [INFO] Per-deal budget: 30.00 USDT (3.0% of capital)
2026-07-14 22:15:17,041 [INFO] Base order: 3.29 USDT, up to 4 safety orders
2026-07-14 22:15:17,041 [INFO] Worst-case loss per deal: 3.60 USDT (0.36% of capital)
2026-07-14 22:15:17,041 [INFO] Max total exposure: 6.0% of capital
2026-07-14 22:15:17,169 [WARNING] Bybit price failed (You have breached the ip rate limit or your ip is from the usa. (ErrCode: 403) (ErrTime: 22:15:17).
Request → GET https://api.bybit.com/v5/market/tickers: category=spot&symbol=BTCUSDT.); trying Coinbase
2026-07-14 22:15:17,215 [INFO] BTCUSDT px=64506.2650 avg=64409.9950 tp=65376.1449 sl=56680.7956 next_so=63443.8451 (SO 0/4)
2026-07-14 22:15:17,219 [WARNING] Bybit price failed (You have breached the ip rate limit or your ip is from the usa. (ErrCode: 403) (ErrTime: 22:15:17).
Request → GET https://api.bybit.com/v5/market/tickers: category=spot&symbol=ETHUSDT.); trying Coinbase
2026-07-14 22:15:17,262 [INFO] ETHUSDT px=1871.8650 avg=1869.1100 tp=1897.1466 sl=1644.8168 next_so=1841.0733 (SO 0/4)
2026-07-14 22:15:17,262 [INFO] Single tick complete (GitHub Actions mode). State saved.
2026-07-14 23:24:02,374 [INFO] === CAPITAL RULES ===
2026-07-14 23:24:02,375 [INFO] Total capital: 1000.00 USDT
2026-07-14 23:24:02,375 [INFO] Per-deal budget: 30.00 USDT (3.0% of capital)
2026-07-14 23:24:02,375 [INFO] Base order: 3.29 USDT, up to 4 safety orders
2026-07-14 23:24:02,375 [INFO] Worst-case loss per deal: 3.60 USDT (0.36% of capital)
2026-07-14 23:24:02,375 [INFO] Max total exposure: 6.0% of capital
2026-07-14 23:24:02,453 [WARNING] Bybit price failed (You have breached the ip rate limit or your ip is from the usa. (ErrCode: 403) (ErrTime: 23:24:02).
Request → GET https://api.bybit.com/v5/market/tickers: category=spot&symbol=BTCUSDT.); trying Coinbase
2026-07-14 23:24:02,513 [INFO] BTCUSDT px=64854.0350 avg=64409.9950 tp=65376.1449 sl=56680.7956 next_so=63443.8451 (SO 0/4)
2026-07-14 23:24:02,517 [WARNING] Bybit price failed (You have breached the ip rate limit or your ip is from the usa. (ErrCode: 403) (ErrTime: 23:24:02).
Request → GET https://api.bybit.com/v5/market/tickers: category=spot&symbol=ETHUSDT.); trying Coinbase
2026-07-14 23:24:02,552 [INFO] ETHUSDT px=1883.5250 avg=1869.1100 tp=1897.1466 sl=1644.8168 next_so=1841.0733 (SO 0/4)
2026-07-14 23:24:02,552 [INFO] Single tick complete (GitHub Actions mode). State saved.
2026-07-15 00:12:51,725 [INFO] === CAPITAL RULES ===
2026-07-15 00:12:51,725 [INFO] Total capital: 1000.00 USDT
2026-07-15 00:12:51,726 [INFO] Per-deal budget: 30.00 USDT (3.0% of capital)
2026-07-15 00:12:51,726 [INFO] Base order: 3.29 USDT, up to 4 safety orders
2026-07-15 00:12:51,726 [INFO] Worst-case loss per deal: 3.60 USDT (0.36% of capital)
2026-07-15 00:12:51,726 [INFO] Max total exposure: 6.0% of capital
2026-07-15 00:12:51,873 [WARNING] Bybit price failed (You have breached the ip rate limit or your ip is from the usa. (ErrCode: 403) (ErrTime: 00:12:51).
Request → GET https://api.bybit.com/v5/market/tickers: category=spot&symbol=BTCUSDT.); trying Coinbase
2026-07-15 00:12:51,922 [INFO] BTCUSDT px=64933.6050 avg=64409.9950 tp=65376.1449 sl=56680.7956 next_so=63443.8451 (SO 0/4)
2026-07-15 00:12:51,926 [WARNING] Bybit price failed (You have breached the ip rate limit or your ip is from the usa. (ErrCode: 403) (ErrTime: 00:12:51).
Request → GET https://api.bybit.com/v5/market/tickers: category=spot&symbol=ETHUSDT.); trying Coinbase
2026-07-15 00:12:51,965 [INFO] ETHUSDT px=1887.1250 avg=1869.1100 tp=1897.1466 sl=1644.8168 next_so=1841.0733 (SO 0/4)
2026-07-15 00:12:51,965 [INFO] Single tick complete (GitHub Actions mode). State saved.
2026-07-15 03:36:52,066 [INFO] === CAPITAL RULES ===
2026-07-15 03:36:52,066 [INFO] Total capital: 1000.00 USDT
2026-07-15 03:36:52,066 [INFO] Per-deal budget: 30.00 USDT (3.0% of capital)
2026-07-15 03:36:52,066 [INFO] Base order: 3.29 USDT, up to 4 safety orders
2026-07-15 03:36:52,066 [INFO] Worst-case loss per deal: 3.60 USDT (0.36% of capital)
2026-07-15 03:36:52,066 [INFO] Max total exposure: 6.0% of capital
2026-07-15 03:36:52,134 [WARNING] Bybit price failed (You have breached the ip rate limit or your ip is from the usa. (ErrCode: 403) (ErrTime: 03:36:52).
Request → GET https://api.bybit.com/v5/market/tickers: category=spot&symbol=BTCUSDT.); trying Coinbase
2026-07-15 03:36:52,179 [INFO] BTCUSDT px=64670.0250 avg=64409.9950 tp=65376.1449 sl=56680.7956 next_so=63443.8451 (SO 0/4)
2026-07-15 03:36:52,183 [WARNING] Bybit price failed (You have breached the ip rate limit or your ip is from the usa. (ErrCode: 403) (ErrTime: 03:36:52).
Request → GET https://api.bybit.com/v5/market/tickers: category=spot&symbol=ETHUSDT.); trying Coinbase
2026-07-15 03:36:52,234 [INFO] ETHUSDT px=1872.0050 avg=1869.1100 tp=1897.1466 sl=1644.8168 next_so=1841.0733 (SO 0/4)
2026-07-15 03:36:52,235 [INFO] Single tick complete (GitHub Actions mode). State saved.
2026-07-15 05:58:48,916 [INFO] === CAPITAL RULES ===
2026-07-15 05:58:48,916 [INFO] Total capital: 1000.00 USDT
2026-07-15 05:58:48,916 [INFO] Per-deal budget: 30.00 USDT (3.0% of capital)
2026-07-15 05:58:48,916 [INFO] Base order: 3.29 USDT, up to 4 safety orders
2026-07-15 05:58:48,916 [INFO] Worst-case loss per deal: 3.60 USDT (0.36% of capital)
2026-07-15 05:58:48,916 [INFO] Max total exposure: 6.0% of capital
2026-07-15 05:58:49,047 [WARNING] Bybit price failed (You have breached the ip rate limit or your ip is from the usa. (ErrCode: 403) (ErrTime: 05:58:49).
Request → GET https://api.bybit.com/v5/market/tickers: category=spot&symbol=BTCUSDT.); trying Coinbase
2026-07-15 05:58:49,108 [INFO] BTCUSDT px=64872.2950 avg=64409.9950 tp=65376.1449 sl=56680.7956 next_so=63443.8451 (SO 0/4)
2026-07-15 05:58:49,116 [WARNING] Bybit price failed (You have breached the ip rate limit or your ip is from the usa. (ErrCode: 403) (ErrTime: 05:58:49).
Request → GET https://api.bybit.com/v5/market/tickers: category=spot&symbol=ETHUSDT.); trying Coinbase
2026-07-15 05:58:49,163 [INFO] ETHUSDT px=1880.9250 avg=1869.1100 tp=1897.1466 sl=1644.8168 next_so=1841.0733 (SO 0/4)
2026-07-15 05:58:49,164 [INFO] Single tick complete (GitHub Actions mode). State saved.
2026-07-15 08:26:44,181 [INFO] === CAPITAL RULES ===
2026-07-15 08:26:44,182 [INFO] Total capital: 1000.00 USDT
2026-07-15 08:26:44,182 [INFO] Per-deal budget: 30.00 USDT (3.0% of capital)
2026-07-15 08:26:44,182 [INFO] Base order: 3.29 USDT, up to 4 safety orders
2026-07-15 08:26:44,182 [INFO] Worst-case loss per deal: 3.60 USDT (0.36% of capital)
2026-07-15 08:26:44,182 [INFO] Max total exposure: 6.0% of capital
2026-07-15 08:26:44,241 [WARNING] Bybit price failed (You have breached the ip rate limit or your ip is from the usa. (ErrCode: 403) (ErrTime: 08:26:44).
Request → GET https://api.bybit.com/v5/market/tickers: category=spot&symbol=BTCUSDT.); trying Coinbase
2026-07-15 08:26:44,283 [INFO] BTCUSDT px=64564.3900 avg=64409.9950 tp=65376.1449 sl=56680.7956 next_so=63443.8451 (SO 0/4)
2026-07-15 08:26:44,286 [WARNING] Bybit price failed (You have breached the ip rate limit or your ip is from the usa. (ErrCode: 403) (ErrTime: 08:26:44).
Request → GET https://api.bybit.com/v5/market/tickers: category=spot&symbol=ETHUSDT.); trying Coinbase
2026-07-15 08:26:44,384 [INFO] ETHUSDT px=1872.4500 avg=1869.1100 tp=1897.1466 sl=1644.8168 next_so=1841.0733 (SO 0/4)
2026-07-15 08:26:44,384 [INFO] Single tick complete (GitHub Actions mode). State saved.
2026-07-15 10:20:45,050 [INFO] === CAPITAL RULES ===
2026-07-15 10:20:45,050 [INFO] Total capital: 1000.00 USDT
2026-07-15 10:20:45,050 [INFO] Per-deal budget: 30.00 USDT (3.0% of capital)
2026-07-15 10:20:45,050 [INFO] Base order: 3.29 USDT, up to 4 safety orders
2026-07-15 10:20:45,050 [INFO] Worst-case loss per deal: 3.60 USDT (0.36% of capital)
2026-07-15 10:20:45,050 [INFO] Max total exposure: 6.0% of capital
2026-07-15 10:20:45,202 [WARNING] Bybit price failed (You have breached the ip rate limit or your ip is from the usa. (ErrCode: 403) (ErrTime: 10:20:45).
Request → GET https://api.bybit.com/v5/market/tickers: category=spot&symbol=BTCUSDT.); trying Coinbase
2026-07-15 10:20:45,262 [INFO] BTCUSDT px=64711.4650 avg=64409.9950 tp=65376.1449 sl=56680.7956 next_so=63443.8451 (SO 0/4)
2026-07-15 10:20:45,270 [WARNING] Bybit price failed (You have breached the ip rate limit or your ip is from the usa. (ErrCode: 403) (ErrTime: 10:20:45).
Request → GET https://api.bybit.com/v5/market/tickers: category=spot&symbol=ETHUSDT.); trying Coinbase
2026-07-15 10:20:45,327 [INFO] ETHUSDT px=1882.1050 avg=1869.1100 tp=1897.1466 sl=1644.8168 next_so=1841.0733 (SO 0/4)
2026-07-15 10:20:45,328 [INFO] Single tick complete (GitHub Actions mode). State saved.
2026-07-15 11:57:12,094 [INFO] === CAPITAL RULES ===
2026-07-15 11:57:12,094 [INFO] Total capital: 1000.00 USDT
2026-07-15 11:57:12,095 [INFO] Per-deal budget: 30.00 USDT (3.0% of capital)
2026-07-15 11:57:12,095 [INFO] Base order: 3.29 USDT, up to 4 safety orders
2026-07-15 11:57:12,095 [INFO] Worst-case loss per deal: 3.60 USDT (0.36% of capital)
2026-07-15 11:57:12,095 [INFO] Max total exposure: 6.0% of capital
2026-07-15 11:57:12,231 [WARNING] Bybit price failed (You have breached the ip rate limit or your ip is from the usa. (ErrCode: 403) (ErrTime: 11:57:12).
Request → GET https://api.bybit.com/v5/market/tickers: category=spot&symbol=BTCUSDT.); trying Coinbase
2026-07-15 11:57:12,279 [INFO] BTCUSDT px=64685.3450 avg=64409.9950 tp=65376.1449 sl=56680.7956 next_so=63443.8451 (SO 0/4)
2026-07-15 11:57:12,284 [WARNING] Bybit price failed (You have breached the ip rate limit or your ip is from the usa. (ErrCode: 403) (ErrTime: 11:57:12).
Request → GET https://api.bybit.com/v5/market/tickers: category=spot&symbol=ETHUSDT.); trying Coinbase
2026-07-15 11:57:12,327 [INFO] ETHUSDT px=1883.1100 avg=1869.1100 tp=1897.1466 sl=1644.8168 next_so=1841.0733 (SO 0/4)
2026-07-15 11:57:12,327 [INFO] Single tick complete (GitHub Actions mode). State saved.
2026-07-15 13:47:53,323 [INFO] === CAPITAL RULES ===
2026-07-15 13:47:53,323 [INFO] Total capital: 1000.00 USDT
2026-07-15 13:47:53,323 [INFO] Per-deal budget: 30.00 USDT (3.0% of capital)
2026-07-15 13:47:53,323 [INFO] Base order: 3.29 USDT, up to 4 safety orders
2026-07-15 13:47:53,323 [INFO] Worst-case loss per deal: 3.60 USDT (0.36% of capital)
2026-07-15 13:47:53,323 [INFO] Max total exposure: 6.0% of capital
2026-07-15 13:47:53,387 [WARNING] Bybit price failed (You have breached the ip rate limit or your ip is from the usa. (ErrCode: 403) (ErrTime: 13:47:53).
Request → GET https://api.bybit.com/v5/market/tickers: category=spot&symbol=BTCUSDT.); trying Coinbase
2026-07-15 13:47:53,461 [INFO] BTCUSDT px=64985.5750 avg=64409.9950 tp=65376.1449 sl=56680.7956 next_so=63443.8451 (SO 0/4)
2026-07-15 13:47:53,465 [WARNING] Bybit price failed (You have breached the ip rate limit or your ip is from the usa. (ErrCode: 403) (ErrTime: 13:47:53).
Request → GET https://api.bybit.com/v5/market/tickers: category=spot&symbol=ETHUSDT.); trying Coinbase
2026-07-15 13:47:53,516 [INFO] ETHUSDT px=1921.3900 avg=1869.1100 tp=1897.1466 sl=1644.8168 next_so=1841.0733 (SO 0/4)
2026-07-15 13:47:53,520 [WARNING] Bybit price failed (You have breached the ip rate limit or your ip is from the usa. (ErrCode: 403) (ErrTime: 13:47:53).
Request → GET https://api.bybit.com/v5/market/tickers: category=spot&symbol=ETHUSDT.); trying Coinbase
2026-07-15 13:47:53,558 [INFO] NOTIFY: ✅ CLOSED ETHUSDT (take_profit): PnL +0.09 USDT | Cumulative: +0.47 USDT
2026-07-15 13:47:53,997 [INFO] Single tick complete (GitHub Actions mode). State saved.
2026-07-15 15:24:44,211 [INFO] === CAPITAL RULES ===
2026-07-15 15:24:44,211 [INFO] Total capital: 1000.00 USDT
2026-07-15 15:24:44,212 [INFO] Per-deal budget: 30.00 USDT (3.0% of capital)
2026-07-15 15:24:44,212 [INFO] Base order: 3.29 USDT, up to 4 safety orders
2026-07-15 15:24:44,212 [INFO] Worst-case loss per deal: 3.60 USDT (0.36% of capital)
2026-07-15 15:24:44,212 [INFO] Max total exposure: 6.0% of capital
2026-07-15 15:24:44,278 [WARNING] Bybit price failed (You have breached the ip rate limit or your ip is from the usa. (ErrCode: 403) (ErrTime: 15:24:44).
Request → GET https://api.bybit.com/v5/market/tickers: category=spot&symbol=BTCUSDT.); trying Coinbase
2026-07-15 15:24:44,341 [INFO] BTCUSDT px=65228.2450 avg=64409.9950 tp=65376.1449 sl=56680.7956 next_so=63443.8451 (SO 0/4)
2026-07-15 15:24:44,345 [WARNING] Bybit price failed (You have breached the ip rate limit or your ip is from the usa. (ErrCode: 403) (ErrTime: 15:24:44).
Request → GET https://api.bybit.com/v5/market/tickers: category=spot&symbol=ETHUSDT.); trying Coinbase
2026-07-15 15:24:44,386 [WARNING] Bybit price failed (You have breached the ip rate limit or your ip is from the usa. (ErrCode: 403) (ErrTime: 15:24:44).
Request → GET https://api.bybit.com/v5/market/tickers: category=spot&symbol=ETHUSDT.); trying Coinbase
2026-07-15 15:24:44,427 [WARNING] Bybit price failed (You have breached the ip rate limit or your ip is from the usa. (ErrCode: 403) (ErrTime: 15:24:44).
Request → GET https://api.bybit.com/v5/market/tickers: category=spot&symbol=ETHUSDT.); trying Coinbase
2026-07-15 15:24:44,478 [INFO] NOTIFY: 🟢 OPENED ETHUSDT deal: 0.001708 @ 1924.6150 (3.29 USDT)
2026-07-15 15:24:45,097 [INFO] Single tick complete (GitHub Actions mode). State saved.
2026-07-15 16:50:32,352 [INFO] === CAPITAL RULES ===
2026-07-15 16:50:32,352 [INFO] Total capital: 1000.00 USDT
2026-07-15 16:50:32,352 [INFO] Per-deal budget: 30.00 USDT (3.0% of capital)
2026-07-15 16:50:32,352 [INFO] Base order: 3.29 USDT, up to 4 safety orders
2026-07-15 16:50:32,352 [INFO] Worst-case loss per deal: 3.60 USDT (0.36% of capital)
2026-07-15 16:50:32,352 [INFO] Max total exposure: 6.0% of capital
2026-07-15 16:50:32,506 [WARNING] Bybit price failed (You have breached the ip rate limit or your ip is from the usa. (ErrCode: 403) (ErrTime: 16:50:32).
Request → GET https://api.bybit.com/v5/market/tickers: category=spot&symbol=BTCUSDT.); trying Coinbase
2026-07-15 16:50:32,582 [INFO] BTCUSDT px=64978.3650 avg=64409.9950 tp=65376.1449 sl=56680.7956 next_so=63443.8451 (SO 0/4)
2026-07-15 16:50:32,587 [WARNING] Bybit price failed (You have breached the ip rate limit or your ip is from the usa. (ErrCode: 403) (ErrTime: 16:50:32).
Request → GET https://api.bybit.com/v5/market/tickers: category=spot&symbol=ETHUSDT.); trying Coinbase
2026-07-15 16:50:32,629 [INFO] ETHUSDT px=1914.9600 avg=1924.6150 tp=1953.4842 sl=1693.6612 next_so=1895.7458 (SO 0/4)
2026-07-15 16:50:32,629 [INFO] Single tick complete (GitHub Actions mode). State saved.
2026-07-15 18:03:53,460 [INFO] === CAPITAL RULES ===
2026-07-15 18:03:53,460 [INFO] Total capital: 1000.00 USDT
2026-07-15 18:03:53,460 [INFO] Per-deal budget: 30.00 USDT (3.0% of capital)
2026-07-15 18:03:53,460 [INFO] Base order: 3.29 USDT, up to 4 safety orders
2026-07-15 18:03:53,460 [INFO] Worst-case loss per deal: 3.60 USDT (0.36% of capital)
2026-07-15 18:03:53,460 [INFO] Max total exposure: 6.0% of capital
2026-07-15 18:03:53,589 [WARNING] Bybit price failed (You have breached the ip rate limit or your ip is from the usa. (ErrCode: 403) (ErrTime: 18:03:53).
Request → GET https://api.bybit.com/v5/market/tickers: category=spot&symbol=BTCUSDT.); trying Coinbase
2026-07-15 18:03:53,661 [INFO] BTCUSDT px=64950.7750 avg=64409.9950 tp=65376.1449 sl=56680.7956 next_so=63443.8451 (SO 0/4)
2026-07-15 18:03:53,672 [WARNING] Bybit price failed (You have breached the ip rate limit or your ip is from the usa. (ErrCode: 403) (ErrTime: 18:03:53).
Request → GET https://api.bybit.com/v5/market/tickers: category=spot&symbol=ETHUSDT.); trying Coinbase
2026-07-15 18:03:53,723 [INFO] ETHUSDT px=1928.1000 avg=1924.6150 tp=1953.4842 sl=1693.6612 next_so=1895.7458 (SO 0/4)
2026-07-15 18:03:53,724 [INFO] Single tick complete (GitHub Actions mode). State saved.
2026-07-15 19:35:42,361 [INFO] === CAPITAL RULES ===
2026-07-15 19:35:42,361 [INFO] Total capital: 1000.00 USDT
2026-07-15 19:35:42,361 [INFO] Per-deal budget: 30.00 USDT (3.0% of capital)
2026-07-15 19:35:42,361 [INFO] Base order: 3.29 USDT, up to 4 safety orders
2026-07-15 19:35:42,362 [INFO] Worst-case loss per deal: 3.60 USDT (0.36% of capital)
2026-07-15 19:35:42,362 [INFO] Max total exposure: 6.0% of capital
2026-07-15 19:35:42,526 [WARNING] Bybit price failed (You have breached the ip rate limit or your ip is from the usa. (ErrCode: 403) (ErrTime: 19:35:42).
Request → GET https://api.bybit.com/v5/market/tickers: category=spot&symbol=BTCUSDT.); trying Coinbase
2026-07-15 19:35:42,580 [INFO] BTCUSDT px=64820.6550 avg=64409.9950 tp=65376.1449 sl=56680.7956 next_so=63443.8451 (SO 0/4)
2026-07-15 19:35:42,585 [WARNING] Bybit price failed (You have breached the ip rate limit or your ip is from the usa. (ErrCode: 403) (ErrTime: 19:35:42).
Request → GET https://api.bybit.com/v5/market/tickers: category=spot&symbol=ETHUSDT.); trying Coinbase
2026-07-15 19:35:42,624 [INFO] ETHUSDT px=1922.3350 avg=1924.6150 tp=1953.4842 sl=1693.6612 next_so=1895.7458 (SO 0/4)
2026-07-15 19:35:42,624 [INFO] Single tick complete (GitHub Actions mode). State saved.
2026-07-15 20:41:28,378 [INFO] === CAPITAL RULES ===
2026-07-15 20:41:28,378 [INFO] Total capital: 1000.00 USDT
2026-07-15 20:41:28,378 [INFO] Per-deal budget: 30.00 USDT (3.0% of capital)
2026-07-15 20:41:28,378 [INFO] Base order: 3.29 USDT, up to 4 safety orders
2026-07-15 20:41:28,378 [INFO] Worst-case loss per deal: 3.60 USDT (0.36% of capital)
2026-07-15 20:41:28,378 [INFO] Max total exposure: 6.0% of capital
2026-07-15 20:41:28,566 [WARNING] Bybit price failed (You have breached the ip rate limit or your ip is from the usa. (ErrCode: 403) (ErrTime: 20:41:28).
Request → GET https://api.bybit.com/v5/market/tickers: category=spot&symbol=BTCUSDT.); trying Coinbase
2026-07-15 20:41:28,679 [INFO] BTCUSDT px=64980.6750 avg=64409.9950 tp=65376.1449 sl=56680.7956 next_so=63443.8451 (SO 0/4)
2026-07-15 20:41:28,698 [WARNING] Bybit price failed (You have breached the ip rate limit or your ip is from the usa. (ErrCode: 403) (ErrTime: 20:41:28).
Request → GET https://api.bybit.com/v5/market/tickers: category=spot&symbol=ETHUSDT.); trying Coinbase
2026-07-15 20:41:28,828 [INFO] ETHUSDT px=1926.5000 avg=1924.6150 tp=1953.4842 sl=1693.6612 next_so=1895.7458 (SO 0/4)
2026-07-15 20:41:28,828 [INFO] Single tick complete (GitHub Actions mode). State saved.
2026-07-15 21:39:11,331 [INFO] === CAPITAL RULES ===
2026-07-15 21:39:11,331 [INFO] Total capital: 1000.00 USDT
2026-07-15 21:39:11,331 [INFO] Per-deal budget: 30.00 USDT (3.0% of capital)
2026-07-15 21:39:11,331 [INFO] Base order: 3.29 USDT, up to 4 safety orders
2026-07-15 21:39:11,331 [INFO] Worst-case loss per deal: 3.60 USDT (0.36% of capital)
2026-07-15 21:39:11,331 [INFO] Max total exposure: 6.0% of capital
2026-07-15 21:39:11,499 [WARNING] Bybit price failed (You have breached the ip rate limit or your ip is from the usa. (ErrCode: 403) (ErrTime: 21:39:11).
Request → GET https://api.bybit.com/v5/market/tickers: category=spot&symbol=BTCUSDT.); trying Coinbase
2026-07-15 21:39:11,616 [INFO] BTCUSDT px=64758.4400 avg=64409.9950 tp=65376.1449 sl=56680.7956 next_so=63443.8451 (SO 0/4)
2026-07-15 21:39:11,631 [WARNING] Bybit price failed (You have breached the ip rate limit or your ip is from the usa. (ErrCode: 403) (ErrTime: 21:39:11).
Request → GET https://api.bybit.com/v5/market/tickers: category=spot&symbol=ETHUSDT.); trying Coinbase
2026-07-15 21:39:11,743 [INFO] ETHUSDT px=1919.6150 avg=1924.6150 tp=1953.4842 sl=1693.6612 next_so=1895.7458 (SO 0/4)
2026-07-15 21:39:11,743 [INFO] Single tick complete (GitHub Actions mode). State saved.
2026-07-15 22:39:56,799 [INFO] === CAPITAL RULES ===
2026-07-15 22:39:56,799 [INFO] Total capital: 1000.00 USDT
2026-07-15 22:39:56,799 [INFO] Per-deal budget: 30.00 USDT (3.0% of capital)
2026-07-15 22:39:56,799 [INFO] Base order: 3.29 USDT, up to 4 safety orders
2026-07-15 22:39:56,800 [INFO] Worst-case loss per deal: 3.60 USDT (0.36% of capital)
2026-07-15 22:39:56,800 [INFO] Max total exposure: 6.0% of capital
2026-07-15 22:39:56,987 [WARNING] Bybit price failed (You have breached the ip rate limit or your ip is from the usa. (ErrCode: 403) (ErrTime: 22:39:56).
Request → GET https://api.bybit.com/v5/market/tickers: category=spot&symbol=BTCUSDT.); trying Coinbase
2026-07-15 22:39:57,152 [INFO] BTCUSDT px=64858.0450 avg=64409.9950 tp=65376.1449 sl=56680.7956 next_so=63443.8451 (SO 0/4)
2026-07-15 22:39:57,171 [WARNING] Bybit price failed (You have breached the ip rate limit or your ip is from the usa. (ErrCode: 403) (ErrTime: 22:39:57).
Request → GET https://api.bybit.com/v5/market/tickers: category=spot&symbol=ETHUSDT.); trying Coinbase
2026-07-15 22:39:57,321 [INFO] ETHUSDT px=1923.2950 avg=1924.6150 tp=1953.4842 sl=1693.6612 next_so=1895.7458 (SO 0/4)
2026-07-15 22:39:57,322 [INFO] Single tick complete (GitHub Actions mode). State saved.
2026-07-15 23:40:18,855 [INFO] === CAPITAL RULES ===
2026-07-15 23:40:18,855 [INFO] Total capital: 1000.00 USDT
2026-07-15 23:40:18,855 [INFO] Per-deal budget: 30.00 USDT (3.0% of capital)
2026-07-15 23:40:18,855 [INFO] Base order: 3.29 USDT, up to 4 safety orders
2026-07-15 23:40:18,855 [INFO] Worst-case loss per deal: 3.60 USDT (0.36% of capital)
2026-07-15 23:40:18,856 [INFO] Max total exposure: 6.0% of capital
2026-07-15 23:40:18,975 [WARNING] Bybit price failed (You have breached the ip rate limit or your ip is from the usa. (ErrCode: 403) (ErrTime: 23:40:18).
Request → GET https://api.bybit.com/v5/market/tickers: category=spot&symbol=BTCUSDT.); trying Coinbase
2026-07-15 23:40:19,024 [INFO] BTCUSDT px=64763.2550 avg=64409.9950 tp=65376.1449 sl=56680.7956 next_so=63443.8451 (SO 0/4)
2026-07-15 23:40:19,028 [WARNING] Bybit price failed (You have breached the ip rate limit or your ip is from the usa. (ErrCode: 403) (ErrTime: 23:40:19).
Request → GET https://api.bybit.com/v5/market/tickers: category=spot&symbol=ETHUSDT.); trying Coinbase
2026-07-15 23:40:19,074 [INFO] ETHUSDT px=1918.5700 avg=1924.6150 tp=1953.4842 sl=1693.6612 next_so=1895.7458 (SO 0/4)
2026-07-15 23:40:19,074 [INFO] Single tick complete (GitHub Actions mode). State saved.
2026-07-16 01:07:38,693 [INFO] === CAPITAL RULES ===
2026-07-16 01:07:38,693 [INFO] Total capital: 1000.00 USDT
2026-07-16 01:07:38,694 [INFO] Per-deal budget: 30.00 USDT (3.0% of capital)
2026-07-16 01:07:38,694 [INFO] Base order: 3.29 USDT, up to 4 safety orders
2026-07-16 01:07:38,694 [INFO] Worst-case loss per deal: 3.60 USDT (0.36% of capital)
2026-07-16 01:07:38,694 [INFO] Max total exposure: 6.0% of capital
2026-07-16 01:07:38,818 [WARNING] Bybit price failed (You have breached the ip rate limit or your ip is from the usa. (ErrCode: 403) (ErrTime: 01:07:38).
Request → GET https://api.bybit.com/v5/market/tickers: category=spot&symbol=BTCUSDT.); trying Coinbase
2026-07-16 01:07:38,865 [INFO] BTCUSDT px=64586.5450 avg=64409.9950 tp=65376.1449 sl=56680.7956 next_so=63443.8451 (SO 0/4)
2026-07-16 01:07:38,870 [WARNING] Bybit price failed (You have breached the ip rate limit or your ip is from the usa. (ErrCode: 403) (ErrTime: 01:07:38).
Request → GET https://api.bybit.com/v5/market/tickers: category=spot&symbol=ETHUSDT.); trying Coinbase
2026-07-16 01:07:38,918 [INFO] ETHUSDT px=1915.7000 avg=1924.6150 tp=1953.4842 sl=1693.6612 next_so=1895.7458 (SO 0/4)
2026-07-16 01:07:38,918 [INFO] Single tick complete (GitHub Actions mode). State saved.
2026-07-16 04:25:12,104 [INFO] === CAPITAL RULES ===
2026-07-16 04:25:12,104 [INFO] Total capital: 1000.00 USDT
2026-07-16 04:25:12,105 [INFO] Per-deal budget: 30.00 USDT (3.0% of capital)
2026-07-16 04:25:12,105 [INFO] Base order: 3.29 USDT, up to 4 safety orders
2026-07-16 04:25:12,105 [INFO] Worst-case loss per deal: 3.60 USDT (0.36% of capital)
2026-07-16 04:25:12,105 [INFO] Max total exposure: 6.0% of capital
2026-07-16 04:25:12,271 [WARNING] Bybit price failed (You have breached the ip rate limit or your ip is from the usa. (ErrCode: 403) (ErrTime: 04:25:12).
Request → GET https://api.bybit.com/v5/market/tickers: category=spot&symbol=BTCUSDT.); trying Coinbase
2026-07-16 04:25:12,383 [INFO] BTCUSDT px=64544.2150 avg=64409.9950 tp=65376.1449 sl=56680.7956 next_so=63443.8451 (SO 0/4)
2026-07-16 04:25:12,402 [WARNING] Bybit price failed (You have breached the ip rate limit or your ip is from the usa. (ErrCode: 403) (ErrTime: 04:25:12).
Request → GET https://api.bybit.com/v5/market/tickers: category=spot&symbol=ETHUSDT.); trying Coinbase
2026-07-16 04:25:12,583 [INFO] ETHUSDT px=1914.8850 avg=1924.6150 tp=1953.4842 sl=1693.6612 next_so=1895.7458 (SO 0/4)
2026-07-16 04:25:12,583 [INFO] Single tick complete (GitHub Actions mode). State saved.
2026-07-16 06:41:24,743 [INFO] === CAPITAL RULES ===
2026-07-16 06:41:24,743 [INFO] Total capital: 1000.00 USDT
2026-07-16 06:41:24,743 [INFO] Per-deal budget: 30.00 USDT (3.0% of capital)
2026-07-16 06:41:24,743 [INFO] Base order: 3.29 USDT, up to 4 safety orders
2026-07-16 06:41:24,743 [INFO] Worst-case loss per deal: 3.60 USDT (0.36% of capital)
2026-07-16 06:41:24,743 [INFO] Max total exposure: 6.0% of capital
2026-07-16 06:41:24,941 [WARNING] Bybit price failed (You have breached the ip rate limit or your ip is from the usa. (ErrCode: 403) (ErrTime: 06:41:24).
Request → GET https://api.bybit.com/v5/market/tickers: category=spot&symbol=BTCUSDT.); trying Coinbase
2026-07-16 06:41:25,052 [INFO] BTCUSDT px=64661.2250 avg=64409.9950 tp=65376.1449 sl=56680.7956 next_so=63443.8451 (SO 0/4)
2026-07-16 06:41:25,071 [WARNING] Bybit price failed (You have breached the ip rate limit or your ip is from the usa. (ErrCode: 403) (ErrTime: 06:41:25).
Request → GET https://api.bybit.com/v5/market/tickers: category=spot&symbol=ETHUSDT.); trying Coinbase
2026-07-16 06:41:25,163 [INFO] ETHUSDT px=1917.6150 avg=1924.6150 tp=1953.4842 sl=1693.6612 next_so=1895.7458 (SO 0/4)
2026-07-16 06:41:25,163 [INFO] Single tick complete (GitHub Actions mode). State saved.
2026-07-16 09:02:30,917 [INFO] === CAPITAL RULES ===
2026-07-16 09:02:30,918 [INFO] Total capital: 1000.00 USDT
2026-07-16 09:02:30,918 [INFO] Per-deal budget: 30.00 USDT (3.0% of capital)
2026-07-16 09:02:30,918 [INFO] Base order: 3.29 USDT, up to 4 safety orders
2026-07-16 09:02:30,918 [INFO] Worst-case loss per deal: 3.60 USDT (0.36% of capital)
2026-07-16 09:02:30,918 [INFO] Max total exposure: 6.0% of capital
2026-07-16 09:02:30,982 [WARNING] Bybit price failed (You have breached the ip rate limit or your ip is from the usa. (ErrCode: 403) (ErrTime: 09:02:30).
Request → GET https://api.bybit.com/v5/market/tickers: category=spot&symbol=BTCUSDT.); trying Coinbase
2026-07-16 09:02:31,103 [INFO] BTCUSDT px=64077.9850 avg=64409.9950 tp=65376.1449 sl=56680.7956 next_so=63443.8451 (SO 0/4)
2026-07-16 09:02:31,107 [WARNING] Bybit price failed (You have breached the ip rate limit or your ip is from the usa. (ErrCode: 403) (ErrTime: 09:02:31).
Request → GET https://api.bybit.com/v5/market/tickers: category=spot&symbol=ETHUSDT.); trying Coinbase
2026-07-16 09:02:31,149 [INFO] ETHUSDT px=1885.5750 avg=1924.6150 tp=1953.4842 sl=1693.6612 next_so=1895.7458 (SO 0/4)
2026-07-16 09:02:31,153 [WARNING] Bybit price failed (You have breached the ip rate limit or your ip is from the usa. (ErrCode: 403) (ErrTime: 09:02:31).
Request → GET https://api.bybit.com/v5/market/tickers: category=spot&symbol=ETHUSDT.); trying Coinbase
2026-07-16 09:02:31,192 [INFO] NOTIFY: 🛟 SAFETY ORDER 1/4 ETHUSDT: bought 0.001743 @ 1885.5750. New avg 1904.8950
2026-07-16 09:02:31,839 [INFO] Single tick complete (GitHub Actions mode). State saved.
2026-07-16 11:11:47,328 [INFO] === CAPITAL RULES ===
2026-07-16 11:11:47,328 [INFO] Total capital: 1000.00 USDT
2026-07-16 11:11:47,328 [INFO] Per-deal budget: 30.00 USDT (3.0% of capital)
2026-07-16 11:11:47,328 [INFO] Base order: 3.29 USDT, up to 4 safety orders
2026-07-16 11:11:47,328 [INFO] Worst-case loss per deal: 3.60 USDT (0.36% of capital)
2026-07-16 11:11:47,328 [INFO] Max total exposure: 6.0% of capital
2026-07-16 11:11:47,504 [WARNING] Bybit price failed (You have breached the ip rate limit or your ip is from the usa. (ErrCode: 403) (ErrTime: 11:11:47).
Request → GET https://api.bybit.com/v5/market/tickers: category=spot&symbol=BTCUSDT.); trying Coinbase
2026-07-16 11:11:47,560 [INFO] BTCUSDT px=64099.9550 avg=64409.9950 tp=65376.1449 sl=56680.7956 next_so=63443.8451 (SO 0/4)
2026-07-16 11:11:47,565 [WARNING] Bybit price failed (You have breached the ip rate limit or your ip is from the usa. (ErrCode: 403) (ErrTime: 11:11:47).
Request → GET https://api.bybit.com/v5/market/tickers: category=spot&symbol=ETHUSDT.); trying Coinbase
2026-07-16 11:11:47,604 [INFO] ETHUSDT px=1885.2450 avg=1904.8950 tp=1933.4684 sl=1676.3076 next_so=1845.9779 (SO 1/4)
2026-07-16 11:11:47,605 [INFO] Single tick complete (GitHub Actions mode). State saved.
2026-07-16 12:52:26,610 [INFO] === CAPITAL RULES ===
2026-07-16 12:52:26,610 [INFO] Total capital: 1000.00 USDT
2026-07-16 12:52:26,610 [INFO] Per-deal budget: 30.00 USDT (3.0% of capital)
2026-07-16 12:52:26,610 [INFO] Base order: 3.29 USDT, up to 4 safety orders
2026-07-16 12:52:26,610 [INFO] Worst-case loss per deal: 3.60 USDT (0.36% of capital)
2026-07-16 12:52:26,610 [INFO] Max total exposure: 6.0% of capital
2026-07-16 12:52:26,733 [WARNING] Bybit price failed (You have breached the ip rate limit or your ip is from the usa. (ErrCode: 403) (ErrTime: 12:52:26).
Request → GET https://api.bybit.com/v5/market/tickers: category=spot&symbol=BTCUSDT.); trying Coinbase
2026-07-16 12:52:26,815 [INFO] BTCUSDT px=63914.3650 avg=64409.9950 tp=65376.1449 sl=56680.7956 next_so=63443.8451 (SO 0/4)
2026-07-16 12:52:26,818 [WARNING] Bybit price failed (You have breached the ip rate limit or your ip is from the usa. (ErrCode: 403) (ErrTime: 12:52:26).
Request → GET https://api.bybit.com/v5/market/tickers: category=spot&symbol=ETHUSDT.); trying Coinbase
2026-07-16 12:52:26,898 [INFO] ETHUSDT px=1872.8450 avg=1904.8950 tp=1933.4684 sl=1676.3076 next_so=1845.9779 (SO 1/4)
2026-07-16 12:52:26,898 [INFO] Single tick complete (GitHub Actions mode). State saved.
2026-07-16 14:58:32,838 [INFO] === CAPITAL RULES ===
2026-07-16 14:58:32,838 [INFO] Total capital: 1000.00 USDT
2026-07-16 14:58:32,838 [INFO] Per-deal budget: 30.00 USDT (3.0% of capital)
2026-07-16 14:58:32,838 [INFO] Base order: 3.29 USDT, up to 4 safety orders
2026-07-16 14:58:32,838 [INFO] Worst-case loss per deal: 3.60 USDT (0.36% of capital)
2026-07-16 14:58:32,838 [INFO] Max total exposure: 6.0% of capital
2026-07-16 14:58:33,029 [WARNING] Bybit price failed (You have breached the ip rate limit or your ip is from the usa. (ErrCode: 403) (ErrTime: 14:58:33).
Request → GET https://api.bybit.com/v5/market/tickers: category=spot&symbol=BTCUSDT.); trying Coinbase
2026-07-16 14:58:33,075 [INFO] BTCUSDT px=64444.0150 avg=64409.9950 tp=65376.1449 sl=56680.7956 next_so=63443.8451 (SO 0/4)
2026-07-16 14:58:33,079 [WARNING] Bybit price failed (You have breached the ip rate limit or your ip is from the usa. (ErrCode: 403) (ErrTime: 14:58:33).
Request → GET https://api.bybit.com/v5/market/tickers: category=spot&symbol=ETHUSDT.); trying Coinbase
2026-07-16 14:58:33,120 [INFO] ETHUSDT px=1879.9250 avg=1904.8950 tp=1933.4684 sl=1676.3076 next_so=1845.9779 (SO 1/4)
2026-07-16 14:58:33,120 [INFO] Single tick complete (GitHub Actions mode). State saved.
2026-07-16 16:22:01,878 [INFO] === CAPITAL RULES ===
2026-07-16 16:22:01,878 [INFO] Total capital: 1000.00 USDT
2026-07-16 16:22:01,878 [INFO] Per-deal budget: 30.00 USDT (3.0% of capital)
2026-07-16 16:22:01,878 [INFO] Base order: 3.29 USDT, up to 4 safety orders
2026-07-16 16:22:01,878 [INFO] Worst-case loss per deal: 3.60 USDT (0.36% of capital)
2026-07-16 16:22:01,878 [INFO] Max total exposure: 6.0% of capital
2026-07-16 16:22:02,025 [WARNING] Bybit price failed (You have breached the ip rate limit or your ip is from the usa. (ErrCode: 403) (ErrTime: 16:22:02).
Request → GET https://api.bybit.com/v5/market/tickers: category=spot&symbol=BTCUSDT.); trying Coinbase
2026-07-16 16:22:02,118 [INFO] BTCUSDT px=64415.1950 avg=64409.9950 tp=65376.1449 sl=56680.7956 next_so=63443.8451 (SO 0/4)
2026-07-16 16:22:02,127 [WARNING] Bybit price failed (You have breached the ip rate limit or your ip is from the usa. (ErrCode: 403) (ErrTime: 16:22:02).
Request → GET https://api.bybit.com/v5/market/tickers: category=spot&symbol=ETHUSDT.); trying Coinbase
2026-07-16 16:22:02,202 [INFO] ETHUSDT px=1875.0650 avg=1904.8950 tp=1933.4684 sl=1676.3076 next_so=1845.9779 (SO 1/4)
2026-07-16 16:22:02,203 [INFO] Single tick complete (GitHub Actions mode). State saved.
2026-07-16 17:45:28,900 [INFO] === CAPITAL RULES ===
2026-07-16 17:45:28,900 [INFO] Total capital: 1000.00 USDT
2026-07-16 17:45:28,900 [INFO] Per-deal budget: 30.00 USDT (3.0% of capital)
2026-07-16 17:45:28,900 [INFO] Base order: 3.29 USDT, up to 4 safety orders
2026-07-16 17:45:28,900 [INFO] Worst-case loss per deal: 3.60 USDT (0.36% of capital)
2026-07-16 17:45:28,900 [INFO] Max total exposure: 6.0% of capital
2026-07-16 17:45:28,984 [WARNING] Bybit price failed (You have breached the ip rate limit or your ip is from the usa. (ErrCode: 403) (ErrTime: 17:45:28).
Request → GET https://api.bybit.com/v5/market/tickers: category=spot&symbol=BTCUSDT.); trying Coinbase
2026-07-16 17:45:29,034 [INFO] BTCUSDT px=64084.5650 avg=64409.9950 tp=65376.1449 sl=56680.7956 next_so=63443.8451 (SO 0/4)
2026-07-16 17:45:29,038 [WARNING] Bybit price failed (You have breached the ip rate limit or your ip is from the usa. (ErrCode: 403) (ErrTime: 17:45:29).
Request → GET https://api.bybit.com/v5/market/tickers: category=spot&symbol=ETHUSDT.); trying Coinbase
2026-07-16 17:45:29,077 [INFO] ETHUSDT px=1868.7650 avg=1904.8950 tp=1933.4684 sl=1676.3076 next_so=1845.9779 (SO 1/4)
2026-07-16 17:45:29,077 [INFO] Single tick complete (GitHub Actions mode). State saved.
2026-07-16 19:05:06,034 [INFO] === CAPITAL RULES ===
2026-07-16 19:05:06,034 [INFO] Total capital: 1000.00 USDT
2026-07-16 19:05:06,034 [INFO] Per-deal budget: 30.00 USDT (3.0% of capital)
2026-07-16 19:05:06,034 [INFO] Base order: 3.29 USDT, up to 4 safety orders
2026-07-16 19:05:06,035 [INFO] Worst-case loss per deal: 3.60 USDT (0.36% of capital)
2026-07-16 19:05:06,035 [INFO] Max total exposure: 6.0% of capital
2026-07-16 19:05:06,100 [WARNING] Bybit price failed (You have breached the ip rate limit or your ip is from the usa. (ErrCode: 403) (ErrTime: 19:05:06).
Request → GET https://api.bybit.com/v5/market/tickers: category=spot&symbol=BTCUSDT.); trying Coinbase
2026-07-16 19:05:06,170 [INFO] BTCUSDT px=64233.3050 avg=64409.9950 tp=65376.1449 sl=56680.7956 next_so=63443.8451 (SO 0/4)
2026-07-16 19:05:06,174 [WARNING] Bybit price failed (You have breached the ip rate limit or your ip is from the usa. (ErrCode: 403) (ErrTime: 19:05:06).
Request → GET https://api.bybit.com/v5/market/tickers: category=spot&symbol=ETHUSDT.); trying Coinbase
2026-07-16 19:05:06,257 [INFO] ETHUSDT px=1874.9550 avg=1904.8950 tp=1933.4684 sl=1676.3076 next_so=1845.9779 (SO 1/4)
2026-07-16 19:05:06,258 [INFO] Single tick complete (GitHub Actions mode). State saved.
2026-07-16 20:11:21,201 [INFO] === CAPITAL RULES ===
2026-07-16 20:11:21,202 [INFO] Total capital: 1000.00 USDT
2026-07-16 20:11:21,202 [INFO] Per-deal budget: 30.00 USDT (3.0% of capital)
2026-07-16 20:11:21,202 [INFO] Base order: 3.29 USDT, up to 4 safety orders
2026-07-16 20:11:21,202 [INFO] Worst-case loss per deal: 3.60 USDT (0.36% of capital)
2026-07-16 20:11:21,202 [INFO] Max total exposure: 6.0% of capital
2026-07-16 20:11:21,378 [WARNING] Bybit price failed (You have breached the ip rate limit or your ip is from the usa. (ErrCode: 403) (ErrTime: 20:11:21).
Request → GET https://api.bybit.com/v5/market/tickers: category=spot&symbol=BTCUSDT.); trying Coinbase
2026-07-16 20:11:21,438 [INFO] BTCUSDT px=64155.2950 avg=64409.9950 tp=65376.1449 sl=56680.7956 next_so=63443.8451 (SO 0/4)
2026-07-16 20:11:21,442 [WARNING] Bybit price failed (You have breached the ip rate limit or your ip is from the usa. (ErrCode: 403) (ErrTime: 20:11:21).
Request → GET https://api.bybit.com/v5/market/tickers: category=spot&symbol=ETHUSDT.); trying Coinbase
2026-07-16 20:11:21,509 [INFO] ETHUSDT px=1872.0950 avg=1904.8950 tp=1933.4684 sl=1676.3076 next_so=1845.9779 (SO 1/4)
2026-07-16 20:11:21,509 [INFO] Single tick complete (GitHub Actions mode). State saved.
2026-07-16 21:16:26,305 [INFO] === CAPITAL RULES ===
2026-07-16 21:16:26,305 [INFO] Total capital: 1000.00 USDT
2026-07-16 21:16:26,305 [INFO] Per-deal budget: 30.00 USDT (3.0% of capital)
2026-07-16 21:16:26,305 [INFO] Base order: 3.29 USDT, up to 4 safety orders
2026-07-16 21:16:26,305 [INFO] Worst-case loss per deal: 3.60 USDT (0.36% of capital)
2026-07-16 21:16:26,305 [INFO] Max total exposure: 6.0% of capital
2026-07-16 21:16:26,467 [WARNING] Bybit price failed (You have breached the ip rate limit or your ip is from the usa. (ErrCode: 403) (ErrTime: 21:16:26).
Request → GET https://api.bybit.com/v5/market/tickers: category=spot&symbol=BTCUSDT.); trying Coinbase
2026-07-16 21:16:26,555 [INFO] BTCUSDT px=64133.7150 avg=64409.9950 tp=65376.1449 sl=56680.7956 next_so=63443.8451 (SO 0/4)
2026-07-16 21:16:26,570 [WARNING] Bybit price failed (You have breached the ip rate limit or your ip is from the usa. (ErrCode: 403) (ErrTime: 21:16:26).
Request → GET https://api.bybit.com/v5/market/tickers: category=spot&symbol=ETHUSDT.); trying Coinbase
2026-07-16 21:16:26,700 [INFO] ETHUSDT px=1874.4750 avg=1904.8950 tp=1933.4684 sl=1676.3076 next_so=1845.9779 (SO 1/4)
2026-07-16 21:16:26,701 [INFO] Single tick complete (GitHub Actions mode). State saved.
2026-07-16 22:28:41,700 [INFO] === CAPITAL RULES ===
2026-07-16 22:28:41,700 [INFO] Total capital: 1000.00 USDT
2026-07-16 22:28:41,700 [INFO] Per-deal budget: 30.00 USDT (3.0% of capital)
2026-07-16 22:28:41,700 [INFO] Base order: 3.29 USDT, up to 4 safety orders
2026-07-16 22:28:41,700 [INFO] Worst-case loss per deal: 3.60 USDT (0.36% of capital)
2026-07-16 22:28:41,700 [INFO] Max total exposure: 6.0% of capital
2026-07-16 22:28:41,889 [WARNING] Bybit price failed (You have breached the ip rate limit or your ip is from the usa. (ErrCode: 403) (ErrTime: 22:28:41).
Request → GET https://api.bybit.com/v5/market/tickers: category=spot&symbol=BTCUSDT.); trying Coinbase
2026-07-16 22:28:42,037 [INFO] BTCUSDT px=63982.4250 avg=64409.9950 tp=65376.1449 sl=56680.7956 next_so=63443.8451 (SO 0/4)
2026-07-16 22:28:42,042 [WARNING] Bybit price failed (You have breached the ip rate limit or your ip is from the usa. (ErrCode: 403) (ErrTime: 22:28:42).
Request → GET https://api.bybit.com/v5/market/tickers: category=spot&symbol=ETHUSDT.); trying Coinbase
2026-07-16 22:28:42,095 [INFO] ETHUSDT px=1873.0850 avg=1904.8950 tp=1933.4684 sl=1676.3076 next_so=1845.9779 (SO 1/4)
2026-07-16 22:28:42,095 [INFO] Single tick complete (GitHub Actions mode). State saved.
2026-07-16 23:27:48,248 [INFO] === CAPITAL RULES ===
2026-07-16 23:27:48,249 [INFO] Total capital: 1000.00 USDT
2026-07-16 23:27:48,249 [INFO] Per-deal budget: 30.00 USDT (3.0% of capital)
2026-07-16 23:27:48,249 [INFO] Base order: 3.29 USDT, up to 4 safety orders
2026-07-16 23:27:48,249 [INFO] Worst-case loss per deal: 3.60 USDT (0.36% of capital)
2026-07-16 23:27:48,249 [INFO] Max total exposure: 6.0% of capital
2026-07-16 23:27:48,295 [WARNING] Bybit price failed (You have breached the ip rate limit or your ip is from the usa. (ErrCode: 403) (ErrTime: 23:27:48).
Request → GET https://api.bybit.com/v5/market/tickers: category=spot&symbol=BTCUSDT.); trying Coinbase
2026-07-16 23:27:48,346 [INFO] BTCUSDT px=63771.1350 avg=64409.9950 tp=65376.1449 sl=56680.7956 next_so=63443.8451 (SO 0/4)
2026-07-16 23:27:48,351 [WARNING] Bybit price failed (You have breached the ip rate limit or your ip is from the usa. (ErrCode: 403) (ErrTime: 23:27:48).
Request → GET https://api.bybit.com/v5/market/tickers: category=spot&symbol=ETHUSDT.); trying Coinbase
2026-07-16 23:27:48,388 [INFO] ETHUSDT px=1860.0750 avg=1904.8950 tp=1933.4684 sl=1676.3076 next_so=1845.9779 (SO 1/4)
2026-07-16 23:27:48,388 [INFO] Single tick complete (GitHub Actions mode). State saved.
2026-07-17 01:03:32,403 [INFO] === CAPITAL RULES ===
2026-07-17 01:03:32,403 [INFO] Total capital: 1000.00 USDT
2026-07-17 01:03:32,403 [INFO] Per-deal budget: 30.00 USDT (3.0% of capital)
2026-07-17 01:03:32,403 [INFO] Base order: 3.29 USDT, up to 4 safety orders
2026-07-17 01:03:32,403 [INFO] Worst-case loss per deal: 3.60 USDT (0.36% of capital)
2026-07-17 01:03:32,403 [INFO] Max total exposure: 6.0% of capital
2026-07-17 01:03:32,538 [WARNING] Bybit price failed (You have breached the ip rate limit or your ip is from the usa. (ErrCode: 403) (ErrTime: 01:03:32).
Request → GET https://api.bybit.com/v5/market/tickers: category=spot&symbol=BTCUSDT.); trying Coinbase
2026-07-17 01:03:32,602 [INFO] BTCUSDT px=63919.9950 avg=64409.9950 tp=65376.1449 sl=56680.7956 next_so=63443.8451 (SO 0/4)
2026-07-17 01:03:32,611 [WARNING] Bybit price failed (You have breached the ip rate limit or your ip is from the usa. (ErrCode: 403) (ErrTime: 01:03:32).
Request → GET https://api.bybit.com/v5/market/tickers: category=spot&symbol=ETHUSDT.); trying Coinbase
2026-07-17 01:03:32,664 [INFO] ETHUSDT px=1867.1250 avg=1904.8950 tp=1933.4684 sl=1676.3076 next_so=1845.9779 (SO 1/4)
2026-07-17 01:03:32,664 [INFO] Single tick complete (GitHub Actions mode). State saved.
2026-07-17 04:24:02,809 [INFO] === CAPITAL RULES ===
2026-07-17 04:24:02,809 [INFO] Total capital: 1000.00 USDT
2026-07-17 04:24:02,809 [INFO] Per-deal budget: 30.00 USDT (3.0% of capital)
2026-07-17 04:24:02,809 [INFO] Base order: 3.29 USDT, up to 4 safety orders
2026-07-17 04:24:02,809 [INFO] Worst-case loss per deal: 3.60 USDT (0.36% of capital)
2026-07-17 04:24:02,809 [INFO] Max total exposure: 6.0% of capital
2026-07-17 04:24:02,977 [WARNING] Bybit price failed (You have breached the ip rate limit or your ip is from the usa. (ErrCode: 403) (ErrTime: 04:24:02).
Request → GET https://api.bybit.com/v5/market/tickers: category=spot&symbol=BTCUSDT.); trying Coinbase
2026-07-17 04:24:03,041 [INFO] BTCUSDT px=63314.6550 avg=64409.9950 tp=65376.1449 sl=56680.7956 next_so=63443.8451 (SO 0/4)
2026-07-17 04:24:03,050 [WARNING] Bybit price failed (You have breached the ip rate limit or your ip is from the usa. (ErrCode: 403) (ErrTime: 04:24:03).
Request → GET https://api.bybit.com/v5/market/tickers: category=spot&symbol=BTCUSDT.); trying Coinbase
2026-07-17 04:24:03,107 [INFO] NOTIFY: 🛟 SAFETY ORDER 1/4 BTCUSDT: bought 0.000052 @ 63314.6550. New avg 63857.6283
2026-07-17 04:24:03,575 [WARNING] Bybit price failed (You have breached the ip rate limit or your ip is from the usa. (ErrCode: 403) (ErrTime: 04:24:03).
Request → GET https://api.bybit.com/v5/market/tickers: category=spot&symbol=ETHUSDT.); trying Coinbase
2026-07-17 04:24:03,626 [INFO] ETHUSDT px=1845.6650 avg=1904.8950 tp=1933.4684 sl=1676.3076 next_so=1845.9779 (SO 1/4)
2026-07-17 04:24:03,634 [WARNING] Bybit price failed (You have breached the ip rate limit or your ip is from the usa. (ErrCode: 403) (ErrTime: 04:24:03).
Request → GET https://api.bybit.com/v5/market/tickers: category=spot&symbol=ETHUSDT.); trying Coinbase
2026-07-17 04:24:03,696 [INFO] NOTIFY: 🛟 SAFETY ORDER 2/4 ETHUSDT: bought 0.002671 @ 1845.6650. New avg 1879.0515
2026-07-17 04:24:04,018 [INFO] Single tick complete (GitHub Actions mode). State saved.
2026-07-17 06:36:50,298 [INFO] === CAPITAL RULES ===
2026-07-17 06:36:50,298 [INFO] Total capital: 1000.00 USDT
2026-07-17 06:36:50,298 [INFO] Per-deal budget: 30.00 USDT (3.0% of capital)
2026-07-17 06:36:50,298 [INFO] Base order: 3.29 USDT, up to 4 safety orders
2026-07-17 06:36:50,298 [INFO] Worst-case loss per deal: 3.60 USDT (0.36% of capital)
2026-07-17 06:36:50,298 [INFO] Max total exposure: 6.0% of capital
2026-07-17 06:36:50,365 [WARNING] Bybit price failed (You have breached the ip rate limit or your ip is from the usa. (ErrCode: 403) (ErrTime: 06:36:50).
Request → GET https://api.bybit.com/v5/market/tickers: category=spot&symbol=BTCUSDT.); trying Coinbase
2026-07-17 06:36:50,406 [INFO] BTCUSDT px=62878.5750 avg=63857.6283 tp=64815.4927 sl=56194.7129 next_so=61985.0472 (SO 1/4)
2026-07-17 06:36:50,410 [WARNING] Bybit price failed (You have breached the ip rate limit or your ip is from the usa. (ErrCode: 403) (ErrTime: 06:36:50).
Request → GET https://api.bybit.com/v5/market/tickers: category=spot&symbol=ETHUSDT.); trying Coinbase
2026-07-17 06:36:50,447 [INFO] ETHUSDT px=1832.9350 avg=1879.0515 tp=1907.2373 sl=1653.5653 next_so=1791.4024 (SO 2/4)
2026-07-17 06:36:50,447 [INFO] Single tick complete (GitHub Actions mode). State saved.
2026-07-17 08:57:22,359 [INFO] === CAPITAL RULES ===
2026-07-17 08:57:22,360 [INFO] Total capital: 1000.00 USDT
2026-07-17 08:57:22,360 [INFO] Per-deal budget: 30.00 USDT (3.0% of capital)
2026-07-17 08:57:22,360 [INFO] Base order: 3.29 USDT, up to 4 safety orders
2026-07-17 08:57:22,360 [INFO] Worst-case loss per deal: 3.60 USDT (0.36% of capital)
2026-07-17 08:57:22,360 [INFO] Max total exposure: 6.0% of capital
2026-07-17 08:57:22,547 [WARNING] Bybit price failed (You have breached the ip rate limit or your ip is from the usa. (ErrCode: 403) (ErrTime: 08:57:22).
Request → GET https://api.bybit.com/v5/market/tickers: category=spot&symbol=BTCUSDT.); trying Coinbase
2026-07-17 08:57:22,695 [INFO] BTCUSDT px=62839.6750 avg=63857.6283 tp=64815.4927 sl=56194.7129 next_so=61985.0472 (SO 1/4)
2026-07-17 08:57:22,715 [WARNING] Bybit price failed (You have breached the ip rate limit or your ip is from the usa. (ErrCode: 403) (ErrTime: 08:57:22).
Request → GET https://api.bybit.com/v5/market/tickers: category=spot&symbol=ETHUSDT.); trying Coinbase
2026-07-17 08:57:22,803 [INFO] ETHUSDT px=1830.2450 avg=1879.0515 tp=1907.2373 sl=1653.5653 next_so=1791.4024 (SO 2/4)
2026-07-17 08:57:22,804 [INFO] Single tick complete (GitHub Actions mode). State saved.
2026-07-17 10:49:24,171 [INFO] === CAPITAL RULES ===
2026-07-17 10:49:24,171 [INFO] Total capital: 1000.00 USDT
2026-07-17 10:49:24,171 [INFO] Per-deal budget: 30.00 USDT (3.0% of capital)
2026-07-17 10:49:24,171 [INFO] Base order: 3.29 USDT, up to 4 safety orders
2026-07-17 10:49:24,171 [INFO] Worst-case loss per deal: 3.60 USDT (0.36% of capital)
2026-07-17 10:49:24,171 [INFO] Max total exposure: 6.0% of capital
2026-07-17 10:49:24,304 [WARNING] Bybit price failed (You have breached the ip rate limit or your ip is from the usa. (ErrCode: 403) (ErrTime: 10:49:24).
Request → GET https://api.bybit.com/v5/market/tickers: category=spot&symbol=BTCUSDT.); trying Coinbase
2026-07-17 10:49:24,348 [INFO] BTCUSDT px=63119.3550 avg=63857.6283 tp=64815.4927 sl=56194.7129 next_so=61985.0472 (SO 1/4)
2026-07-17 10:49:24,352 [WARNING] Bybit price failed (You have breached the ip rate limit or your ip is from the usa. (ErrCode: 403) (ErrTime: 10:49:24).
Request → GET https://api.bybit.com/v5/market/tickers: category=spot&symbol=ETHUSDT.); trying Coinbase
2026-07-17 10:49:24,394 [INFO] ETHUSDT px=1836.9950 avg=1879.0515 tp=1907.2373 sl=1653.5653 next_so=1791.4024 (SO 2/4)
2026-07-17 10:49:24,394 [INFO] Single tick complete (GitHub Actions mode). State saved.
2026-07-17 12:06:43,943 [INFO] === CAPITAL RULES ===
2026-07-17 12:06:43,943 [INFO] Total capital: 1000.00 USDT
2026-07-17 12:06:43,943 [INFO] Per-deal budget: 30.00 USDT (3.0% of capital)
2026-07-17 12:06:43,943 [INFO] Base order: 3.29 USDT, up to 4 safety orders
2026-07-17 12:06:43,943 [INFO] Worst-case loss per deal: 3.60 USDT (0.36% of capital)
2026-07-17 12:06:43,943 [INFO] Max total exposure: 6.0% of capital
2026-07-17 12:06:44,072 [WARNING] Bybit price failed (You have breached the ip rate limit or your ip is from the usa. (ErrCode: 403) (ErrTime: 12:06:44).
Request → GET https://api.bybit.com/v5/market/tickers: category=spot&symbol=BTCUSDT.); trying Coinbase
2026-07-17 12:06:44,121 [INFO] BTCUSDT px=63213.0050 avg=63857.6283 tp=64815.4927 sl=56194.7129 next_so=61985.0472 (SO 1/4)
2026-07-17 12:06:44,126 [WARNING] Bybit price failed (You have breached the ip rate limit or your ip is from the usa. (ErrCode: 403) (ErrTime: 12:06:44).
Request → GET https://api.bybit.com/v5/market/tickers: category=spot&symbol=ETHUSDT.); trying Coinbase
2026-07-17 12:06:44,166 [INFO] ETHUSDT px=1835.0150 avg=1879.0515 tp=1907.2373 sl=1653.5653 next_so=1791.4024 (SO 2/4)
2026-07-17 12:06:44,167 [INFO] Single tick complete (GitHub Actions mode). State saved.
2026-07-17 14:02:08,574 [INFO] === CAPITAL RULES ===
2026-07-17 14:02:08,575 [INFO] Total capital: 1000.00 USDT
2026-07-17 14:02:08,575 [INFO] Per-deal budget: 30.00 USDT (3.0% of capital)
2026-07-17 14:02:08,575 [INFO] Base order: 3.29 USDT, up to 4 safety orders
2026-07-17 14:02:08,575 [INFO] Worst-case loss per deal: 3.60 USDT (0.36% of capital)
2026-07-17 14:02:08,575 [INFO] Max total exposure: 6.0% of capital
2026-07-17 14:02:08,724 [WARNING] Bybit price failed (You have breached the ip rate limit or your ip is from the usa. (ErrCode: 403) (ErrTime: 14:02:08).
Request → GET https://api.bybit.com/v5/market/tickers: category=spot&symbol=BTCUSDT.); trying Coinbase
2026-07-17 14:02:08,779 [INFO] BTCUSDT px=63143.0650 avg=63857.6283 tp=64815.4927 sl=56194.7129 next_so=61985.0472 (SO 1/4)
2026-07-17 14:02:08,802 [WARNING] Bybit price failed (You have breached the ip rate limit or your ip is from the usa. (ErrCode: 403) (ErrTime: 14:02:08).
Request → GET https://api.bybit.com/v5/market/tickers: category=spot&symbol=ETHUSDT.); trying Coinbase
2026-07-17 14:02:08,849 [INFO] ETHUSDT px=1824.2950 avg=1879.0515 tp=1907.2373 sl=1653.5653 next_so=1791.4024 (SO 2/4)
2026-07-17 14:02:08,850 [INFO] Single tick complete (GitHub Actions mode). State saved.
2026-07-17 15:38:28,553 [INFO] === CAPITAL RULES ===
2026-07-17 15:38:28,553 [INFO] Total capital: 1000.00 USDT
2026-07-17 15:38:28,554 [INFO] Per-deal budget: 30.00 USDT (3.0% of capital)
2026-07-17 15:38:28,554 [INFO] Base order: 3.29 USDT, up to 4 safety orders
2026-07-17 15:38:28,554 [INFO] Worst-case loss per deal: 3.60 USDT (0.36% of capital)
2026-07-17 15:38:28,554 [INFO] Max total exposure: 6.0% of capital
2026-07-17 15:38:28,735 [WARNING] Bybit price failed (You have breached the ip rate limit or your ip is from the usa. (ErrCode: 403) (ErrTime: 15:38:28).
Request → GET https://api.bybit.com/v5/market/tickers: category=spot&symbol=BTCUSDT.); trying Coinbase
2026-07-17 15:38:28,805 [INFO] BTCUSDT px=63231.4500 avg=63857.6283 tp=64815.4927 sl=56194.7129 next_so=61985.0472 (SO 1/4)
2026-07-17 15:38:28,820 [WARNING] Bybit price failed (You have breached the ip rate limit or your ip is from the usa. (ErrCode: 403) (ErrTime: 15:38:28).
Request → GET https://api.bybit.com/v5/market/tickers: category=spot&symbol=ETHUSDT.); trying Coinbase
2026-07-17 15:38:28,888 [INFO] ETHUSDT px=1824.3950 avg=1879.0515 tp=1907.2373 sl=1653.5653 next_so=1791.4024 (SO 2/4)
2026-07-17 15:38:28,888 [INFO] Single tick complete (GitHub Actions mode). State saved.
2026-07-17 16:46:11,365 [INFO] === CAPITAL RULES ===
2026-07-17 16:46:11,366 [INFO] Total capital: 1000.00 USDT
2026-07-17 16:46:11,366 [INFO] Per-deal budget: 30.00 USDT (3.0% of capital)
2026-07-17 16:46:11,366 [INFO] Base order: 3.29 USDT, up to 4 safety orders
2026-07-17 16:46:11,366 [INFO] Worst-case loss per deal: 3.60 USDT (0.36% of capital)
2026-07-17 16:46:11,366 [INFO] Max total exposure: 6.0% of capital
2026-07-17 16:46:11,738 [INFO] BTCUSDT px=63553.3000 avg=63857.6283 tp=64815.4927 sl=56194.7129 next_so=61985.0472 (SO 1/4)
2026-07-17 16:46:11,972 [INFO] ETHUSDT px=1837.2300 avg=1879.0515 tp=1907.2373 sl=1653.5653 next_so=1791.4024 (SO 2/4)
2026-07-17 16:46:11,972 [INFO] Single tick complete (GitHub Actions mode). State saved.
2026-07-17 18:03:13,199 [INFO] === CAPITAL RULES ===
2026-07-17 18:03:13,199 [INFO] Total capital: 1000.00 USDT
2026-07-17 18:03:13,199 [INFO] Per-deal budget: 30.00 USDT (3.0% of capital)
2026-07-17 18:03:13,199 [INFO] Base order: 3.29 USDT, up to 4 safety orders
2026-07-17 18:03:13,199 [INFO] Worst-case loss per deal: 3.60 USDT (0.36% of capital)
2026-07-17 18:03:13,199 [INFO] Max total exposure: 6.0% of capital
2026-07-17 18:03:13,370 [WARNING] Bybit price failed (You have breached the ip rate limit or your ip is from the usa. (ErrCode: 403) (ErrTime: 18:03:13).
Request → GET https://api.bybit.com/v5/market/tickers: category=spot&symbol=BTCUSDT.); trying Coinbase
2026-07-17 18:03:13,433 [INFO] BTCUSDT px=64001.8150 avg=63857.6283 tp=64815.4927 sl=56194.7129 next_so=61985.0472 (SO 1/4)
2026-07-17 18:03:13,442 [WARNING] Bybit price failed (You have breached the ip rate limit or your ip is from the usa. (ErrCode: 403) (ErrTime: 18:03:13).
Request → GET https://api.bybit.com/v5/market/tickers: category=spot&symbol=ETHUSDT.); trying Coinbase
2026-07-17 18:03:13,503 [INFO] ETHUSDT px=1842.6450 avg=1879.0515 tp=1907.2373 sl=1653.5653 next_so=1791.4024 (SO 2/4)
2026-07-17 18:03:13,503 [INFO] Single tick complete (GitHub Actions mode). State saved.
2026-07-17 19:31:59,617 [INFO] === CAPITAL RULES ===
2026-07-17 19:31:59,617 [INFO] Total capital: 1000.00 USDT
2026-07-17 19:31:59,617 [INFO] Per-deal budget: 30.00 USDT (3.0% of capital)
2026-07-17 19:31:59,617 [INFO] Base order: 3.29 USDT, up to 4 safety orders
2026-07-17 19:31:59,617 [INFO] Worst-case loss per deal: 3.60 USDT (0.36% of capital)
2026-07-17 19:31:59,618 [INFO] Max total exposure: 6.0% of capital
2026-07-17 19:31:59,681 [WARNING] Bybit price failed (You have breached the ip rate limit or your ip is from the usa. (ErrCode: 403) (ErrTime: 19:31:59).
Request → GET https://api.bybit.com/v5/market/tickers: category=spot&symbol=BTCUSDT.); trying Coinbase
2026-07-17 19:31:59,741 [INFO] BTCUSDT px=64086.0900 avg=63857.6283 tp=64815.4927 sl=56194.7129 next_so=61985.0472 (SO 1/4)
2026-07-17 19:31:59,745 [WARNING] Bybit price failed (You have breached the ip rate limit or your ip is from the usa. (ErrCode: 403) (ErrTime: 19:31:59).
Request → GET https://api.bybit.com/v5/market/tickers: category=spot&symbol=ETHUSDT.); trying Coinbase
2026-07-17 19:31:59,828 [INFO] ETHUSDT px=1841.5550 avg=1879.0515 tp=1907.2373 sl=1653.5653 next_so=1791.4024 (SO 2/4)
2026-07-17 19:31:59,828 [INFO] Single tick complete (GitHub Actions mode). State saved.
2026-07-17 20:31:48,208 [INFO] === CAPITAL RULES ===
2026-07-17 20:31:48,208 [INFO] Total capital: 1000.00 USDT
2026-07-17 20:31:48,208 [INFO] Per-deal budget: 30.00 USDT (3.0% of capital)
2026-07-17 20:31:48,208 [INFO] Base order: 3.29 USDT, up to 4 safety orders
2026-07-17 20:31:48,208 [INFO] Worst-case loss per deal: 3.60 USDT (0.36% of capital)
2026-07-17 20:31:48,208 [INFO] Max total exposure: 6.0% of capital
2026-07-17 20:31:48,424 [WARNING] Bybit price failed (You have breached the ip rate limit or your ip is from the usa. (ErrCode: 403) (ErrTime: 20:31:48).
Request → GET https://api.bybit.com/v5/market/tickers: category=spot&symbol=BTCUSDT.); trying Coinbase
2026-07-17 20:31:48,505 [INFO] BTCUSDT px=63969.4450 avg=63857.6283 tp=64815.4927 sl=56194.7129 next_so=61985.0472 (SO 1/4)
2026-07-17 20:31:48,509 [WARNING] Bybit price failed (You have breached the ip rate limit or your ip is from the usa. (ErrCode: 403) (ErrTime: 20:31:48).
Request → GET https://api.bybit.com/v5/market/tickers: category=spot&symbol=ETHUSDT.); trying Coinbase
2026-07-17 20:31:48,553 [INFO] ETHUSDT px=1839.1750 avg=1879.0515 tp=1907.2373 sl=1653.5653 next_so=1791.4024 (SO 2/4)
2026-07-17 20:31:48,553 [INFO] Single tick complete (GitHub Actions mode). State saved.
2026-07-17 21:32:28,606 [INFO] === CAPITAL RULES ===
2026-07-17 21:32:28,606 [INFO] Total capital: 1000.00 USDT
2026-07-17 21:32:28,606 [INFO] Per-deal budget: 30.00 USDT (3.0% of capital)
2026-07-17 21:32:28,607 [INFO] Base order: 3.29 USDT, up to 4 safety orders
2026-07-17 21:32:28,607 [INFO] Worst-case loss per deal: 3.60 USDT (0.36% of capital)
2026-07-17 21:32:28,607 [INFO] Max total exposure: 6.0% of capital
2026-07-17 21:32:28,813 [WARNING] Bybit price failed (You have breached the ip rate limit or your ip is from the usa. (ErrCode: 403) (ErrTime: 21:32:28).
Request → GET https://api.bybit.com/v5/market/tickers: category=spot&symbol=BTCUSDT.); trying Coinbase
2026-07-17 21:32:28,859 [INFO] BTCUSDT px=64077.4550 avg=63857.6283 tp=64815.4927 sl=56194.7129 next_so=61985.0472 (SO 1/4)
2026-07-17 21:32:28,863 [WARNING] Bybit price failed (You have breached the ip rate limit or your ip is from the usa. (ErrCode: 403) (ErrTime: 21:32:28).
Request → GET https://api.bybit.com/v5/market/tickers: category=spot&symbol=ETHUSDT.); trying Coinbase
2026-07-17 21:32:28,906 [INFO] ETHUSDT px=1841.3150 avg=1879.0515 tp=1907.2373 sl=1653.5653 next_so=1791.4024 (SO 2/4)
2026-07-17 21:32:28,906 [INFO] Single tick complete (GitHub Actions mode). State saved.
2026-07-17 22:30:59,592 [INFO] === CAPITAL RULES ===
2026-07-17 22:30:59,592 [INFO] Total capital: 1000.00 USDT
2026-07-17 22:30:59,593 [INFO] Per-deal budget: 30.00 USDT (3.0% of capital)
2026-07-17 22:30:59,593 [INFO] Base order: 3.29 USDT, up to 4 safety orders
2026-07-17 22:30:59,593 [INFO] Worst-case loss per deal: 3.60 USDT (0.36% of capital)
2026-07-17 22:30:59,593 [INFO] Max total exposure: 6.0% of capital
2026-07-17 22:30:59,758 [WARNING] Bybit price failed (You have breached the ip rate limit or your ip is from the usa. (ErrCode: 403) (ErrTime: 22:30:59).
Request → GET https://api.bybit.com/v5/market/tickers: category=spot&symbol=BTCUSDT.); trying Coinbase
2026-07-17 22:30:59,805 [INFO] BTCUSDT px=63925.2950 avg=63857.6283 tp=64815.4927 sl=56194.7129 next_so=61985.0472 (SO 1/4)
2026-07-17 22:30:59,810 [WARNING] Bybit price failed (You have breached the ip rate limit or your ip is from the usa. (ErrCode: 403) (ErrTime: 22:30:59).
Request → GET https://api.bybit.com/v5/market/tickers: category=spot&symbol=ETHUSDT.); trying Coinbase
2026-07-17 22:30:59,851 [INFO] ETHUSDT px=1838.2850 avg=1879.0515 tp=1907.2373 sl=1653.5653 next_so=1791.4024 (SO 2/4)
2026-07-17 22:30:59,851 [INFO] Single tick complete (GitHub Actions mode). State saved.
2026-07-17 23:33:56,830 [INFO] === CAPITAL RULES ===
2026-07-17 23:33:56,830 [INFO] Total capital: 1000.00 USDT
2026-07-17 23:33:56,830 [INFO] Per-deal budget: 30.00 USDT (3.0% of capital)
2026-07-17 23:33:56,830 [INFO] Base order: 3.29 USDT, up to 4 safety orders
2026-07-17 23:33:56,830 [INFO] Worst-case loss per deal: 3.60 USDT (0.36% of capital)
2026-07-17 23:33:56,830 [INFO] Max total exposure: 6.0% of capital
2026-07-17 23:33:56,969 [WARNING] Bybit price failed (You have breached the ip rate limit or your ip is from the usa. (ErrCode: 403) (ErrTime: 23:33:56).
Request → GET https://api.bybit.com/v5/market/tickers: category=spot&symbol=BTCUSDT.); trying Coinbase
2026-07-17 23:33:57,067 [INFO] BTCUSDT px=63954.7150 avg=63857.6283 tp=64815.4927 sl=56194.7129 next_so=61985.0472 (SO 1/4)
2026-07-17 23:33:57,088 [WARNING] Bybit price failed (You have breached the ip rate limit or your ip is from the usa. (ErrCode: 403) (ErrTime: 23:33:57).
Request → GET https://api.bybit.com/v5/market/tickers: category=spot&symbol=ETHUSDT.); trying Coinbase
2026-07-17 23:33:57,127 [INFO] ETHUSDT px=1841.6250 avg=1879.0515 tp=1907.2373 sl=1653.5653 next_so=1791.4024 (SO 2/4)
2026-07-17 23:33:57,127 [INFO] Single tick complete (GitHub Actions mode). State saved.
2026-07-18 01:05:30,481 [INFO] === CAPITAL RULES ===
2026-07-18 01:05:30,481 [INFO] Total capital: 1000.00 USDT
2026-07-18 01:05:30,481 [INFO] Per-deal budget: 30.00 USDT (3.0% of capital)
2026-07-18 01:05:30,481 [INFO] Base order: 3.29 USDT, up to 4 safety orders
2026-07-18 01:05:30,481 [INFO] Worst-case loss per deal: 3.60 USDT (0.36% of capital)
2026-07-18 01:05:30,481 [INFO] Max total exposure: 6.0% of capital
2026-07-18 01:05:30,764 [WARNING] Bybit price failed (You have breached the ip rate limit or your ip is from the usa. (ErrCode: 403) (ErrTime: 01:05:30).
Request → GET https://api.bybit.com/v5/market/tickers: category=spot&symbol=BTCUSDT.); trying Coinbase
2026-07-18 01:05:30,932 [INFO] BTCUSDT px=63865.6950 avg=63857.6283 tp=64815.4927 sl=56194.7129 next_so=61985.0472 (SO 1/4)
2026-07-18 01:05:30,951 [WARNING] Bybit price failed (You have breached the ip rate limit or your ip is from the usa. (ErrCode: 403) (ErrTime: 01:05:30).
Request → GET https://api.bybit.com/v5/market/tickers: category=spot&symbol=ETHUSDT.); trying Coinbase
2026-07-18 01:05:31,046 [INFO] ETHUSDT px=1839.7050 avg=1879.0515 tp=1907.2373 sl=1653.5653 next_so=1791.4024 (SO 2/4)
2026-07-18 01:05:31,046 [INFO] Single tick complete (GitHub Actions mode). State saved.
2026-07-18 04:13:54,489 [INFO] === CAPITAL RULES ===
2026-07-18 04:13:54,489 [INFO] Total capital: 1000.00 USDT
2026-07-18 04:13:54,489 [INFO] Per-deal budget: 30.00 USDT (3.0% of capital)
2026-07-18 04:13:54,490 [INFO] Base order: 3.29 USDT, up to 4 safety orders
2026-07-18 04:13:54,490 [INFO] Worst-case loss per deal: 3.60 USDT (0.36% of capital)
2026-07-18 04:13:54,490 [INFO] Max total exposure: 6.0% of capital
2026-07-18 04:13:54,564 [WARNING] Bybit price failed (You have breached the ip rate limit or your ip is from the usa. (ErrCode: 403) (ErrTime: 04:13:54).
Request → GET https://api.bybit.com/v5/market/tickers: category=spot&symbol=BTCUSDT.); trying Coinbase
2026-07-18 04:13:54,626 [INFO] BTCUSDT px=63950.3050 avg=63857.6283 tp=64815.4927 sl=56194.7129 next_so=61985.0472 (SO 1/4)
2026-07-18 04:13:54,630 [WARNING] Bybit price failed (You have breached the ip rate limit or your ip is from the usa. (ErrCode: 403) (ErrTime: 04:13:54).
Request → GET https://api.bybit.com/v5/market/tickers: category=spot&symbol=ETHUSDT.); trying Coinbase
2026-07-18 04:13:54,715 [INFO] ETHUSDT px=1843.5850 avg=1879.0515 tp=1907.2373 sl=1653.5653 next_so=1791.4024 (SO 2/4)
2026-07-18 04:13:54,715 [INFO] Single tick complete (GitHub Actions mode). State saved.
2026-07-18 06:20:54,774 [INFO] === CAPITAL RULES ===
2026-07-18 06:20:54,774 [INFO] Total capital: 1000.00 USDT
2026-07-18 06:20:54,774 [INFO] Per-deal budget: 30.00 USDT (3.0% of capital)
2026-07-18 06:20:54,774 [INFO] Base order: 3.29 USDT, up to 4 safety orders
2026-07-18 06:20:54,774 [INFO] Worst-case loss per deal: 3.60 USDT (0.36% of capital)
2026-07-18 06:20:54,774 [INFO] Max total exposure: 6.0% of capital
2026-07-18 06:20:54,847 [WARNING] Bybit price failed (You have breached the ip rate limit or your ip is from the usa. (ErrCode: 403) (ErrTime: 06:20:54).
Request → GET https://api.bybit.com/v5/market/tickers: category=spot&symbol=BTCUSDT.); trying Coinbase
2026-07-18 06:20:54,898 [INFO] BTCUSDT px=63952.0150 avg=63857.6283 tp=64815.4927 sl=56194.7129 next_so=61985.0472 (SO 1/4)
2026-07-18 06:20:54,902 [WARNING] Bybit price failed (You have breached the ip rate limit or your ip is from the usa. (ErrCode: 403) (ErrTime: 06:20:54).
Request → GET https://api.bybit.com/v5/market/tickers: category=spot&symbol=ETHUSDT.); trying Coinbase
2026-07-18 06:20:54,938 [INFO] ETHUSDT px=1845.8450 avg=1879.0515 tp=1907.2373 sl=1653.5653 next_so=1791.4024 (SO 2/4)
2026-07-18 06:20:54,939 [INFO] Single tick complete (GitHub Actions mode). State saved.
2026-07-18 08:17:55,889 [INFO] === CAPITAL RULES ===
2026-07-18 08:17:55,889 [INFO] Total capital: 1000.00 USDT
2026-07-18 08:17:55,889 [INFO] Per-deal budget: 30.00 USDT (3.0% of capital)
2026-07-18 08:17:55,889 [INFO] Base order: 3.29 USDT, up to 4 safety orders
2026-07-18 08:17:55,889 [INFO] Worst-case loss per deal: 3.60 USDT (0.36% of capital)
2026-07-18 08:17:55,889 [INFO] Max total exposure: 6.0% of capital
2026-07-18 08:17:56,146 [WARNING] Bybit price failed (You have breached the ip rate limit or your ip is from the usa. (ErrCode: 403) (ErrTime: 08:17:56).
Request → GET https://api.bybit.com/v5/market/tickers: category=spot&symbol=BTCUSDT.); trying Coinbase
2026-07-18 08:17:56,271 [INFO] BTCUSDT px=63930.0050 avg=63857.6283 tp=64815.4927 sl=56194.7129 next_so=61985.0472 (SO 1/4)
2026-07-18 08:17:56,276 [WARNING] Bybit price failed (You have breached the ip rate limit or your ip is from the usa. (ErrCode: 403) (ErrTime: 08:17:56).
Request → GET https://api.bybit.com/v5/market/tickers: category=spot&symbol=ETHUSDT.); trying Coinbase
2026-07-18 08:17:56,315 [INFO] ETHUSDT px=1843.6650 avg=1879.0515 tp=1907.2373 sl=1653.5653 next_so=1791.4024 (SO 2/4)
2026-07-18 08:17:56,315 [INFO] Single tick complete (GitHub Actions mode). State saved.
2026-07-18 09:55:01,781 [INFO] === CAPITAL RULES ===
2026-07-18 09:55:01,781 [INFO] Total capital: 1000.00 USDT
2026-07-18 09:55:01,782 [INFO] Per-deal budget: 30.00 USDT (3.0% of capital)
2026-07-18 09:55:01,782 [INFO] Base order: 3.29 USDT, up to 4 safety orders
2026-07-18 09:55:01,782 [INFO] Worst-case loss per deal: 3.60 USDT (0.36% of capital)
2026-07-18 09:55:01,782 [INFO] Max total exposure: 6.0% of capital
2026-07-18 09:55:01,835 [WARNING] Bybit price failed (You have breached the ip rate limit or your ip is from the usa. (ErrCode: 403) (ErrTime: 09:55:01).
Request → GET https://api.bybit.com/v5/market/tickers: category=spot&symbol=BTCUSDT.); trying Coinbase
2026-07-18 09:55:01,896 [INFO] BTCUSDT px=63942.1050 avg=63857.6283 tp=64815.4927 sl=56194.7129 next_so=61985.0472 (SO 1/4)
2026-07-18 09:55:01,900 [WARNING] Bybit price failed (You have breached the ip rate limit or your ip is from the usa. (ErrCode: 403) (ErrTime: 09:55:01).
Request → GET https://api.bybit.com/v5/market/tickers: category=spot&symbol=ETHUSDT.); trying Coinbase
2026-07-18 09:55:01,941 [INFO] ETHUSDT px=1844.2550 avg=1879.0515 tp=1907.2373 sl=1653.5653 next_so=1791.4024 (SO 2/4)
2026-07-18 09:55:01,941 [INFO] Single tick complete (GitHub Actions mode). State saved.
2026-07-18 11:00:11,114 [INFO] === CAPITAL RULES ===
2026-07-18 11:00:11,115 [INFO] Total capital: 1000.00 USDT
2026-07-18 11:00:11,115 [INFO] Per-deal budget: 30.00 USDT (3.0% of capital)
2026-07-18 11:00:11,115 [INFO] Base order: 3.29 USDT, up to 4 safety orders
2026-07-18 11:00:11,115 [INFO] Worst-case loss per deal: 3.60 USDT (0.36% of capital)
2026-07-18 11:00:11,115 [INFO] Max total exposure: 6.0% of capital
2026-07-18 11:00:11,262 [WARNING] Bybit price failed (You have breached the ip rate limit or your ip is from the usa. (ErrCode: 403) (ErrTime: 11:00:11).
Request → GET https://api.bybit.com/v5/market/tickers: category=spot&symbol=BTCUSDT.); trying Coinbase
2026-07-18 11:00:11,345 [INFO] BTCUSDT px=63961.4850 avg=63857.6283 tp=64815.4927 sl=56194.7129 next_so=61985.0472 (SO 1/4)
2026-07-18 11:00:11,356 [WARNING] Bybit price failed (You have breached the ip rate limit or your ip is from the usa. (ErrCode: 403) (ErrTime: 11:00:11).
Request → GET https://api.bybit.com/v5/market/tickers: category=spot&symbol=ETHUSDT.); trying Coinbase
2026-07-18 11:00:11,448 [INFO] ETHUSDT px=1844.1850 avg=1879.0515 tp=1907.2373 sl=1653.5653 next_so=1791.4024 (SO 2/4)
2026-07-18 11:00:11,448 [INFO] Single tick complete (GitHub Actions mode). State saved.
2026-07-18 11:59:34,665 [INFO] === CAPITAL RULES ===
2026-07-18 11:59:34,665 [INFO] Total capital: 1000.00 USDT
2026-07-18 11:59:34,666 [INFO] Per-deal budget: 30.00 USDT (3.0% of capital)
2026-07-18 11:59:34,666 [INFO] Base order: 3.29 USDT, up to 4 safety orders
2026-07-18 11:59:34,666 [INFO] Worst-case loss per deal: 3.60 USDT (0.36% of capital)
2026-07-18 11:59:34,666 [INFO] Max total exposure: 6.0% of capital
2026-07-18 11:59:34,799 [WARNING] Bybit price failed (You have breached the ip rate limit or your ip is from the usa. (ErrCode: 403) (ErrTime: 11:59:34).
Request → GET https://api.bybit.com/v5/market/tickers: category=spot&symbol=BTCUSDT.); trying Coinbase
2026-07-18 11:59:34,849 [INFO] BTCUSDT px=64014.1850 avg=63857.6283 tp=64815.4927 sl=56194.7129 next_so=61985.0472 (SO 1/4)
2026-07-18 11:59:34,854 [WARNING] Bybit price failed (You have breached the ip rate limit or your ip is from the usa. (ErrCode: 403) (ErrTime: 11:59:34).
Request → GET https://api.bybit.com/v5/market/tickers: category=spot&symbol=ETHUSDT.); trying Coinbase
2026-07-18 11:59:34,902 [INFO] ETHUSDT px=1844.1650 avg=1879.0515 tp=1907.2373 sl=1653.5653 next_so=1791.4024 (SO 2/4)
2026-07-18 11:59:34,902 [INFO] Single tick complete (GitHub Actions mode). State saved.
2026-07-18 13:40:07,316 [INFO] === CAPITAL RULES ===
2026-07-18 13:40:07,316 [INFO] Total capital: 1000.00 USDT
2026-07-18 13:40:07,316 [INFO] Per-deal budget: 30.00 USDT (3.0% of capital)
2026-07-18 13:40:07,317 [INFO] Base order: 3.29 USDT, up to 4 safety orders
2026-07-18 13:40:07,317 [INFO] Worst-case loss per deal: 3.60 USDT (0.36% of capital)
2026-07-18 13:40:07,317 [INFO] Max total exposure: 6.0% of capital
2026-07-18 13:40:07,568 [WARNING] Bybit price failed (You have breached the ip rate limit or your ip is from the usa. (ErrCode: 403) (ErrTime: 13:40:07).
Request → GET https://api.bybit.com/v5/market/tickers: category=spot&symbol=BTCUSDT.); trying Coinbase
2026-07-18 13:40:07,747 [INFO] BTCUSDT px=64017.2850 avg=63857.6283 tp=64815.4927 sl=56194.7129 next_so=61985.0472 (SO 1/4)
2026-07-18 13:40:07,766 [WARNING] Bybit price failed (You have breached the ip rate limit or your ip is from the usa. (ErrCode: 403) (ErrTime: 13:40:07).
Request → GET https://api.bybit.com/v5/market/tickers: category=spot&symbol=ETHUSDT.); trying Coinbase
2026-07-18 13:40:07,809 [INFO] ETHUSDT px=1840.6500 avg=1879.0515 tp=1907.2373 sl=1653.5653 next_so=1791.4024 (SO 2/4)
2026-07-18 13:40:07,809 [INFO] Single tick complete (GitHub Actions mode). State saved.
2026-07-18 14:39:07,246 [INFO] === CAPITAL RULES ===
2026-07-18 14:39:07,246 [INFO] Total capital: 1000.00 USDT
2026-07-18 14:39:07,246 [INFO] Per-deal budget: 30.00 USDT (3.0% of capital)
2026-07-18 14:39:07,246 [INFO] Base order: 3.29 USDT, up to 4 safety orders
2026-07-18 14:39:07,246 [INFO] Worst-case loss per deal: 3.60 USDT (0.36% of capital)
2026-07-18 14:39:07,246 [INFO] Max total exposure: 6.0% of capital
2026-07-18 14:39:07,387 [WARNING] Bybit price failed (You have breached the ip rate limit or your ip is from the usa. (ErrCode: 403) (ErrTime: 14:39:07).
Request → GET https://api.bybit.com/v5/market/tickers: category=spot&symbol=BTCUSDT.); trying Coinbase
2026-07-18 14:39:07,493 [INFO] BTCUSDT px=64120.0050 avg=63857.6283 tp=64815.4927 sl=56194.7129 next_so=61985.0472 (SO 1/4)
2026-07-18 14:39:07,503 [WARNING] Bybit price failed (You have breached the ip rate limit or your ip is from the usa. (ErrCode: 403) (ErrTime: 14:39:07).
Request → GET https://api.bybit.com/v5/market/tickers: category=spot&symbol=ETHUSDT.); trying Coinbase
2026-07-18 14:39:07,557 [INFO] ETHUSDT px=1844.1150 avg=1879.0515 tp=1907.2373 sl=1653.5653 next_so=1791.4024 (SO 2/4)
2026-07-18 14:39:07,558 [INFO] Single tick complete (GitHub Actions mode). State saved.
2026-07-18 15:37:35,675 [INFO] === CAPITAL RULES ===
2026-07-18 15:37:35,675 [INFO] Total capital: 1000.00 USDT
2026-07-18 15:37:35,675 [INFO] Per-deal budget: 30.00 USDT (3.0% of capital)
2026-07-18 15:37:35,675 [INFO] Base order: 3.29 USDT, up to 4 safety orders
2026-07-18 15:37:35,675 [INFO] Worst-case loss per deal: 3.60 USDT (0.36% of capital)
2026-07-18 15:37:35,675 [INFO] Max total exposure: 6.0% of capital
2026-07-18 15:37:35,862 [WARNING] Bybit price failed (You have breached the ip rate limit or your ip is from the usa. (ErrCode: 403) (ErrTime: 15:37:35).
Request → GET https://api.bybit.com/v5/market/tickers: category=spot&symbol=BTCUSDT.); trying Coinbase
2026-07-18 15:37:35,971 [INFO] BTCUSDT px=64024.6350 avg=63857.6283 tp=64815.4927 sl=56194.7129 next_so=61985.0472 (SO 1/4)
2026-07-18 15:37:35,982 [WARNING] Bybit price failed (You have breached the ip rate limit or your ip is from the usa. (ErrCode: 403) (ErrTime: 15:37:35).
Request → GET https://api.bybit.com/v5/market/tickers: category=spot&symbol=ETHUSDT.); trying Coinbase
2026-07-18 15:37:36,085 [INFO] ETHUSDT px=1843.0800 avg=1879.0515 tp=1907.2373 sl=1653.5653 next_so=1791.4024 (SO 2/4)
2026-07-18 15:37:36,085 [INFO] Single tick complete (GitHub Actions mode). State saved.
2026-07-18 16:36:17,288 [INFO] === CAPITAL RULES ===
2026-07-18 16:36:17,288 [INFO] Total capital: 1000.00 USDT
2026-07-18 16:36:17,288 [INFO] Per-deal budget: 30.00 USDT (3.0% of capital)
2026-07-18 16:36:17,288 [INFO] Base order: 3.29 USDT, up to 4 safety orders
2026-07-18 16:36:17,288 [INFO] Worst-case loss per deal: 3.60 USDT (0.36% of capital)
2026-07-18 16:36:17,288 [INFO] Max total exposure: 6.0% of capital
2026-07-18 16:36:17,365 [WARNING] Bybit price failed (You have breached the ip rate limit or your ip is from the usa. (ErrCode: 403) (ErrTime: 16:36:17).
Request → GET https://api.bybit.com/v5/market/tickers: category=spot&symbol=BTCUSDT.); trying Coinbase
2026-07-18 16:36:17,440 [INFO] BTCUSDT px=64111.0400 avg=63857.6283 tp=64815.4927 sl=56194.7129 next_so=61985.0472 (SO 1/4)
2026-07-18 16:36:17,443 [WARNING] Bybit price failed (You have breached the ip rate limit or your ip is from the usa. (ErrCode: 403) (ErrTime: 16:36:17).
Request → GET https://api.bybit.com/v5/market/tickers: category=spot&symbol=ETHUSDT.); trying Coinbase
2026-07-18 16:36:17,505 [INFO] ETHUSDT px=1843.3900 avg=1879.0515 tp=1907.2373 sl=1653.5653 next_so=1791.4024 (SO 2/4)
2026-07-18 16:36:17,505 [INFO] Single tick complete (GitHub Actions mode). State saved.
2026-07-18 17:40:35,624 [INFO] === CAPITAL RULES ===
2026-07-18 17:40:35,624 [INFO] Total capital: 1000.00 USDT
2026-07-18 17:40:35,624 [INFO] Per-deal budget: 30.00 USDT (3.0% of capital)
2026-07-18 17:40:35,624 [INFO] Base order: 3.29 USDT, up to 4 safety orders
2026-07-18 17:40:35,624 [INFO] Worst-case loss per deal: 3.60 USDT (0.36% of capital)
2026-07-18 17:40:35,625 [INFO] Max total exposure: 6.0% of capital
2026-07-18 17:40:35,699 [WARNING] Bybit price failed (You have breached the ip rate limit or your ip is from the usa. (ErrCode: 403) (ErrTime: 17:40:35).
Request → GET https://api.bybit.com/v5/market/tickers: category=spot&symbol=BTCUSDT.); trying Coinbase
2026-07-18 17:40:35,807 [INFO] BTCUSDT px=64387.5750 avg=63857.6283 tp=64815.4927 sl=56194.7129 next_so=61985.0472 (SO 1/4)
2026-07-18 17:40:35,811 [WARNING] Bybit price failed (You have breached the ip rate limit or your ip is from the usa. (ErrCode: 403) (ErrTime: 17:40:35).
Request → GET https://api.bybit.com/v5/market/tickers: category=spot&symbol=ETHUSDT.); trying Coinbase
2026-07-18 17:40:35,850 [INFO] ETHUSDT px=1847.6450 avg=1879.0515 tp=1907.2373 sl=1653.5653 next_so=1791.4024 (SO 2/4)
2026-07-18 17:40:35,850 [INFO] Single tick complete (GitHub Actions mode). State saved.
2026-07-18 18:36:47,955 [INFO] === CAPITAL RULES ===
2026-07-18 18:36:47,955 [INFO] Total capital: 1000.00 USDT
2026-07-18 18:36:47,955 [INFO] Per-deal budget: 30.00 USDT (3.0% of capital)
2026-07-18 18:36:47,956 [INFO] Base order: 3.29 USDT, up to 4 safety orders
2026-07-18 18:36:47,956 [INFO] Worst-case loss per deal: 3.60 USDT (0.36% of capital)
2026-07-18 18:36:47,956 [INFO] Max total exposure: 6.0% of capital
2026-07-18 18:36:48,103 [WARNING] Bybit price failed (You have breached the ip rate limit or your ip is from the usa. (ErrCode: 403) (ErrTime: 18:36:48).
Request → GET https://api.bybit.com/v5/market/tickers: category=spot&symbol=BTCUSDT.); trying Coinbase
2026-07-18 18:36:48,163 [INFO] BTCUSDT px=64478.3250 avg=63857.6283 tp=64815.4927 sl=56194.7129 next_so=61985.0472 (SO 1/4)
2026-07-18 18:36:48,174 [WARNING] Bybit price failed (You have breached the ip rate limit or your ip is from the usa. (ErrCode: 403) (ErrTime: 18:36:48).
Request → GET https://api.bybit.com/v5/market/tickers: category=spot&symbol=ETHUSDT.); trying Coinbase
2026-07-18 18:36:48,233 [INFO] ETHUSDT px=1854.5300 avg=1879.0515 tp=1907.2373 sl=1653.5653 next_so=1791.4024 (SO 2/4)
2026-07-18 18:36:48,233 [INFO] Single tick complete (GitHub Actions mode). State saved.
2026-07-18 19:50:50,168 [INFO] === CAPITAL RULES ===
2026-07-18 19:50:50,168 [INFO] Total capital: 1000.00 USDT
2026-07-18 19:50:50,168 [INFO] Per-deal budget: 30.00 USDT (3.0% of capital)
2026-07-18 19:50:50,168 [INFO] Base order: 3.29 USDT, up to 4 safety orders
2026-07-18 19:50:50,168 [INFO] Worst-case loss per deal: 3.60 USDT (0.36% of capital)
2026-07-18 19:50:50,168 [INFO] Max total exposure: 6.0% of capital
2026-07-18 19:50:50,403 [WARNING] Bybit price failed (You have breached the ip rate limit or your ip is from the usa. (ErrCode: 403) (ErrTime: 19:50:50).
Request → GET https://api.bybit.com/v5/market/tickers: category=spot&symbol=BTCUSDT.); trying Coinbase
2026-07-18 19:50:50,513 [INFO] BTCUSDT px=64497.5650 avg=63857.6283 tp=64815.4927 sl=56194.7129 next_so=61985.0472 (SO 1/4)
2026-07-18 19:50:50,525 [WARNING] Bybit price failed (You have breached the ip rate limit or your ip is from the usa. (ErrCode: 403) (ErrTime: 19:50:50).
Request → GET https://api.bybit.com/v5/market/tickers: category=spot&symbol=ETHUSDT.); trying Coinbase
2026-07-18 19:50:50,637 [INFO] ETHUSDT px=1856.6750 avg=1879.0515 tp=1907.2373 sl=1653.5653 next_so=1791.4024 (SO 2/4)
2026-07-18 19:50:50,637 [INFO] Single tick complete (GitHub Actions mode). State saved.
2026-07-18 20:42:34,187 [INFO] === CAPITAL RULES ===
2026-07-18 20:42:34,187 [INFO] Total capital: 1000.00 USDT
2026-07-18 20:42:34,187 [INFO] Per-deal budget: 30.00 USDT (3.0% of capital)
2026-07-18 20:42:34,187 [INFO] Base order: 3.29 USDT, up to 4 safety orders
2026-07-18 20:42:34,187 [INFO] Worst-case loss per deal: 3.60 USDT (0.36% of capital)
2026-07-18 20:42:34,187 [INFO] Max total exposure: 6.0% of capital
2026-07-18 20:42:34,314 [WARNING] Bybit price failed (You have breached the ip rate limit or your ip is from the usa. (ErrCode: 403) (ErrTime: 20:42:34).
Request → GET https://api.bybit.com/v5/market/tickers: category=spot&symbol=BTCUSDT.); trying Coinbase
2026-07-18 20:42:34,357 [INFO] BTCUSDT px=64576.6350 avg=63857.6283 tp=64815.4927 sl=56194.7129 next_so=61985.0472 (SO 1/4)
2026-07-18 20:42:34,361 [WARNING] Bybit price failed (You have breached the ip rate limit or your ip is from the usa. (ErrCode: 403) (ErrTime: 20:42:34).
Request → GET https://api.bybit.com/v5/market/tickers: category=spot&symbol=ETHUSDT.); trying Coinbase
2026-07-18 20:42:34,400 [INFO] ETHUSDT px=1856.6200 avg=1879.0515 tp=1907.2373 sl=1653.5653 next_so=1791.4024 (SO 2/4)
2026-07-18 20:42:34,400 [INFO] Single tick complete (GitHub Actions mode). State saved.
2026-07-18 21:34:48,514 [INFO] === CAPITAL RULES ===
2026-07-18 21:34:48,515 [INFO] Total capital: 1000.00 USDT
2026-07-18 21:34:48,515 [INFO] Per-deal budget: 30.00 USDT (3.0% of capital)
2026-07-18 21:34:48,515 [INFO] Base order: 3.29 USDT, up to 4 safety orders
2026-07-18 21:34:48,515 [INFO] Worst-case loss per deal: 3.60 USDT (0.36% of capital)
2026-07-18 21:34:48,515 [INFO] Max total exposure: 6.0% of capital
2026-07-18 21:34:48,571 [WARNING] Bybit price failed (You have breached the ip rate limit or your ip is from the usa. (ErrCode: 403) (ErrTime: 21:34:48).
Request → GET https://api.bybit.com/v5/market/tickers: category=spot&symbol=BTCUSDT.); trying Coinbase
2026-07-18 21:34:48,754 [INFO] BTCUSDT px=64664.9650 avg=63857.6283 tp=64815.4927 sl=56194.7129 next_so=61985.0472 (SO 1/4)
2026-07-18 21:34:48,758 [WARNING] Bybit price failed (You have breached the ip rate limit or your ip is from the usa. (ErrCode: 403) (ErrTime: 21:34:48).
Request → GET https://api.bybit.com/v5/market/tickers: category=spot&symbol=ETHUSDT.); trying Coinbase
2026-07-18 21:34:48,810 [INFO] ETHUSDT px=1858.1100 avg=1879.0515 tp=1907.2373 sl=1653.5653 next_so=1791.4024 (SO 2/4)
2026-07-18 21:34:48,810 [INFO] Single tick complete (GitHub Actions mode). State saved.
2026-07-18 22:32:18,797 [INFO] === CAPITAL RULES ===
2026-07-18 22:32:18,797 [INFO] Total capital: 1000.00 USDT
2026-07-18 22:32:18,797 [INFO] Per-deal budget: 30.00 USDT (3.0% of capital)
2026-07-18 22:32:18,797 [INFO] Base order: 3.29 USDT, up to 4 safety orders
2026-07-18 22:32:18,797 [INFO] Worst-case loss per deal: 3.60 USDT (0.36% of capital)
2026-07-18 22:32:18,797 [INFO] Max total exposure: 6.0% of capital
2026-07-18 22:32:18,868 [WARNING] Bybit price failed (You have breached the ip rate limit or your ip is from the usa. (ErrCode: 403) (ErrTime: 22:32:18).
Request → GET https://api.bybit.com/v5/market/tickers: category=spot&symbol=BTCUSDT.); trying Coinbase
2026-07-18 22:32:18,973 [INFO] BTCUSDT px=64679.6750 avg=63857.6283 tp=64815.4927 sl=56194.7129 next_so=61985.0472 (SO 1/4)
2026-07-18 22:32:18,977 [WARNING] Bybit price failed (You have breached the ip rate limit or your ip is from the usa. (ErrCode: 403) (ErrTime: 22:32:18).
Request → GET https://api.bybit.com/v5/market/tickers: category=spot&symbol=ETHUSDT.); trying Coinbase
2026-07-18 22:32:19,033 [INFO] ETHUSDT px=1859.5350 avg=1879.0515 tp=1907.2373 sl=1653.5653 next_so=1791.4024 (SO 2/4)
2026-07-18 22:32:19,034 [INFO] Single tick complete (GitHub Actions mode). State saved.
2026-07-18 23:35:53,432 [INFO] === CAPITAL RULES ===
2026-07-18 23:35:53,432 [INFO] Total capital: 1000.00 USDT
2026-07-18 23:35:53,432 [INFO] Per-deal budget: 30.00 USDT (3.0% of capital)
2026-07-18 23:35:53,432 [INFO] Base order: 3.29 USDT, up to 4 safety orders
2026-07-18 23:35:53,432 [INFO] Worst-case loss per deal: 3.60 USDT (0.36% of capital)
2026-07-18 23:35:53,432 [INFO] Max total exposure: 6.0% of capital
2026-07-18 23:35:53,502 [WARNING] Bybit price failed (You have breached the ip rate limit or your ip is from the usa. (ErrCode: 403) (ErrTime: 23:35:53).
Request → GET https://api.bybit.com/v5/market/tickers: category=spot&symbol=BTCUSDT.); trying Coinbase
2026-07-18 23:35:53,542 [INFO] BTCUSDT px=64765.8950 avg=63857.6283 tp=64815.4927 sl=56194.7129 next_so=61985.0472 (SO 1/4)
2026-07-18 23:35:53,547 [WARNING] Bybit price failed (You have breached the ip rate limit or your ip is from the usa. (ErrCode: 403) (ErrTime: 23:35:53).
Request → GET https://api.bybit.com/v5/market/tickers: category=spot&symbol=ETHUSDT.); trying Coinbase
2026-07-18 23:35:53,580 [INFO] ETHUSDT px=1860.4850 avg=1879.0515 tp=1907.2373 sl=1653.5653 next_so=1791.4024 (SO 2/4)
2026-07-18 23:35:53,581 [INFO] Single tick complete (GitHub Actions mode). State saved.
2026-07-19 01:10:18,318 [INFO] === CAPITAL RULES ===
2026-07-19 01:10:18,318 [INFO] Total capital: 1000.00 USDT
2026-07-19 01:10:18,318 [INFO] Per-deal budget: 30.00 USDT (3.0% of capital)
2026-07-19 01:10:18,318 [INFO] Base order: 3.29 USDT, up to 4 safety orders
2026-07-19 01:10:18,318 [INFO] Worst-case loss per deal: 3.60 USDT (0.36% of capital)
2026-07-19 01:10:18,318 [INFO] Max total exposure: 6.0% of capital
2026-07-19 01:10:18,478 [WARNING] Bybit price failed (You have breached the ip rate limit or your ip is from the usa. (ErrCode: 403) (ErrTime: 01:10:18).
Request → GET https://api.bybit.com/v5/market/tickers: category=spot&symbol=BTCUSDT.); trying Coinbase
2026-07-19 01:10:18,538 [INFO] BTCUSDT px=64737.0050 avg=63857.6283 tp=64815.4927 sl=56194.7129 next_so=61985.0472 (SO 1/4)
2026-07-19 01:10:18,546 [WARNING] Bybit price failed (You have breached the ip rate limit or your ip is from the usa. (ErrCode: 403) (ErrTime: 01:10:18).
Request → GET https://api.bybit.com/v5/market/tickers: category=spot&symbol=ETHUSDT.); trying Coinbase
2026-07-19 01:10:18,596 [INFO] ETHUSDT px=1858.9750 avg=1879.0515 tp=1907.2373 sl=1653.5653 next_so=1791.4024 (SO 2/4)
2026-07-19 01:10:18,596 [INFO] Single tick complete (GitHub Actions mode). State saved.
2026-07-19 04:34:51,792 [INFO] === CAPITAL RULES ===
2026-07-19 04:34:51,792 [INFO] Total capital: 1000.00 USDT
2026-07-19 04:34:51,792 [INFO] Per-deal budget: 30.00 USDT (3.0% of capital)
2026-07-19 04:34:51,792 [INFO] Base order: 3.29 USDT, up to 4 safety orders
2026-07-19 04:34:51,792 [INFO] Worst-case loss per deal: 3.60 USDT (0.36% of capital)
2026-07-19 04:34:51,792 [INFO] Max total exposure: 6.0% of capital
2026-07-19 04:34:51,853 [WARNING] Bybit price failed (You have breached the ip rate limit or your ip is from the usa. (ErrCode: 403) (ErrTime: 04:34:51).
Request → GET https://api.bybit.com/v5/market/tickers: category=spot&symbol=BTCUSDT.); trying Coinbase
2026-07-19 04:34:51,897 [INFO] BTCUSDT px=64660.4650 avg=63857.6283 tp=64815.4927 sl=56194.7129 next_so=61985.0472 (SO 1/4)
2026-07-19 04:34:51,904 [WARNING] Bybit price failed (You have breached the ip rate limit or your ip is from the usa. (ErrCode: 403) (ErrTime: 04:34:51).
Request → GET https://api.bybit.com/v5/market/tickers: category=spot&symbol=ETHUSDT.); trying Coinbase
2026-07-19 04:34:51,941 [INFO] ETHUSDT px=1865.5250 avg=1879.0515 tp=1907.2373 sl=1653.5653 next_so=1791.4024 (SO 2/4)
2026-07-19 04:34:51,942 [INFO] Single tick complete (GitHub Actions mode). State saved.
2026-07-19 07:15:01,229 [INFO] === CAPITAL RULES ===
2026-07-19 07:15:01,229 [INFO] Total capital: 1000.00 USDT
2026-07-19 07:15:01,229 [INFO] Per-deal budget: 30.00 USDT (3.0% of capital)
2026-07-19 07:15:01,229 [INFO] Base order: 3.29 USDT, up to 4 safety orders
2026-07-19 07:15:01,229 [INFO] Worst-case loss per deal: 3.60 USDT (0.36% of capital)
2026-07-19 07:15:01,229 [INFO] Max total exposure: 6.0% of capital
2026-07-19 07:15:01,360 [WARNING] Bybit price failed (You have breached the ip rate limit or your ip is from the usa. (ErrCode: 403) (ErrTime: 07:15:01).
Request → GET https://api.bybit.com/v5/market/tickers: category=spot&symbol=BTCUSDT.); trying Coinbase
2026-07-19 07:15:01,404 [INFO] BTCUSDT px=64653.7150 avg=63857.6283 tp=64815.4927 sl=56194.7129 next_so=61985.0472 (SO 1/4)
2026-07-19 07:15:01,408 [WARNING] Bybit price failed (You have breached the ip rate limit or your ip is from the usa. (ErrCode: 403) (ErrTime: 07:15:01).
Request → GET https://api.bybit.com/v5/market/tickers: category=spot&symbol=ETHUSDT.); trying Coinbase
2026-07-19 07:15:01,448 [INFO] ETHUSDT px=1866.7050 avg=1879.0515 tp=1907.2373 sl=1653.5653 next_so=1791.4024 (SO 2/4)
2026-07-19 07:15:01,449 [INFO] Single tick complete (GitHub Actions mode). State saved.
2026-07-19 09:19:25,861 [INFO] === CAPITAL RULES ===
2026-07-19 09:19:25,861 [INFO] Total capital: 1000.00 USDT
2026-07-19 09:19:25,861 [INFO] Per-deal budget: 30.00 USDT (3.0% of capital)
2026-07-19 09:19:25,861 [INFO] Base order: 3.29 USDT, up to 4 safety orders
2026-07-19 09:19:25,861 [INFO] Worst-case loss per deal: 3.60 USDT (0.36% of capital)
2026-07-19 09:19:25,861 [INFO] Max total exposure: 6.0% of capital
2026-07-19 09:19:25,966 [WARNING] Bybit price failed (You have breached the ip rate limit or your ip is from the usa. (ErrCode: 403) (ErrTime: 09:19:25).
Request → GET https://api.bybit.com/v5/market/tickers: category=spot&symbol=BTCUSDT.); trying Coinbase
2026-07-19 09:19:26,046 [INFO] BTCUSDT px=64555.5400 avg=63857.6283 tp=64815.4927 sl=56194.7129 next_so=61985.0472 (SO 1/4)
2026-07-19 09:19:26,050 [WARNING] Bybit price failed (You have breached the ip rate limit or your ip is from the usa. (ErrCode: 403) (ErrTime: 09:19:26).
Request → GET https://api.bybit.com/v5/market/tickers: category=spot&symbol=ETHUSDT.); trying Coinbase
2026-07-19 09:19:26,113 [INFO] ETHUSDT px=1867.6300 avg=1879.0515 tp=1907.2373 sl=1653.5653 next_so=1791.4024 (SO 2/4)
2026-07-19 09:19:26,114 [INFO] Single tick complete (GitHub Actions mode). State saved.
2026-07-19 10:52:15,436 [INFO] === CAPITAL RULES ===
2026-07-19 10:52:15,436 [INFO] Total capital: 1000.00 USDT
2026-07-19 10:52:15,436 [INFO] Per-deal budget: 30.00 USDT (3.0% of capital)
2026-07-19 10:52:15,436 [INFO] Base order: 3.29 USDT, up to 4 safety orders
2026-07-19 10:52:15,436 [INFO] Worst-case loss per deal: 3.60 USDT (0.36% of capital)
2026-07-19 10:52:15,436 [INFO] Max total exposure: 6.0% of capital
2026-07-19 10:52:15,524 [WARNING] Bybit price failed (You have breached the ip rate limit or your ip is from the usa. (ErrCode: 403) (ErrTime: 10:52:15).
Request → GET https://api.bybit.com/v5/market/tickers: category=spot&symbol=BTCUSDT.); trying Coinbase
2026-07-19 10:52:15,652 [INFO] BTCUSDT px=64567.4950 avg=63857.6283 tp=64815.4927 sl=56194.7129 next_so=61985.0472 (SO 1/4)
2026-07-19 10:52:15,655 [WARNING] Bybit price failed (You have breached the ip rate limit or your ip is from the usa. (ErrCode: 403) (ErrTime: 10:52:15).
Request → GET https://api.bybit.com/v5/market/tickers: category=spot&symbol=ETHUSDT.); trying Coinbase
2026-07-19 10:52:15,719 [INFO] ETHUSDT px=1872.1250 avg=1879.0515 tp=1907.2373 sl=1653.5653 next_so=1791.4024 (SO 2/4)
2026-07-19 10:52:15,719 [INFO] Single tick complete (GitHub Actions mode). State saved.
2026-07-19 11:54:51,085 [INFO] === CAPITAL RULES ===
2026-07-19 11:54:51,085 [INFO] Total capital: 1000.00 USDT
2026-07-19 11:54:51,085 [INFO] Per-deal budget: 30.00 USDT (3.0% of capital)
2026-07-19 11:54:51,085 [INFO] Base order: 3.29 USDT, up to 4 safety orders
2026-07-19 11:54:51,085 [INFO] Worst-case loss per deal: 3.60 USDT (0.36% of capital)
2026-07-19 11:54:51,085 [INFO] Max total exposure: 6.0% of capital
2026-07-19 11:54:51,297 [WARNING] Bybit price failed (You have breached the ip rate limit or your ip is from the usa. (ErrCode: 403) (ErrTime: 11:54:51).
Request → GET https://api.bybit.com/v5/market/tickers: category=spot&symbol=BTCUSDT.); trying Coinbase
2026-07-19 11:54:51,440 [INFO] BTCUSDT px=64431.5250 avg=63857.6283 tp=64815.4927 sl=56194.7129 next_so=61985.0472 (SO 1/4)
2026-07-19 11:54:51,459 [WARNING] Bybit price failed (You have breached the ip rate limit or your ip is from the usa. (ErrCode: 403) (ErrTime: 11:54:51).
Request → GET https://api.bybit.com/v5/market/tickers: category=spot&symbol=ETHUSDT.); trying Coinbase
2026-07-19 11:54:51,500 [INFO] ETHUSDT px=1870.6850 avg=1879.0515 tp=1907.2373 sl=1653.5653 next_so=1791.4024 (SO 2/4)
2026-07-19 11:54:51,500 [INFO] Single tick complete (GitHub Actions mode). State saved.
2026-07-19 13:11:00,444 [INFO] === CAPITAL RULES ===
2026-07-19 13:11:00,444 [INFO] Total capital: 1000.00 USDT
2026-07-19 13:11:00,444 [INFO] Per-deal budget: 30.00 USDT (3.0% of capital)
2026-07-19 13:11:00,444 [INFO] Base order: 3.29 USDT, up to 4 safety orders
2026-07-19 13:11:00,444 [INFO] Worst-case loss per deal: 3.60 USDT (0.36% of capital)
2026-07-19 13:11:00,444 [INFO] Max total exposure: 6.0% of capital
2026-07-19 13:11:00,644 [WARNING] Bybit price failed (You have breached the ip rate limit or your ip is from the usa. (ErrCode: 403) (ErrTime: 13:11:00).
Request → GET https://api.bybit.com/v5/market/tickers: category=spot&symbol=BTCUSDT.); trying Coinbase
2026-07-19 13:11:00,693 [INFO] BTCUSDT px=64311.6850 avg=63857.6283 tp=64815.4927 sl=56194.7129 next_so=61985.0472 (SO 1/4)
2026-07-19 13:11:00,697 [WARNING] Bybit price failed (You have breached the ip rate limit or your ip is from the usa. (ErrCode: 403) (ErrTime: 13:11:00).
Request → GET https://api.bybit.com/v5/market/tickers: category=spot&symbol=ETHUSDT.); trying Coinbase
2026-07-19 13:11:00,737 [INFO] ETHUSDT px=1865.5050 avg=1879.0515 tp=1907.2373 sl=1653.5653 next_so=1791.4024 (SO 2/4)
2026-07-19 13:11:00,737 [INFO] Single tick complete (GitHub Actions mode). State saved.
2026-07-19 14:34:50,305 [INFO] === CAPITAL RULES ===
2026-07-19 14:34:50,305 [INFO] Total capital: 1000.00 USDT
2026-07-19 14:34:50,305 [INFO] Per-deal budget: 30.00 USDT (3.0% of capital)
2026-07-19 14:34:50,305 [INFO] Base order: 3.29 USDT, up to 4 safety orders
2026-07-19 14:34:50,305 [INFO] Worst-case loss per deal: 3.60 USDT (0.36% of capital)
2026-07-19 14:34:50,305 [INFO] Max total exposure: 6.0% of capital
2026-07-19 14:34:50,486 [WARNING] Bybit price failed (You have breached the ip rate limit or your ip is from the usa. (ErrCode: 403) (ErrTime: 14:34:50).
Request → GET https://api.bybit.com/v5/market/tickers: category=spot&symbol=BTCUSDT.); trying Coinbase
2026-07-19 14:34:50,639 [INFO] BTCUSDT px=64455.2150 avg=63857.6283 tp=64815.4927 sl=56194.7129 next_so=61985.0472 (SO 1/4)
2026-07-19 14:34:50,658 [WARNING] Bybit price failed (You have breached the ip rate limit or your ip is from the usa. (ErrCode: 403) (ErrTime: 14:34:50).
Request → GET https://api.bybit.com/v5/market/tickers: category=spot&symbol=ETHUSDT.); trying Coinbase
2026-07-19 14:34:50,746 [INFO] ETHUSDT px=1872.9250 avg=1879.0515 tp=1907.2373 sl=1653.5653 next_so=1791.4024 (SO 2/4)
2026-07-19 14:34:50,746 [INFO] Single tick complete (GitHub Actions mode). State saved.
2026-07-19 15:37:45,784 [INFO] === CAPITAL RULES ===
2026-07-19 15:37:45,784 [INFO] Total capital: 1000.00 USDT
2026-07-19 15:37:45,784 [INFO] Per-deal budget: 30.00 USDT (3.0% of capital)
2026-07-19 15:37:45,784 [INFO] Base order: 3.29 USDT, up to 4 safety orders
2026-07-19 15:37:45,784 [INFO] Worst-case loss per deal: 3.60 USDT (0.36% of capital)
2026-07-19 15:37:45,784 [INFO] Max total exposure: 6.0% of capital
2026-07-19 15:37:45,862 [WARNING] Bybit price failed (You have breached the ip rate limit or your ip is from the usa. (ErrCode: 403) (ErrTime: 15:37:45).
Request → GET https://api.bybit.com/v5/market/tickers: category=spot&symbol=BTCUSDT.); trying Coinbase
2026-07-19 15:37:45,959 [INFO] BTCUSDT px=64505.4850 avg=63857.6283 tp=64815.4927 sl=56194.7129 next_so=61985.0472 (SO 1/4)
2026-07-19 15:37:45,962 [WARNING] Bybit price failed (You have breached the ip rate limit or your ip is from the usa. (ErrCode: 403) (ErrTime: 15:37:45).
Request → GET https://api.bybit.com/v5/market/tickers: category=spot&symbol=ETHUSDT.); trying Coinbase
2026-07-19 15:37:46,032 [INFO] ETHUSDT px=1870.3350 avg=1879.0515 tp=1907.2373 sl=1653.5653 next_so=1791.4024 (SO 2/4)
2026-07-19 15:37:46,032 [INFO] Single tick complete (GitHub Actions mode). State saved.
2026-07-19 16:35:37,459 [INFO] === CAPITAL RULES ===
2026-07-19 16:35:37,460 [INFO] Total capital: 1000.00 USDT
2026-07-19 16:35:37,460 [INFO] Per-deal budget: 30.00 USDT (3.0% of capital)
2026-07-19 16:35:37,460 [INFO] Base order: 3.29 USDT, up to 4 safety orders
2026-07-19 16:35:37,460 [INFO] Worst-case loss per deal: 3.60 USDT (0.36% of capital)
2026-07-19 16:35:37,460 [INFO] Max total exposure: 6.0% of capital
2026-07-19 16:35:37,685 [WARNING] Bybit price failed (You have breached the ip rate limit or your ip is from the usa. (ErrCode: 403) (ErrTime: 16:35:37).
Request → GET https://api.bybit.com/v5/market/tickers: category=spot&symbol=BTCUSDT.); trying Coinbase
2026-07-19 16:35:37,806 [INFO] BTCUSDT px=64495.6850 avg=63857.6283 tp=64815.4927 sl=56194.7129 next_so=61985.0472 (SO 1/4)
2026-07-19 16:35:37,811 [WARNING] Bybit price failed (You have breached the ip rate limit or your ip is from the usa. (ErrCode: 403) (ErrTime: 16:35:37).
Request → GET https://api.bybit.com/v5/market/tickers: category=spot&symbol=ETHUSDT.); trying Coinbase
2026-07-19 16:35:37,861 [INFO] ETHUSDT px=1867.0450 avg=1879.0515 tp=1907.2373 sl=1653.5653 next_so=1791.4024 (SO 2/4)
2026-07-19 16:35:37,862 [INFO] Single tick complete (GitHub Actions mode). State saved.
2026-07-19 17:41:40,548 [INFO] === CAPITAL RULES ===
2026-07-19 17:41:40,548 [INFO] Total capital: 1000.00 USDT
2026-07-19 17:41:40,548 [INFO] Per-deal budget: 30.00 USDT (3.0% of capital)
2026-07-19 17:41:40,548 [INFO] Base order: 3.29 USDT, up to 4 safety orders
2026-07-19 17:41:40,548 [INFO] Worst-case loss per deal: 3.60 USDT (0.36% of capital)
2026-07-19 17:41:40,548 [INFO] Max total exposure: 6.0% of capital
2026-07-19 17:41:40,819 [WARNING] Bybit price failed (You have breached the ip rate limit or your ip is from the usa. (ErrCode: 403) (ErrTime: 17:41:40).
Request → GET https://api.bybit.com/v5/market/tickers: category=spot&symbol=BTCUSDT.); trying Coinbase
2026-07-19 17:41:40,909 [INFO] BTCUSDT px=64595.3150 avg=63857.6283 tp=64815.4927 sl=56194.7129 next_so=61985.0472 (SO 1/4)
2026-07-19 17:41:40,923 [WARNING] Bybit price failed (You have breached the ip rate limit or your ip is from the usa. (ErrCode: 403) (ErrTime: 17:41:40).
Request → GET https://api.bybit.com/v5/market/tickers: category=spot&symbol=ETHUSDT.); trying Coinbase
2026-07-19 17:41:41,038 [INFO] ETHUSDT px=1869.1350 avg=1879.0515 tp=1907.2373 sl=1653.5653 next_so=1791.4024 (SO 2/4)
2026-07-19 17:41:41,038 [INFO] Single tick complete (GitHub Actions mode). State saved.
2026-07-19 18:38:53,293 [INFO] === CAPITAL RULES ===
2026-07-19 18:38:53,293 [INFO] Total capital: 1000.00 USDT
2026-07-19 18:38:53,293 [INFO] Per-deal budget: 30.00 USDT (3.0% of capital)
2026-07-19 18:38:53,293 [INFO] Base order: 3.29 USDT, up to 4 safety orders
2026-07-19 18:38:53,293 [INFO] Worst-case loss per deal: 3.60 USDT (0.36% of capital)
2026-07-19 18:38:53,293 [INFO] Max total exposure: 6.0% of capital
2026-07-19 18:38:53,462 [WARNING] Bybit price failed (You have breached the ip rate limit or your ip is from the usa. (ErrCode: 403) (ErrTime: 18:38:53).
Request → GET https://api.bybit.com/v5/market/tickers: category=spot&symbol=BTCUSDT.); trying Coinbase
2026-07-19 18:38:53,509 [INFO] BTCUSDT px=64386.9650 avg=63857.6283 tp=64815.4927 sl=56194.7129 next_so=61985.0472 (SO 1/4)
2026-07-19 18:38:53,513 [WARNING] Bybit price failed (You have breached the ip rate limit or your ip is from the usa. (ErrCode: 403) (ErrTime: 18:38:53).
Request → GET https://api.bybit.com/v5/market/tickers: category=spot&symbol=ETHUSDT.); trying Coinbase
2026-07-19 18:38:53,560 [INFO] ETHUSDT px=1858.3850 avg=1879.0515 tp=1907.2373 sl=1653.5653 next_so=1791.4024 (SO 2/4)
2026-07-19 18:38:53,560 [INFO] Single tick complete (GitHub Actions mode). State saved.
2026-07-19 19:52:29,854 [INFO] === CAPITAL RULES ===
2026-07-19 19:52:29,855 [INFO] Total capital: 1000.00 USDT
2026-07-19 19:52:29,855 [INFO] Per-deal budget: 30.00 USDT (3.0% of capital)
2026-07-19 19:52:29,855 [INFO] Base order: 3.29 USDT, up to 4 safety orders
2026-07-19 19:52:29,855 [INFO] Worst-case loss per deal: 3.60 USDT (0.36% of capital)
2026-07-19 19:52:29,855 [INFO] Max total exposure: 6.0% of capital
2026-07-19 19:52:29,928 [WARNING] Bybit price failed (You have breached the ip rate limit or your ip is from the usa. (ErrCode: 403) (ErrTime: 19:52:29).
Request → GET https://api.bybit.com/v5/market/tickers: category=spot&symbol=BTCUSDT.); trying Coinbase
2026-07-19 19:52:29,966 [INFO] BTCUSDT px=64345.3950 avg=63857.6283 tp=64815.4927 sl=56194.7129 next_so=61985.0472 (SO 1/4)
2026-07-19 19:52:29,970 [WARNING] Bybit price failed (You have breached the ip rate limit or your ip is from the usa. (ErrCode: 403) (ErrTime: 19:52:29).
Request → GET https://api.bybit.com/v5/market/tickers: category=spot&symbol=ETHUSDT.); trying Coinbase
2026-07-19 19:52:30,005 [INFO] ETHUSDT px=1858.3250 avg=1879.0515 tp=1907.2373 sl=1653.5653 next_so=1791.4024 (SO 2/4)
2026-07-19 19:52:30,006 [INFO] Single tick complete (GitHub Actions mode). State saved.
2026-07-19 20:42:36,803 [INFO] === CAPITAL RULES ===
2026-07-19 20:42:36,803 [INFO] Total capital: 1000.00 USDT
2026-07-19 20:42:36,803 [INFO] Per-deal budget: 30.00 USDT (3.0% of capital)
2026-07-19 20:42:36,803 [INFO] Base order: 3.29 USDT, up to 4 safety orders
2026-07-19 20:42:36,803 [INFO] Worst-case loss per deal: 3.60 USDT (0.36% of capital)
2026-07-19 20:42:36,803 [INFO] Max total exposure: 6.0% of capital
2026-07-19 20:42:36,874 [WARNING] Bybit price failed (You have breached the ip rate limit or your ip is from the usa. (ErrCode: 403) (ErrTime: 20:42:36).
Request → GET https://api.bybit.com/v5/market/tickers: category=spot&symbol=BTCUSDT.); trying Coinbase
2026-07-19 20:42:36,916 [INFO] BTCUSDT px=64447.8350 avg=63857.6283 tp=64815.4927 sl=56194.7129 next_so=61985.0472 (SO 1/4)
2026-07-19 20:42:36,921 [WARNING] Bybit price failed (You have breached the ip rate limit or your ip is from the usa. (ErrCode: 403) (ErrTime: 20:42:36).
Request → GET https://api.bybit.com/v5/market/tickers: category=spot&symbol=ETHUSDT.); trying Coinbase
2026-07-19 20:42:36,960 [INFO] ETHUSDT px=1863.6350 avg=1879.0515 tp=1907.2373 sl=1653.5653 next_so=1791.4024 (SO 2/4)
2026-07-19 20:42:36,961 [INFO] Single tick complete (GitHub Actions mode). State saved.
2026-07-19 21:35:56,897 [INFO] === CAPITAL RULES ===
2026-07-19 21:35:56,897 [INFO] Total capital: 1000.00 USDT
2026-07-19 21:35:56,897 [INFO] Per-deal budget: 30.00 USDT (3.0% of capital)
2026-07-19 21:35:56,897 [INFO] Base order: 3.29 USDT, up to 4 safety orders
2026-07-19 21:35:56,897 [INFO] Worst-case loss per deal: 3.60 USDT (0.36% of capital)
2026-07-19 21:35:56,897 [INFO] Max total exposure: 6.0% of capital
2026-07-19 21:35:57,114 [WARNING] Bybit price failed (You have breached the ip rate limit or your ip is from the usa. (ErrCode: 403) (ErrTime: 21:35:57).
Request → GET https://api.bybit.com/v5/market/tickers: category=spot&symbol=BTCUSDT.); trying Coinbase
2026-07-19 21:35:57,250 [INFO] BTCUSDT px=64388.9550 avg=63857.6283 tp=64815.4927 sl=56194.7129 next_so=61985.0472 (SO 1/4)
2026-07-19 21:35:57,261 [WARNING] Bybit price failed (You have breached the ip rate limit or your ip is from the usa. (ErrCode: 403) (ErrTime: 21:35:57).
Request → GET https://api.bybit.com/v5/market/tickers: category=spot&symbol=ETHUSDT.); trying Coinbase
2026-07-19 21:35:57,374 [INFO] ETHUSDT px=1861.4850 avg=1879.0515 tp=1907.2373 sl=1653.5653 next_so=1791.4024 (SO 2/4)
2026-07-19 21:35:57,374 [INFO] Single tick complete (GitHub Actions mode). State saved.
2026-07-19 22:34:40,453 [INFO] === CAPITAL RULES ===
2026-07-19 22:34:40,453 [INFO] Total capital: 1000.00 USDT
2026-07-19 22:34:40,453 [INFO] Per-deal budget: 30.00 USDT (3.0% of capital)
2026-07-19 22:34:40,453 [INFO] Base order: 3.29 USDT, up to 4 safety orders
2026-07-19 22:34:40,453 [INFO] Worst-case loss per deal: 3.60 USDT (0.36% of capital)
2026-07-19 22:34:40,453 [INFO] Max total exposure: 6.0% of capital
2026-07-19 22:34:40,544 [WARNING] Bybit price failed (You have breached the ip rate limit or your ip is from the usa. (ErrCode: 403) (ErrTime: 22:34:40).
Request → GET https://api.bybit.com/v5/market/tickers: category=spot&symbol=BTCUSDT.); trying Coinbase
2026-07-19 22:34:40,637 [INFO] BTCUSDT px=64719.1350 avg=63857.6283 tp=64815.4927 sl=56194.7129 next_so=61985.0472 (SO 1/4)
2026-07-19 22:34:40,640 [WARNING] Bybit price failed (You have breached the ip rate limit or your ip is from the usa. (ErrCode: 403) (ErrTime: 22:34:40).
Request → GET https://api.bybit.com/v5/market/tickers: category=spot&symbol=ETHUSDT.); trying Coinbase
2026-07-19 22:34:40,708 [INFO] ETHUSDT px=1870.5300 avg=1879.0515 tp=1907.2373 sl=1653.5653 next_so=1791.4024 (SO 2/4)
2026-07-19 22:34:40,708 [INFO] Single tick complete (GitHub Actions mode). State saved.
2026-07-19 23:39:30,737 [INFO] === CAPITAL RULES ===
2026-07-19 23:39:30,738 [INFO] Total capital: 1000.00 USDT
2026-07-19 23:39:30,738 [INFO] Per-deal budget: 30.00 USDT (3.0% of capital)
2026-07-19 23:39:30,738 [INFO] Base order: 3.29 USDT, up to 4 safety orders
2026-07-19 23:39:30,738 [INFO] Worst-case loss per deal: 3.60 USDT (0.36% of capital)
2026-07-19 23:39:30,738 [INFO] Max total exposure: 6.0% of capital
2026-07-19 23:39:30,868 [WARNING] Bybit price failed (You have breached the ip rate limit or your ip is from the usa. (ErrCode: 403) (ErrTime: 23:39:30).
Request → GET https://api.bybit.com/v5/market/tickers: category=spot&symbol=BTCUSDT.); trying Coinbase
2026-07-19 23:39:30,930 [INFO] BTCUSDT px=64641.4350 avg=63857.6283 tp=64815.4927 sl=56194.7129 next_so=61985.0472 (SO 1/4)
2026-07-19 23:39:30,939 [WARNING] Bybit price failed (You have breached the ip rate limit or your ip is from the usa. (ErrCode: 403) (ErrTime: 23:39:30).
Request → GET https://api.bybit.com/v5/market/tickers: category=spot&symbol=ETHUSDT.); trying Coinbase
2026-07-19 23:39:30,996 [INFO] ETHUSDT px=1868.5350 avg=1879.0515 tp=1907.2373 sl=1653.5653 next_so=1791.4024 (SO 2/4)
2026-07-19 23:39:30,997 [INFO] Single tick complete (GitHub Actions mode). State saved.
2026-07-20 01:13:49,465 [INFO] === CAPITAL RULES ===
2026-07-20 01:13:49,465 [INFO] Total capital: 1000.00 USDT
2026-07-20 01:13:49,465 [INFO] Per-deal budget: 30.00 USDT (3.0% of capital)
2026-07-20 01:13:49,465 [INFO] Base order: 3.29 USDT, up to 4 safety orders
2026-07-20 01:13:49,465 [INFO] Worst-case loss per deal: 3.60 USDT (0.36% of capital)
2026-07-20 01:13:49,465 [INFO] Max total exposure: 6.0% of capital
2026-07-20 01:13:49,609 [WARNING] Bybit price failed (You have breached the ip rate limit or your ip is from the usa. (ErrCode: 403) (ErrTime: 01:13:49).
Request → GET https://api.bybit.com/v5/market/tickers: category=spot&symbol=BTCUSDT.); trying Coinbase
2026-07-20 01:13:49,677 [INFO] BTCUSDT px=64786.3950 avg=63857.6283 tp=64815.4927 sl=56194.7129 next_so=61985.0472 (SO 1/4)
2026-07-20 01:13:49,687 [WARNING] Bybit price failed (You have breached the ip rate limit or your ip is from the usa. (ErrCode: 403) (ErrTime: 01:13:49).
Request → GET https://api.bybit.com/v5/market/tickers: category=spot&symbol=ETHUSDT.); trying Coinbase
2026-07-20 01:13:49,739 [INFO] ETHUSDT px=1879.6550 avg=1879.0515 tp=1907.2373 sl=1653.5653 next_so=1791.4024 (SO 2/4)
2026-07-20 01:13:49,740 [INFO] Single tick complete (GitHub Actions mode). State saved.
2026-07-20 04:54:23,832 [INFO] === CAPITAL RULES ===
2026-07-20 04:54:23,833 [INFO] Total capital: 1000.00 USDT
2026-07-20 04:54:23,833 [INFO] Per-deal budget: 30.00 USDT (3.0% of capital)
2026-07-20 04:54:23,833 [INFO] Base order: 3.29 USDT, up to 4 safety orders
2026-07-20 04:54:23,833 [INFO] Worst-case loss per deal: 3.60 USDT (0.36% of capital)
2026-07-20 04:54:23,833 [INFO] Max total exposure: 6.0% of capital
2026-07-20 04:54:23,978 [WARNING] Bybit price failed (You have breached the ip rate limit or your ip is from the usa. (ErrCode: 403) (ErrTime: 04:54:23).
Request → GET https://api.bybit.com/v5/market/tickers: category=spot&symbol=BTCUSDT.); trying Coinbase
2026-07-20 04:54:24,038 [INFO] BTCUSDT px=64496.0050 avg=63857.6283 tp=64815.4927 sl=56194.7129 next_so=61985.0472 (SO 1/4)
2026-07-20 04:54:24,060 [WARNING] Bybit price failed (You have breached the ip rate limit or your ip is from the usa. (ErrCode: 403) (ErrTime: 04:54:24).
Request → GET https://api.bybit.com/v5/market/tickers: category=spot&symbol=ETHUSDT.); trying Coinbase
2026-07-20 04:54:24,109 [INFO] ETHUSDT px=1868.3000 avg=1879.0515 tp=1907.2373 sl=1653.5653 next_so=1791.4024 (SO 2/4)
2026-07-20 04:54:24,109 [INFO] Single tick complete (GitHub Actions mode). State saved.
2026-07-20 07:56:05,556 [INFO] === CAPITAL RULES ===
2026-07-20 07:56:05,556 [INFO] Total capital: 1000.00 USDT
2026-07-20 07:56:05,556 [INFO] Per-deal budget: 30.00 USDT (3.0% of capital)
2026-07-20 07:56:05,556 [INFO] Base order: 3.29 USDT, up to 4 safety orders
2026-07-20 07:56:05,556 [INFO] Worst-case loss per deal: 3.60 USDT (0.36% of capital)
2026-07-20 07:56:05,556 [INFO] Max total exposure: 6.0% of capital
2026-07-20 07:56:05,774 [WARNING] Bybit price failed (You have breached the ip rate limit or your ip is from the usa. (ErrCode: 403) (ErrTime: 07:56:05).
Request → GET https://api.bybit.com/v5/market/tickers: category=spot&symbol=BTCUSDT.); trying Coinbase
2026-07-20 07:56:05,820 [INFO] BTCUSDT px=64183.0250 avg=63857.6283 tp=64815.4927 sl=56194.7129 next_so=61985.0472 (SO 1/4)
2026-07-20 07:56:05,824 [WARNING] Bybit price failed (You have breached the ip rate limit or your ip is from the usa. (ErrCode: 403) (ErrTime: 07:56:05).
Request → GET https://api.bybit.com/v5/market/tickers: category=spot&symbol=ETHUSDT.); trying Coinbase
2026-07-20 07:56:05,888 [INFO] ETHUSDT px=1862.3250 avg=1879.0515 tp=1907.2373 sl=1653.5653 next_so=1791.4024 (SO 2/4)
2026-07-20 07:56:05,888 [INFO] Single tick complete (GitHub Actions mode). State saved.
2026-07-20 10:51:29,107 [INFO] === CAPITAL RULES ===
2026-07-20 10:51:29,107 [INFO] Total capital: 1000.00 USDT
2026-07-20 10:51:29,107 [INFO] Per-deal budget: 30.00 USDT (3.0% of capital)
2026-07-20 10:51:29,107 [INFO] Base order: 3.29 USDT, up to 4 safety orders
2026-07-20 10:51:29,107 [INFO] Worst-case loss per deal: 3.60 USDT (0.36% of capital)
2026-07-20 10:51:29,107 [INFO] Max total exposure: 6.0% of capital
2026-07-20 10:51:29,187 [WARNING] Bybit price failed (You have breached the ip rate limit or your ip is from the usa. (ErrCode: 403) (ErrTime: 10:51:29).
Request → GET https://api.bybit.com/v5/market/tickers: category=spot&symbol=BTCUSDT.); trying Coinbase
2026-07-20 10:51:29,234 [INFO] BTCUSDT px=64271.8750 avg=63857.6283 tp=64815.4927 sl=56194.7129 next_so=61985.0472 (SO 1/4)
2026-07-20 10:51:29,239 [WARNING] Bybit price failed (You have breached the ip rate limit or your ip is from the usa. (ErrCode: 403) (ErrTime: 10:51:29).
Request → GET https://api.bybit.com/v5/market/tickers: category=spot&symbol=ETHUSDT.); trying Coinbase
2026-07-20 10:51:29,280 [INFO] ETHUSDT px=1868.0050 avg=1879.0515 tp=1907.2373 sl=1653.5653 next_so=1791.4024 (SO 2/4)
2026-07-20 10:51:29,280 [INFO] Single tick complete (GitHub Actions mode). State saved.
2026-07-20 13:03:31,672 [INFO] === CAPITAL RULES ===
2026-07-20 13:03:31,672 [INFO] Total capital: 1000.00 USDT
2026-07-20 13:03:31,672 [INFO] Per-deal budget: 30.00 USDT (3.0% of capital)
2026-07-20 13:03:31,673 [INFO] Base order: 3.29 USDT, up to 4 safety orders
2026-07-20 13:03:31,673 [INFO] Worst-case loss per deal: 3.60 USDT (0.36% of capital)
2026-07-20 13:03:31,673 [INFO] Max total exposure: 6.0% of capital
2026-07-20 13:03:31,804 [WARNING] Bybit price failed (You have breached the ip rate limit or your ip is from the usa. (ErrCode: 403) (ErrTime: 13:03:31).
Request → GET https://api.bybit.com/v5/market/tickers: category=spot&symbol=BTCUSDT.); trying Coinbase
2026-07-20 13:03:31,927 [INFO] BTCUSDT px=64592.2750 avg=63857.6283 tp=64815.4927 sl=56194.7129 next_so=61985.0472 (SO 1/4)
2026-07-20 13:03:31,931 [WARNING] Bybit price failed (You have breached the ip rate limit or your ip is from the usa. (ErrCode: 403) (ErrTime: 13:03:31).
Request → GET https://api.bybit.com/v5/market/tickers: category=spot&symbol=ETHUSDT.); trying Coinbase
2026-07-20 13:03:31,973 [INFO] ETHUSDT px=1871.1750 avg=1879.0515 tp=1907.2373 sl=1653.5653 next_so=1791.4024 (SO 2/4)
2026-07-20 13:03:31,973 [INFO] Single tick complete (GitHub Actions mode). State saved.
2026-07-20 15:20:38,244 [INFO] === CAPITAL RULES ===
2026-07-20 15:20:38,244 [INFO] Total capital: 1000.00 USDT
2026-07-20 15:20:38,244 [INFO] Per-deal budget: 30.00 USDT (3.0% of capital)
2026-07-20 15:20:38,244 [INFO] Base order: 3.29 USDT, up to 4 safety orders
2026-07-20 15:20:38,244 [INFO] Worst-case loss per deal: 3.60 USDT (0.36% of capital)
2026-07-20 15:20:38,244 [INFO] Max total exposure: 6.0% of capital
2026-07-20 15:20:38,407 [WARNING] Bybit price failed (You have breached the ip rate limit or your ip is from the usa. (ErrCode: 403) (ErrTime: 15:20:38).
Request → GET https://api.bybit.com/v5/market/tickers: category=spot&symbol=BTCUSDT.); trying Coinbase
2026-07-20 15:20:38,474 [INFO] BTCUSDT px=64953.9950 avg=63857.6283 tp=64815.4927 sl=56194.7129 next_so=61985.0472 (SO 1/4)
2026-07-20 15:20:38,478 [WARNING] Bybit price failed (You have breached the ip rate limit or your ip is from the usa. (ErrCode: 403) (ErrTime: 15:20:38).
Request → GET https://api.bybit.com/v5/market/tickers: category=spot&symbol=BTCUSDT.); trying Coinbase
2026-07-20 15:20:38,522 [INFO] NOTIFY: ✅ CLOSED BTCUSDT (take_profit): PnL +0.11 USDT | Cumulative: +0.57 USDT
2026-07-20 15:20:39,006 [WARNING] Bybit price failed (You have breached the ip rate limit or your ip is from the usa. (ErrCode: 403) (ErrTime: 15:20:39).
Request → GET https://api.bybit.com/v5/market/tickers: category=spot&symbol=ETHUSDT.); trying Coinbase
2026-07-20 15:20:39,049 [INFO] ETHUSDT px=1883.6850 avg=1879.0515 tp=1907.2373 sl=1653.5653 next_so=1791.4024 (SO 2/4)
2026-07-20 15:20:39,049 [INFO] Single tick complete (GitHub Actions mode). State saved.
2026-07-20 16:53:41,945 [INFO] === CAPITAL RULES ===
2026-07-20 16:53:41,945 [INFO] Total capital: 1000.00 USDT
2026-07-20 16:53:41,945 [INFO] Per-deal budget: 30.00 USDT (3.0% of capital)
2026-07-20 16:53:41,946 [INFO] Base order: 3.29 USDT, up to 4 safety orders
2026-07-20 16:53:41,946 [INFO] Worst-case loss per deal: 3.60 USDT (0.36% of capital)
2026-07-20 16:53:41,946 [INFO] Max total exposure: 6.0% of capital
2026-07-20 16:53:42,148 [WARNING] Bybit price failed (You have breached the ip rate limit or your ip is from the usa. (ErrCode: 403) (ErrTime: 16:53:42).
Request → GET https://api.bybit.com/v5/market/tickers: category=spot&symbol=BTCUSDT.); trying Coinbase
2026-07-20 16:53:42,226 [WARNING] Bybit price failed (You have breached the ip rate limit or your ip is from the usa. (ErrCode: 403) (ErrTime: 16:53:42).
Request → GET https://api.bybit.com/v5/market/tickers: category=spot&symbol=BTCUSDT.); trying Coinbase
2026-07-20 16:53:42,293 [WARNING] Bybit price failed (You have breached the ip rate limit or your ip is from the usa. (ErrCode: 403) (ErrTime: 16:53:42).
Request → GET https://api.bybit.com/v5/market/tickers: category=spot&symbol=BTCUSDT.); trying Coinbase
2026-07-20 16:53:42,345 [INFO] NOTIFY: 🟢 OPENED BTCUSDT deal: 0.000050 @ 65411.2250 (3.29 USDT)
2026-07-20 16:53:42,827 [WARNING] Bybit price failed (You have breached the ip rate limit or your ip is from the usa. (ErrCode: 403) (ErrTime: 16:53:42).
Request → GET https://api.bybit.com/v5/market/tickers: category=spot&symbol=ETHUSDT.); trying Coinbase
2026-07-20 16:53:42,878 [INFO] ETHUSDT px=1897.6150 avg=1879.0515 tp=1907.2373 sl=1653.5653 next_so=1791.4024 (SO 2/4)
2026-07-20 16:53:42,878 [INFO] Single tick complete (GitHub Actions mode). State saved.
2026-07-20 18:50:52,495 [INFO] === CAPITAL RULES ===
2026-07-20 18:50:52,495 [INFO] Total capital: 1000.00 USDT
2026-07-20 18:50:52,495 [INFO] Per-deal budget: 30.00 USDT (3.0% of capital)
2026-07-20 18:50:52,495 [INFO] Base order: 3.29 USDT, up to 4 safety orders
2026-07-20 18:50:52,496 [INFO] Worst-case loss per deal: 3.60 USDT (0.36% of capital)
2026-07-20 18:50:52,496 [INFO] Max total exposure: 6.0% of capital
2026-07-20 18:50:52,629 [WARNING] Bybit price failed (You have breached the ip rate limit or your ip is from the usa. (ErrCode: 403) (ErrTime: 18:50:52).
Request → GET https://api.bybit.com/v5/market/tickers: category=spot&symbol=BTCUSDT.); trying Coinbase
2026-07-20 18:50:52,681 [INFO] BTCUSDT px=65236.3650 avg=65411.2250 tp=66392.3934 sl=57561.8780 next_so=64430.0566 (SO 0/4)
2026-07-20 18:50:52,686 [WARNING] Bybit price failed (You have breached the ip rate limit or your ip is from the usa. (ErrCode: 403) (ErrTime: 18:50:52).
Request → GET https://api.bybit.com/v5/market/tickers: category=spot&symbol=ETHUSDT.); trying Coinbase
2026-07-20 18:50:52,802 [INFO] ETHUSDT px=1899.3850 avg=1879.0515 tp=1907.2373 sl=1653.5653 next_so=1791.4024 (SO 2/4)
2026-07-20 18:50:52,802 [INFO] Single tick complete (GitHub Actions mode). State saved.
2026-07-20 20:18:42,891 [INFO] === CAPITAL RULES ===
2026-07-20 20:18:42,892 [INFO] Total capital: 1000.00 USDT
2026-07-20 20:18:42,892 [INFO] Per-deal budget: 30.00 USDT (3.0% of capital)
2026-07-20 20:18:42,892 [INFO] Base order: 3.29 USDT, up to 4 safety orders
2026-07-20 20:18:42,892 [INFO] Worst-case loss per deal: 3.60 USDT (0.36% of capital)
2026-07-20 20:18:42,892 [INFO] Max total exposure: 6.0% of capital
2026-07-20 20:18:42,977 [WARNING] Bybit price failed (You have breached the ip rate limit or your ip is from the usa. (ErrCode: 403) (ErrTime: 20:18:42).
Request → GET https://api.bybit.com/v5/market/tickers: category=spot&symbol=BTCUSDT.); trying Coinbase
2026-07-20 20:18:43,211 [INFO] BTCUSDT px=65169.8650 avg=65411.2250 tp=66392.3934 sl=57561.8780 next_so=64430.0566 (SO 0/4)
2026-07-20 20:18:43,214 [WARNING] Bybit price failed (You have breached the ip rate limit or your ip is from the usa. (ErrCode: 403) (ErrTime: 20:18:43).
Request → GET https://api.bybit.com/v5/market/tickers: category=spot&symbol=ETHUSDT.); trying Coinbase
2026-07-20 20:18:43,256 [INFO] ETHUSDT px=1899.1900 avg=1879.0515 tp=1907.2373 sl=1653.5653 next_so=1791.4024 (SO 2/4)
2026-07-20 20:18:43,256 [INFO] Single tick complete (GitHub Actions mode). State saved.
2026-07-20 21:41:22,813 [INFO] === CAPITAL RULES ===
2026-07-20 21:41:22,813 [INFO] Total capital: 1000.00 USDT
2026-07-20 21:41:22,813 [INFO] Per-deal budget: 30.00 USDT (3.0% of capital)
2026-07-20 21:41:22,813 [INFO] Base order: 3.29 USDT, up to 4 safety orders
2026-07-20 21:41:22,813 [INFO] Worst-case loss per deal: 3.60 USDT (0.36% of capital)
2026-07-20 21:41:22,813 [INFO] Max total exposure: 6.0% of capital
2026-07-20 21:41:23,052 [WARNING] Bybit price failed (You have breached the ip rate limit or your ip is from the usa. (ErrCode: 403) (ErrTime: 21:41:23).
Request → GET https://api.bybit.com/v5/market/tickers: category=spot&symbol=BTCUSDT.); trying Coinbase
2026-07-20 21:41:23,142 [INFO] BTCUSDT px=65328.2150 avg=65411.2250 tp=66392.3934 sl=57561.8780 next_so=64430.0566 (SO 0/4)
2026-07-20 21:41:23,152 [WARNING] Bybit price failed (You have breached the ip rate limit or your ip is from the usa. (ErrCode: 403) (ErrTime: 21:41:23).
Request → GET https://api.bybit.com/v5/market/tickers: category=spot&symbol=ETHUSDT.); trying Coinbase
2026-07-20 21:41:23,218 [INFO] ETHUSDT px=1904.0550 avg=1879.0515 tp=1907.2373 sl=1653.5653 next_so=1791.4024 (SO 2/4)
2026-07-20 21:41:23,218 [INFO] Single tick complete (GitHub Actions mode). State saved.
2026-07-20 22:39:40,413 [INFO] === CAPITAL RULES ===
2026-07-20 22:39:40,413 [INFO] Total capital: 1000.00 USDT
2026-07-20 22:39:40,413 [INFO] Per-deal budget: 30.00 USDT (3.0% of capital)
2026-07-20 22:39:40,413 [INFO] Base order: 3.29 USDT, up to 4 safety orders
2026-07-20 22:39:40,413 [INFO] Worst-case loss per deal: 3.60 USDT (0.36% of capital)
2026-07-20 22:39:40,413 [INFO] Max total exposure: 6.0% of capital
2026-07-20 22:39:40,486 [WARNING] Bybit price failed (You have breached the ip rate limit or your ip is from the usa. (ErrCode: 403) (ErrTime: 22:39:40).
Request → GET https://api.bybit.com/v5/market/tickers: category=spot&symbol=BTCUSDT.); trying Coinbase
2026-07-20 22:39:40,678 [INFO] BTCUSDT px=65106.7750 avg=65411.2250 tp=66392.3934 sl=57561.8780 next_so=64430.0566 (SO 0/4)
2026-07-20 22:39:40,683 [WARNING] Bybit price failed (You have breached the ip rate limit or your ip is from the usa. (ErrCode: 403) (ErrTime: 22:39:40).
Request → GET https://api.bybit.com/v5/market/tickers: category=spot&symbol=ETHUSDT.); trying Coinbase
2026-07-20 22:39:40,722 [INFO] ETHUSDT px=1894.3950 avg=1879.0515 tp=1907.2373 sl=1653.5653 next_so=1791.4024 (SO 2/4)
2026-07-20 22:39:40,722 [INFO] Single tick complete (GitHub Actions mode). State saved.
2026-07-20 23:40:05,145 [INFO] === CAPITAL RULES ===
2026-07-20 23:40:05,145 [INFO] Total capital: 1000.00 USDT
2026-07-20 23:40:05,145 [INFO] Per-deal budget: 30.00 USDT (3.0% of capital)
2026-07-20 23:40:05,145 [INFO] Base order: 3.29 USDT, up to 4 safety orders
2026-07-20 23:40:05,145 [INFO] Worst-case loss per deal: 3.60 USDT (0.36% of capital)
2026-07-20 23:40:05,145 [INFO] Max total exposure: 6.0% of capital
2026-07-20 23:40:05,384 [WARNING] Bybit price failed (You have breached the ip rate limit or your ip is from the usa. (ErrCode: 403) (ErrTime: 23:40:05).
Request → GET https://api.bybit.com/v5/market/tickers: category=spot&symbol=BTCUSDT.); trying Coinbase
2026-07-20 23:40:05,435 [INFO] BTCUSDT px=65176.4550 avg=65411.2250 tp=66392.3934 sl=57561.8780 next_so=64430.0566 (SO 0/4)
2026-07-20 23:40:05,442 [WARNING] Bybit price failed (You have breached the ip rate limit or your ip is from the usa. (ErrCode: 403) (ErrTime: 23:40:05).
Request → GET https://api.bybit.com/v5/market/tickers: category=spot&symbol=ETHUSDT.); trying Coinbase
2026-07-20 23:40:05,518 [INFO] ETHUSDT px=1900.4250 avg=1879.0515 tp=1907.2373 sl=1653.5653 next_so=1791.4024 (SO 2/4)
2026-07-20 23:40:05,519 [INFO] Single tick complete (GitHub Actions mode). State saved.
2026-07-21 01:08:34,837 [INFO] === CAPITAL RULES ===
2026-07-21 01:08:34,837 [INFO] Total capital: 1000.00 USDT
2026-07-21 01:08:34,837 [INFO] Per-deal budget: 30.00 USDT (3.0% of capital)
2026-07-21 01:08:34,837 [INFO] Base order: 3.29 USDT, up to 4 safety orders
2026-07-21 01:08:34,837 [INFO] Worst-case loss per deal: 3.60 USDT (0.36% of capital)
2026-07-21 01:08:34,837 [INFO] Max total exposure: 6.0% of capital
2026-07-21 01:08:34,895 [WARNING] Bybit price failed (You have breached the ip rate limit or your ip is from the usa. (ErrCode: 403) (ErrTime: 01:08:34).
Request → GET https://api.bybit.com/v5/market/tickers: category=spot&symbol=BTCUSDT.); trying Coinbase
2026-07-21 01:08:34,949 [INFO] BTCUSDT px=65547.0400 avg=65411.2250 tp=66392.3934 sl=57561.8780 next_so=64430.0566 (SO 0/4)
2026-07-21 01:08:34,953 [WARNING] Bybit price failed (You have breached the ip rate limit or your ip is from the usa. (ErrCode: 403) (ErrTime: 01:08:34).
Request → GET https://api.bybit.com/v5/market/tickers: category=spot&symbol=ETHUSDT.); trying Coinbase
2026-07-21 01:08:34,994 [INFO] ETHUSDT px=1914.9550 avg=1879.0515 tp=1907.2373 sl=1653.5653 next_so=1791.4024 (SO 2/4)
2026-07-21 01:08:34,998 [WARNING] Bybit price failed (You have breached the ip rate limit or your ip is from the usa. (ErrCode: 403) (ErrTime: 01:08:34).
Request → GET https://api.bybit.com/v5/market/tickers: category=spot&symbol=ETHUSDT.); trying Coinbase
2026-07-21 01:08:35,044 [INFO] NOTIFY: ✅ CLOSED ETHUSDT (take_profit): PnL +0.21 USDT | Cumulative: +0.78 USDT
2026-07-21 01:08:35,645 [INFO] Single tick complete (GitHub Actions mode). State saved.
2026-07-21 04:31:12,982 [INFO] === CAPITAL RULES ===
2026-07-21 04:31:12,983 [INFO] Total capital: 1000.00 USDT
2026-07-21 04:31:12,983 [INFO] Per-deal budget: 30.00 USDT (3.0% of capital)
2026-07-21 04:31:12,983 [INFO] Base order: 3.29 USDT, up to 4 safety orders
2026-07-21 04:31:12,983 [INFO] Worst-case loss per deal: 3.60 USDT (0.36% of capital)
2026-07-21 04:31:12,983 [INFO] Max total exposure: 6.0% of capital
2026-07-21 04:31:13,219 [WARNING] Bybit price failed (You have breached the ip rate limit or your ip is from the usa. (ErrCode: 403) (ErrTime: 04:31:13).
Request → GET https://api.bybit.com/v5/market/tickers: category=spot&symbol=BTCUSDT.); trying Coinbase
2026-07-21 04:31:13,326 [INFO] BTCUSDT px=65467.7500 avg=65411.2250 tp=66392.3934 sl=57561.8780 next_so=64430.0566 (SO 0/4)
2026-07-21 04:31:13,340 [WARNING] Bybit price failed (You have breached the ip rate limit or your ip is from the usa. (ErrCode: 403) (ErrTime: 04:31:13).
Request → GET https://api.bybit.com/v5/market/tickers: category=spot&symbol=ETHUSDT.); trying Coinbase
2026-07-21 04:31:13,454 [WARNING] Bybit price failed (You have breached the ip rate limit or your ip is from the usa. (ErrCode: 403) (ErrTime: 04:31:13).
Request → GET https://api.bybit.com/v5/market/tickers: category=spot&symbol=ETHUSDT.); trying Coinbase
2026-07-21 04:31:13,529 [WARNING] Bybit price failed (You have breached the ip rate limit or your ip is from the usa. (ErrCode: 403) (ErrTime: 04:31:13).
Request → GET https://api.bybit.com/v5/market/tickers: category=spot&symbol=ETHUSDT.); trying Coinbase
2026-07-21 04:31:13,613 [INFO] NOTIFY: 🟢 OPENED ETHUSDT deal: 0.001710 @ 1922.1450 (3.29 USDT)
2026-07-21 04:31:14,044 [INFO] Single tick complete (GitHub Actions mode). State saved.
2026-07-21 07:19:30,303 [INFO] === CAPITAL RULES ===
2026-07-21 07:19:30,303 [INFO] Total capital: 1000.00 USDT
2026-07-21 07:19:30,303 [INFO] Per-deal budget: 30.00 USDT (3.0% of capital)
2026-07-21 07:19:30,303 [INFO] Base order: 3.29 USDT, up to 4 safety orders
2026-07-21 07:19:30,303 [INFO] Worst-case loss per deal: 3.60 USDT (0.36% of capital)
2026-07-21 07:19:30,303 [INFO] Max total exposure: 6.0% of capital
2026-07-21 07:19:30,510 [WARNING] Bybit price failed (You have breached the ip rate limit or your ip is from the usa. (ErrCode: 403) (ErrTime: 07:19:30).
Request → GET https://api.bybit.com/v5/market/tickers: category=spot&symbol=BTCUSDT.); trying Coinbase
2026-07-21 07:19:30,557 [INFO] BTCUSDT px=65939.5950 avg=65411.2250 tp=66392.3934 sl=57561.8780 next_so=64430.0566 (SO 0/4)
2026-07-21 07:19:30,561 [WARNING] Bybit price failed (You have breached the ip rate limit or your ip is from the usa. (ErrCode: 403) (ErrTime: 07:19:30).
Request → GET https://api.bybit.com/v5/market/tickers: category=spot&symbol=ETHUSDT.); trying Coinbase
2026-07-21 07:19:30,634 [INFO] ETHUSDT px=1936.1050 avg=1922.1450 tp=1950.9772 sl=1691.4876 next_so=1893.3128 (SO 0/4)
2026-07-21 07:19:30,635 [INFO] Single tick complete (GitHub Actions mode). State saved.
2026-07-21 10:00:15,418 [INFO] === CAPITAL RULES ===
2026-07-21 10:00:15,418 [INFO] Total capital: 1000.00 USDT
2026-07-21 10:00:15,418 [INFO] Per-deal budget: 30.00 USDT (3.0% of capital)
2026-07-21 10:00:15,418 [INFO] Base order: 3.29 USDT, up to 4 safety orders
2026-07-21 10:00:15,418 [INFO] Worst-case loss per deal: 3.60 USDT (0.36% of capital)
2026-07-21 10:00:15,418 [INFO] Max total exposure: 6.0% of capital
2026-07-21 10:00:15,573 [WARNING] Bybit price failed (You have breached the ip rate limit or your ip is from the usa. (ErrCode: 403) (ErrTime: 10:00:15).
Request → GET https://api.bybit.com/v5/market/tickers: category=spot&symbol=BTCUSDT.); trying Coinbase
2026-07-21 10:00:15,663 [INFO] BTCUSDT px=66259.9700 avg=65411.2250 tp=66392.3934 sl=57561.8780 next_so=64430.0566 (SO 0/4)
2026-07-21 10:00:15,674 [WARNING] Bybit price failed (You have breached the ip rate limit or your ip is from the usa. (ErrCode: 403) (ErrTime: 10:00:15).
Request → GET https://api.bybit.com/v5/market/tickers: category=spot&symbol=ETHUSDT.); trying Coinbase
2026-07-21 10:00:15,720 [INFO] ETHUSDT px=1940.7550 avg=1922.1450 tp=1950.9772 sl=1691.4876 next_so=1893.3128 (SO 0/4)
2026-07-21 10:00:15,720 [INFO] Single tick complete (GitHub Actions mode). State saved.
2026-07-21 11:59:14,798 [INFO] === CAPITAL RULES ===
2026-07-21 11:59:14,798 [INFO] Total capital: 1000.00 USDT
2026-07-21 11:59:14,798 [INFO] Per-deal budget: 30.00 USDT (3.0% of capital)
2026-07-21 11:59:14,798 [INFO] Base order: 3.29 USDT, up to 4 safety orders
2026-07-21 11:59:14,798 [INFO] Worst-case loss per deal: 3.60 USDT (0.36% of capital)
2026-07-21 11:59:14,798 [INFO] Max total exposure: 6.0% of capital
2026-07-21 11:59:14,931 [WARNING] Bybit price failed (You have breached the ip rate limit or your ip is from the usa. (ErrCode: 403) (ErrTime: 11:59:14).
Request → GET https://api.bybit.com/v5/market/tickers: category=spot&symbol=BTCUSDT.); trying Coinbase
2026-07-21 11:59:15,009 [INFO] BTCUSDT px=66288.0050 avg=65411.2250 tp=66392.3934 sl=57561.8780 next_so=64430.0566 (SO 0/4)
2026-07-21 11:59:15,013 [WARNING] Bybit price failed (You have breached the ip rate limit or your ip is from the usa. (ErrCode: 403) (ErrTime: 11:59:15).
Request → GET https://api.bybit.com/v5/market/tickers: category=spot&symbol=ETHUSDT.); trying Coinbase
2026-07-21 11:59:15,049 [INFO] ETHUSDT px=1934.3250 avg=1922.1450 tp=1950.9772 sl=1691.4876 next_so=1893.3128 (SO 0/4)
2026-07-21 11:59:15,049 [INFO] Single tick complete (GitHub Actions mode). State saved.
2026-07-21 14:12:08,225 [INFO] === CAPITAL RULES ===
2026-07-21 14:12:08,226 [INFO] Total capital: 1000.00 USDT
2026-07-21 14:12:08,226 [INFO] Per-deal budget: 30.00 USDT (3.0% of capital)
2026-07-21 14:12:08,226 [INFO] Base order: 3.29 USDT, up to 4 safety orders
2026-07-21 14:12:08,226 [INFO] Worst-case loss per deal: 3.60 USDT (0.36% of capital)
2026-07-21 14:12:08,226 [INFO] Max total exposure: 6.0% of capital
2026-07-21 14:12:08,383 [WARNING] Bybit price failed (You have breached the ip rate limit or your ip is from the usa. (ErrCode: 403) (ErrTime: 14:12:08).
Request → GET https://api.bybit.com/v5/market/tickers: category=spot&symbol=BTCUSDT.); trying Coinbase
2026-07-21 14:12:08,457 [INFO] BTCUSDT px=66904.4550 avg=65411.2250 tp=66392.3934 sl=57561.8780 next_so=64430.0566 (SO 0/4)
2026-07-21 14:12:08,468 [WARNING] Bybit price failed (You have breached the ip rate limit or your ip is from the usa. (ErrCode: 403) (ErrTime: 14:12:08).
Request → GET https://api.bybit.com/v5/market/tickers: category=spot&symbol=BTCUSDT.); trying Coinbase
2026-07-21 14:12:08,516 [INFO] NOTIFY: ✅ CLOSED BTCUSDT (take_profit): PnL +0.07 USDT | Cumulative: +0.85 USDT
2026-07-21 14:12:09,232 [WARNING] Bybit price failed (You have breached the ip rate limit or your ip is from the usa. (ErrCode: 403) (ErrTime: 14:12:09).
Request → GET https://api.bybit.com/v5/market/tickers: category=spot&symbol=ETHUSDT.); trying Coinbase
2026-07-21 14:12:09,288 [INFO] ETHUSDT px=1938.0050 avg=1922.1450 tp=1950.9772 sl=1691.4876 next_so=1893.3128 (SO 0/4)
2026-07-21 14:12:09,289 [INFO] Single tick complete (GitHub Actions mode). State saved.
2026-07-21 15:53:17,422 [INFO] === CAPITAL RULES ===
2026-07-21 15:53:17,422 [INFO] Total capital: 1000.00 USDT
2026-07-21 15:53:17,423 [INFO] Per-deal budget: 30.00 USDT (3.0% of capital)
2026-07-21 15:53:17,423 [INFO] Base order: 3.29 USDT, up to 4 safety orders
2026-07-21 15:53:17,423 [INFO] Worst-case loss per deal: 3.60 USDT (0.36% of capital)
2026-07-21 15:53:17,423 [INFO] Max total exposure: 6.0% of capital
2026-07-21 15:53:17,507 [WARNING] Bybit price failed (You have breached the ip rate limit or your ip is from the usa. (ErrCode: 403) (ErrTime: 15:53:17).
Request → GET https://api.bybit.com/v5/market/tickers: category=spot&symbol=BTCUSDT.); trying Coinbase
2026-07-21 15:53:17,567 [WARNING] Bybit price failed (You have breached the ip rate limit or your ip is from the usa. (ErrCode: 403) (ErrTime: 15:53:17).
Request → GET https://api.bybit.com/v5/market/tickers: category=spot&symbol=BTCUSDT.); trying Coinbase
2026-07-21 15:53:17,608 [WARNING] Bybit price failed (You have breached the ip rate limit or your ip is from the usa. (ErrCode: 403) (ErrTime: 15:53:17).
Request → GET https://api.bybit.com/v5/market/tickers: category=spot&symbol=BTCUSDT.); trying Coinbase
2026-07-21 15:53:17,654 [INFO] NOTIFY: 🟢 OPENED BTCUSDT deal: 0.000049 @ 66643.1050 (3.29 USDT)
2026-07-21 15:53:18,057 [WARNING] Bybit price failed (You have breached the ip rate limit or your ip is from the usa. (ErrCode: 403) (ErrTime: 15:53:18).
Request → GET https://api.bybit.com/v5/market/tickers: category=spot&symbol=ETHUSDT.); trying Coinbase
2026-07-21 15:53:18,097 [INFO] ETHUSDT px=1929.4650 avg=1922.1450 tp=1950.9772 sl=1691.4876 next_so=1893.3128 (SO 0/4)
2026-07-21 15:53:18,098 [INFO] Single tick complete (GitHub Actions mode). State saved.
2026-07-21 17:14:29,967 [INFO] === CAPITAL RULES ===
2026-07-21 17:14:29,967 [INFO] Total capital: 1000.00 USDT
2026-07-21 17:14:29,967 [INFO] Per-deal budget: 30.00 USDT (3.0% of capital)
2026-07-21 17:14:29,967 [INFO] Base order: 3.29 USDT, up to 4 safety orders
2026-07-21 17:14:29,967 [INFO] Worst-case loss per deal: 3.60 USDT (0.36% of capital)
2026-07-21 17:14:29,967 [INFO] Max total exposure: 6.0% of capital
2026-07-21 17:14:30,133 [WARNING] Bybit price failed (You have breached the ip rate limit or your ip is from the usa. (ErrCode: 403) (ErrTime: 17:14:30).
Request → GET https://api.bybit.com/v5/market/tickers: category=spot&symbol=BTCUSDT.); trying Coinbase
2026-07-21 17:14:30,240 [INFO] BTCUSDT px=66416.8250 avg=66643.1050 tp=67642.7516 sl=58645.9324 next_so=65643.4584 (SO 0/4)
2026-07-21 17:14:30,251 [WARNING] Bybit price failed (You have breached the ip rate limit or your ip is from the usa. (ErrCode: 403) (ErrTime: 17:14:30).
Request → GET https://api.bybit.com/v5/market/tickers: category=spot&symbol=ETHUSDT.); trying Coinbase
2026-07-21 17:14:30,309 [INFO] ETHUSDT px=1924.1600 avg=1922.1450 tp=1950.9772 sl=1691.4876 next_so=1893.3128 (SO 0/4)
2026-07-21 17:14:30,309 [INFO] Single tick complete (GitHub Actions mode). State saved.
2026-07-21 18:42:10,516 [INFO] === CAPITAL RULES ===
2026-07-21 18:42:10,516 [INFO] Total capital: 1000.00 USDT
2026-07-21 18:42:10,516 [INFO] Per-deal budget: 30.00 USDT (3.0% of capital)
2026-07-21 18:42:10,516 [INFO] Base order: 3.29 USDT, up to 4 safety orders
2026-07-21 18:42:10,516 [INFO] Worst-case loss per deal: 3.60 USDT (0.36% of capital)
2026-07-21 18:42:10,516 [INFO] Max total exposure: 6.0% of capital
2026-07-21 18:42:10,659 [WARNING] Bybit price failed (You have breached the ip rate limit or your ip is from the usa. (ErrCode: 403) (ErrTime: 18:42:10).
Request → GET https://api.bybit.com/v5/market/tickers: category=spot&symbol=BTCUSDT.); trying Coinbase
2026-07-21 18:42:10,836 [INFO] BTCUSDT px=66221.9450 avg=66643.1050 tp=67642.7516 sl=58645.9324 next_so=65643.4584 (SO 0/4)
2026-07-21 18:42:10,840 [WARNING] Bybit price failed (You have breached the ip rate limit or your ip is from the usa. (ErrCode: 403) (ErrTime: 18:42:10).
Request → GET https://api.bybit.com/v5/market/tickers: category=spot&symbol=ETHUSDT.); trying Coinbase
2026-07-21 18:42:10,950 [INFO] ETHUSDT px=1919.3700 avg=1922.1450 tp=1950.9772 sl=1691.4876 next_so=1893.3128 (SO 0/4)
2026-07-21 18:42:10,951 [INFO] Single tick complete (GitHub Actions mode). State saved.
2026-07-21 20:06:27,168 [INFO] === CAPITAL RULES ===
2026-07-21 20:06:27,168 [INFO] Total capital: 1000.00 USDT
2026-07-21 20:06:27,169 [INFO] Per-deal budget: 30.00 USDT (3.0% of capital)
2026-07-21 20:06:27,169 [INFO] Base order: 3.29 USDT, up to 4 safety orders
2026-07-21 20:06:27,169 [INFO] Worst-case loss per deal: 3.60 USDT (0.36% of capital)
2026-07-21 20:06:27,169 [INFO] Max total exposure: 6.0% of capital
2026-07-21 20:06:27,299 [WARNING] Bybit price failed (You have breached the ip rate limit or your ip is from the usa. (ErrCode: 403) (ErrTime: 20:06:27).
Request → GET https://api.bybit.com/v5/market/tickers: category=spot&symbol=BTCUSDT.); trying Coinbase
2026-07-21 20:06:27,344 [INFO] BTCUSDT px=66422.0350 avg=66643.1050 tp=67642.7516 sl=58645.9324 next_so=65643.4584 (SO 0/4)
2026-07-21 20:06:27,348 [WARNING] Bybit price failed (You have breached the ip rate limit or your ip is from the usa. (ErrCode: 403) (ErrTime: 20:06:27).
Request → GET https://api.bybit.com/v5/market/tickers: category=spot&symbol=ETHUSDT.); trying Coinbase
2026-07-21 20:06:27,392 [INFO] ETHUSDT px=1922.7550 avg=1922.1450 tp=1950.9772 sl=1691.4876 next_so=1893.3128 (SO 0/4)
2026-07-21 20:06:27,392 [INFO] Single tick complete (GitHub Actions mode). State saved.
2026-07-21 21:32:23,065 [INFO] === CAPITAL RULES ===
2026-07-21 21:32:23,066 [INFO] Total capital: 1000.00 USDT
2026-07-21 21:32:23,066 [INFO] Per-deal budget: 30.00 USDT (3.0% of capital)
2026-07-21 21:32:23,066 [INFO] Base order: 3.29 USDT, up to 4 safety orders
2026-07-21 21:32:23,066 [INFO] Worst-case loss per deal: 3.60 USDT (0.36% of capital)
2026-07-21 21:32:23,066 [INFO] Max total exposure: 6.0% of capital
2026-07-21 21:32:23,210 [WARNING] Bybit price failed (You have breached the ip rate limit or your ip is from the usa. (ErrCode: 403) (ErrTime: 21:32:23).
Request → GET https://api.bybit.com/v5/market/tickers: category=spot&symbol=BTCUSDT.); trying Coinbase
2026-07-21 21:32:23,262 [INFO] BTCUSDT px=66276.0550 avg=66643.1050 tp=67642.7516 sl=58645.9324 next_so=65643.4584 (SO 0/4)
2026-07-21 21:32:23,267 [WARNING] Bybit price failed (You have breached the ip rate limit or your ip is from the usa. (ErrCode: 403) (ErrTime: 21:32:23).
Request → GET https://api.bybit.com/v5/market/tickers: category=spot&symbol=ETHUSDT.); trying Coinbase
2026-07-21 21:32:23,308 [INFO] ETHUSDT px=1924.4350 avg=1922.1450 tp=1950.9772 sl=1691.4876 next_so=1893.3128 (SO 0/4)
2026-07-21 21:32:23,308 [INFO] Single tick complete (GitHub Actions mode). State saved.
2026-07-21 22:35:31,323 [INFO] === CAPITAL RULES ===
2026-07-21 22:35:31,323 [INFO] Total capital: 1000.00 USDT
2026-07-21 22:35:31,323 [INFO] Per-deal budget: 30.00 USDT (3.0% of capital)
2026-07-21 22:35:31,323 [INFO] Base order: 3.29 USDT, up to 4 safety orders
2026-07-21 22:35:31,323 [INFO] Worst-case loss per deal: 3.60 USDT (0.36% of capital)
2026-07-21 22:35:31,323 [INFO] Max total exposure: 6.0% of capital
2026-07-21 22:35:31,395 [WARNING] Bybit price failed (You have breached the ip rate limit or your ip is from the usa. (ErrCode: 403) (ErrTime: 22:35:31).
Request → GET https://api.bybit.com/v5/market/tickers: category=spot&symbol=BTCUSDT.); trying Coinbase
2026-07-21 22:35:31,455 [INFO] BTCUSDT px=66289.7950 avg=66643.1050 tp=67642.7516 sl=58645.9324 next_so=65643.4584 (SO 0/4)
2026-07-21 22:35:31,460 [WARNING] Bybit price failed (You have breached the ip rate limit or your ip is from the usa. (ErrCode: 403) (ErrTime: 22:35:31).
Request → GET https://api.bybit.com/v5/market/tickers: category=spot&symbol=ETHUSDT.); trying Coinbase
2026-07-21 22:35:31,514 [INFO] ETHUSDT px=1922.0700 avg=1922.1450 tp=1950.9772 sl=1691.4876 next_so=1893.3128 (SO 0/4)
2026-07-21 22:35:31,514 [INFO] Single tick complete (GitHub Actions mode). State saved.
2026-07-21 23:40:58,020 [INFO] === CAPITAL RULES ===
2026-07-21 23:40:58,020 [INFO] Total capital: 1000.00 USDT
2026-07-21 23:40:58,020 [INFO] Per-deal budget: 30.00 USDT (3.0% of capital)
2026-07-21 23:40:58,020 [INFO] Base order: 3.29 USDT, up to 4 safety orders
2026-07-21 23:40:58,020 [INFO] Worst-case loss per deal: 3.60 USDT (0.36% of capital)
2026-07-21 23:40:58,020 [INFO] Max total exposure: 6.0% of capital
2026-07-21 23:40:58,238 [WARNING] Bybit price failed (You have breached the ip rate limit or your ip is from the usa. (ErrCode: 403) (ErrTime: 23:40:58).
Request → GET https://api.bybit.com/v5/market/tickers: category=spot&symbol=BTCUSDT.); trying Coinbase
2026-07-21 23:40:58,291 [INFO] BTCUSDT px=66403.2250 avg=66643.1050 tp=67642.7516 sl=58645.9324 next_so=65643.4584 (SO 0/4)
2026-07-21 23:40:58,295 [WARNING] Bybit price failed (You have breached the ip rate limit or your ip is from the usa. (ErrCode: 403) (ErrTime: 23:40:58).
Request → GET https://api.bybit.com/v5/market/tickers: category=spot&symbol=ETHUSDT.); trying Coinbase
2026-07-21 23:40:58,345 [INFO] ETHUSDT px=1922.7200 avg=1922.1450 tp=1950.9772 sl=1691.4876 next_so=1893.3128 (SO 0/4)
2026-07-21 23:40:58,345 [INFO] Single tick complete (GitHub Actions mode). State saved.
2026-07-22 01:07:14,670 [INFO] === CAPITAL RULES ===
2026-07-22 01:07:14,670 [INFO] Total capital: 1000.00 USDT
2026-07-22 01:07:14,670 [INFO] Per-deal budget: 30.00 USDT (3.0% of capital)
2026-07-22 01:07:14,670 [INFO] Base order: 3.29 USDT, up to 4 safety orders
2026-07-22 01:07:14,670 [INFO] Worst-case loss per deal: 3.60 USDT (0.36% of capital)
2026-07-22 01:07:14,670 [INFO] Max total exposure: 6.0% of capital
2026-07-22 01:07:14,803 [WARNING] Bybit price failed (You have breached the ip rate limit or your ip is from the usa. (ErrCode: 403) (ErrTime: 01:07:14).
Request → GET https://api.bybit.com/v5/market/tickers: category=spot&symbol=BTCUSDT.); trying Coinbase
2026-07-22 01:07:14,860 [INFO] BTCUSDT px=66566.7050 avg=66643.1050 tp=67642.7516 sl=58645.9324 next_so=65643.4584 (SO 0/4)
2026-07-22 01:07:14,868 [WARNING] Bybit price failed (You have breached the ip rate limit or your ip is from the usa. (ErrCode: 403) (ErrTime: 01:07:14).
Request → GET https://api.bybit.com/v5/market/tickers: category=spot&symbol=ETHUSDT.); trying Coinbase
2026-07-22 01:07:14,930 [INFO] ETHUSDT px=1936.3150 avg=1922.1450 tp=1950.9772 sl=1691.4876 next_so=1893.3128 (SO 0/4)
2026-07-22 01:07:14,931 [INFO] Single tick complete (GitHub Actions mode). State saved.
2026-07-22 04:33:29,339 [INFO] === CAPITAL RULES ===
2026-07-22 04:33:29,339 [INFO] Total capital: 1000.00 USDT
2026-07-22 04:33:29,339 [INFO] Per-deal budget: 30.00 USDT (3.0% of capital)
2026-07-22 04:33:29,339 [INFO] Base order: 3.29 USDT, up to 4 safety orders
2026-07-22 04:33:29,339 [INFO] Worst-case loss per deal: 3.60 USDT (0.36% of capital)
2026-07-22 04:33:29,339 [INFO] Max total exposure: 6.0% of capital
2026-07-22 04:33:29,456 [WARNING] Bybit price failed (You have breached the ip rate limit or your ip is from the usa. (ErrCode: 403) (ErrTime: 04:33:29).
Request → GET https://api.bybit.com/v5/market/tickers: category=spot&symbol=BTCUSDT.); trying Coinbase
2026-07-22 04:33:29,501 [INFO] BTCUSDT px=66300.3050 avg=66643.1050 tp=67642.7516 sl=58645.9324 next_so=65643.4584 (SO 0/4)
2026-07-22 04:33:29,505 [WARNING] Bybit price failed (You have breached the ip rate limit or your ip is from the usa. (ErrCode: 403) (ErrTime: 04:33:29).
Request → GET https://api.bybit.com/v5/market/tickers: category=spot&symbol=ETHUSDT.); trying Coinbase
2026-07-22 04:33:29,551 [INFO] ETHUSDT px=1933.2900 avg=1922.1450 tp=1950.9772 sl=1691.4876 next_so=1893.3128 (SO 0/4)
2026-07-22 04:33:29,551 [INFO] Single tick complete (GitHub Actions mode). State saved.
2026-07-22 07:20:51,802 [INFO] === CAPITAL RULES ===
2026-07-22 07:20:51,802 [INFO] Total capital: 1000.00 USDT
2026-07-22 07:20:51,802 [INFO] Per-deal budget: 30.00 USDT (3.0% of capital)
2026-07-22 07:20:51,802 [INFO] Base order: 3.29 USDT, up to 4 safety orders
2026-07-22 07:20:51,802 [INFO] Worst-case loss per deal: 3.60 USDT (0.36% of capital)
2026-07-22 07:20:51,802 [INFO] Max total exposure: 6.0% of capital
2026-07-22 07:20:51,959 [WARNING] Bybit price failed (You have breached the ip rate limit or your ip is from the usa. (ErrCode: 403) (ErrTime: 07:20:51).
Request → GET https://api.bybit.com/v5/market/tickers: category=spot&symbol=BTCUSDT.); trying Coinbase
2026-07-22 07:20:52,115 [INFO] BTCUSDT px=65847.4150 avg=66643.1050 tp=67642.7516 sl=58645.9324 next_so=65643.4584 (SO 0/4)
2026-07-22 07:20:52,123 [WARNING] Bybit price failed (You have breached the ip rate limit or your ip is from the usa. (ErrCode: 403) (ErrTime: 07:20:52).
Request → GET https://api.bybit.com/v5/market/tickers: category=spot&symbol=ETHUSDT.); trying Coinbase
2026-07-22 07:20:52,172 [INFO] ETHUSDT px=1914.9200 avg=1922.1450 tp=1950.9772 sl=1691.4876 next_so=1893.3128 (SO 0/4)
2026-07-22 07:20:52,172 [INFO] Single tick complete (GitHub Actions mode). State saved.
2026-07-22 09:57:30,357 [INFO] === CAPITAL RULES ===
2026-07-22 09:57:30,357 [INFO] Total capital: 1000.00 USDT
2026-07-22 09:57:30,357 [INFO] Per-deal budget: 30.00 USDT (3.0% of capital)
2026-07-22 09:57:30,357 [INFO] Base order: 3.29 USDT, up to 4 safety orders
2026-07-22 09:57:30,357 [INFO] Worst-case loss per deal: 3.60 USDT (0.36% of capital)
2026-07-22 09:57:30,357 [INFO] Max total exposure: 6.0% of capital
2026-07-22 09:57:30,499 [WARNING] Bybit price failed (You have breached the ip rate limit or your ip is from the usa. (ErrCode: 403) (ErrTime: 09:57:30).
Request → GET https://api.bybit.com/v5/market/tickers: category=spot&symbol=BTCUSDT.); trying Coinbase
2026-07-22 09:57:30,617 [INFO] BTCUSDT px=65887.8850 avg=66643.1050 tp=67642.7516 sl=58645.9324 next_so=65643.4584 (SO 0/4)
2026-07-22 09:57:30,628 [WARNING] Bybit price failed (You have breached the ip rate limit or your ip is from the usa. (ErrCode: 403) (ErrTime: 09:57:30).
Request → GET https://api.bybit.com/v5/market/tickers: category=spot&symbol=ETHUSDT.); trying Coinbase
2026-07-22 09:57:30,674 [INFO] ETHUSDT px=1922.8700 avg=1922.1450 tp=1950.9772 sl=1691.4876 next_so=1893.3128 (SO 0/4)
2026-07-22 09:57:30,674 [INFO] Single tick complete (GitHub Actions mode). State saved.
2026-07-22 11:49:24,403 [INFO] === CAPITAL RULES ===
2026-07-22 11:49:24,404 [INFO] Total capital: 1000.00 USDT
2026-07-22 11:49:24,404 [INFO] Per-deal budget: 30.00 USDT (3.0% of capital)
2026-07-22 11:49:24,404 [INFO] Base order: 3.29 USDT, up to 4 safety orders
2026-07-22 11:49:24,404 [INFO] Worst-case loss per deal: 3.60 USDT (0.36% of capital)
2026-07-22 11:49:24,404 [INFO] Max total exposure: 6.0% of capital
2026-07-22 11:49:24,561 [WARNING] Bybit price failed (You have breached the ip rate limit or your ip is from the usa. (ErrCode: 403) (ErrTime: 11:49:24).
Request → GET https://api.bybit.com/v5/market/tickers: category=spot&symbol=BTCUSDT.); trying Coinbase
2026-07-22 11:49:24,640 [INFO] BTCUSDT px=65997.5750 avg=66643.1050 tp=67642.7516 sl=58645.9324 next_so=65643.4584 (SO 0/4)
2026-07-22 11:49:24,651 [WARNING] Bybit price failed (You have breached the ip rate limit or your ip is from the usa. (ErrCode: 403) (ErrTime: 11:49:24).
Request → GET https://api.bybit.com/v5/market/tickers: category=spot&symbol=ETHUSDT.); trying Coinbase
2026-07-22 11:49:24,702 [INFO] ETHUSDT px=1926.1450 avg=1922.1450 tp=1950.9772 sl=1691.4876 next_so=1893.3128 (SO 0/4)
2026-07-22 11:49:24,702 [INFO] Single tick complete (GitHub Actions mode). State saved.
2026-07-22 13:44:49,305 [INFO] === CAPITAL RULES ===
2026-07-22 13:44:49,305 [INFO] Total capital: 1000.00 USDT
2026-07-22 13:44:49,305 [INFO] Per-deal budget: 30.00 USDT (3.0% of capital)
2026-07-22 13:44:49,305 [INFO] Base order: 3.29 USDT, up to 4 safety orders
2026-07-22 13:44:49,305 [INFO] Worst-case loss per deal: 3.60 USDT (0.36% of capital)
2026-07-22 13:44:49,306 [INFO] Max total exposure: 6.0% of capital
2026-07-22 13:44:49,575 [WARNING] Bybit price failed (You have breached the ip rate limit or your ip is from the usa. (ErrCode: 403) (ErrTime: 13:44:49).
Request → GET https://api.bybit.com/v5/market/tickers: category=spot&symbol=BTCUSDT.); trying Coinbase
2026-07-22 13:44:49,634 [INFO] BTCUSDT px=65840.8250 avg=66643.1050 tp=67642.7516 sl=58645.9324 next_so=65643.4584 (SO 0/4)
2026-07-22 13:44:49,638 [WARNING] Bybit price failed (You have breached the ip rate limit or your ip is from the usa. (ErrCode: 403) (ErrTime: 13:44:49).
Request → GET https://api.bybit.com/v5/market/tickers: category=spot&symbol=ETHUSDT.); trying Coinbase
2026-07-22 13:44:49,685 [INFO] ETHUSDT px=1935.8050 avg=1922.1450 tp=1950.9772 sl=1691.4876 next_so=1893.3128 (SO 0/4)
2026-07-22 13:44:49,685 [INFO] Single tick complete (GitHub Actions mode). State saved.
2026-07-22 15:23:24,345 [INFO] === CAPITAL RULES ===
2026-07-22 15:23:24,346 [INFO] Total capital: 1000.00 USDT
2026-07-22 15:23:24,346 [INFO] Per-deal budget: 30.00 USDT (3.0% of capital)
2026-07-22 15:23:24,346 [INFO] Base order: 3.29 USDT, up to 4 safety orders
2026-07-22 15:23:24,346 [INFO] Worst-case loss per deal: 3.60 USDT (0.36% of capital)
2026-07-22 15:23:24,346 [INFO] Max total exposure: 6.0% of capital
2026-07-22 15:23:24,422 [WARNING] Bybit price failed (You have breached the ip rate limit or your ip is from the usa. (ErrCode: 403) (ErrTime: 15:23:24).
Request → GET https://api.bybit.com/v5/market/tickers: category=spot&symbol=BTCUSDT.); trying Coinbase
2026-07-22 15:23:24,474 [INFO] BTCUSDT px=65949.3450 avg=66643.1050 tp=67642.7516 sl=58645.9324 next_so=65643.4584 (SO 0/4)
2026-07-22 15:23:24,479 [WARNING] Bybit price failed (You have breached the ip rate limit or your ip is from the usa. (ErrCode: 403) (ErrTime: 15:23:24).
Request → GET https://api.bybit.com/v5/market/tickers: category=spot&symbol=ETHUSDT.); trying Coinbase
2026-07-22 15:23:24,519 [INFO] ETHUSDT px=1946.2450 avg=1922.1450 tp=1950.9772 sl=1691.4876 next_so=1893.3128 (SO 0/4)
2026-07-22 15:23:24,519 [INFO] Single tick complete (GitHub Actions mode). State saved.
2026-07-22 16:55:19,501 [INFO] === CAPITAL RULES ===
2026-07-22 16:55:19,502 [INFO] Total capital: 1000.00 USDT
2026-07-22 16:55:19,502 [INFO] Per-deal budget: 30.00 USDT (3.0% of capital)
2026-07-22 16:55:19,502 [INFO] Base order: 3.29 USDT, up to 4 safety orders
2026-07-22 16:55:19,502 [INFO] Worst-case loss per deal: 3.60 USDT (0.36% of capital)
2026-07-22 16:55:19,502 [INFO] Max total exposure: 6.0% of capital
2026-07-22 16:55:19,693 [WARNING] Bybit price failed (You have breached the ip rate limit or your ip is from the usa. (ErrCode: 403) (ErrTime: 16:55:19).
Request → GET https://api.bybit.com/v5/market/tickers: category=spot&symbol=BTCUSDT.); trying Coinbase
2026-07-22 16:55:19,839 [INFO] BTCUSDT px=66156.4750 avg=66643.1050 tp=67642.7516 sl=58645.9324 next_so=65643.4584 (SO 0/4)
2026-07-22 16:55:19,854 [WARNING] Bybit price failed (You have breached the ip rate limit or your ip is from the usa. (ErrCode: 403) (ErrTime: 16:55:19).
Request → GET https://api.bybit.com/v5/market/tickers: category=spot&symbol=ETHUSDT.); trying Coinbase
2026-07-22 16:55:19,955 [INFO] ETHUSDT px=1946.2050 avg=1922.1450 tp=1950.9772 sl=1691.4876 next_so=1893.3128 (SO 0/4)
2026-07-22 16:55:19,955 [INFO] Single tick complete (GitHub Actions mode). State saved.
2026-07-22 18:06:42,400 [INFO] === CAPITAL RULES ===
2026-07-22 18:06:42,400 [INFO] Total capital: 1000.00 USDT
2026-07-22 18:06:42,400 [INFO] Per-deal budget: 30.00 USDT (3.0% of capital)
2026-07-22 18:06:42,400 [INFO] Base order: 3.29 USDT, up to 4 safety orders
2026-07-22 18:06:42,400 [INFO] Worst-case loss per deal: 3.60 USDT (0.36% of capital)
2026-07-22 18:06:42,400 [INFO] Max total exposure: 6.0% of capital
2026-07-22 18:06:42,553 [WARNING] Bybit price failed (You have breached the ip rate limit or your ip is from the usa. (ErrCode: 403) (ErrTime: 18:06:42).
Request → GET https://api.bybit.com/v5/market/tickers: category=spot&symbol=BTCUSDT.); trying Coinbase
2026-07-22 18:06:42,638 [INFO] BTCUSDT px=66028.4450 avg=66643.1050 tp=67642.7516 sl=58645.9324 next_so=65643.4584 (SO 0/4)
2026-07-22 18:06:42,649 [WARNING] Bybit price failed (You have breached the ip rate limit or your ip is from the usa. (ErrCode: 403) (ErrTime: 18:06:42).
Request → GET https://api.bybit.com/v5/market/tickers: category=spot&symbol=ETHUSDT.); trying Coinbase
2026-07-22 18:06:42,702 [INFO] ETHUSDT px=1938.1050 avg=1922.1450 tp=1950.9772 sl=1691.4876 next_so=1893.3128 (SO 0/4)
2026-07-22 18:06:42,702 [INFO] Single tick complete (GitHub Actions mode). State saved.
2026-07-22 19:42:43,759 [INFO] === CAPITAL RULES ===
2026-07-22 19:42:43,759 [INFO] Total capital: 1000.00 USDT
2026-07-22 19:42:43,759 [INFO] Per-deal budget: 30.00 USDT (3.0% of capital)
2026-07-22 19:42:43,759 [INFO] Base order: 3.29 USDT, up to 4 safety orders
2026-07-22 19:42:43,759 [INFO] Worst-case loss per deal: 3.60 USDT (0.36% of capital)
2026-07-22 19:42:43,759 [INFO] Max total exposure: 6.0% of capital
2026-07-22 19:42:43,953 [WARNING] Bybit price failed (You have breached the ip rate limit or your ip is from the usa. (ErrCode: 403) (ErrTime: 19:42:43).
Request → GET https://api.bybit.com/v5/market/tickers: category=spot&symbol=BTCUSDT.); trying Coinbase
2026-07-22 19:42:44,039 [INFO] BTCUSDT px=65877.3850 avg=66643.1050 tp=67642.7516 sl=58645.9324 next_so=65643.4584 (SO 0/4)
2026-07-22 19:42:44,043 [WARNING] Bybit price failed (You have breached the ip rate limit or your ip is from the usa. (ErrCode: 403) (ErrTime: 19:42:44).
Request → GET https://api.bybit.com/v5/market/tickers: category=spot&symbol=ETHUSDT.); trying Coinbase
2026-07-22 19:42:44,118 [INFO] ETHUSDT px=1926.1050 avg=1922.1450 tp=1950.9772 sl=1691.4876 next_so=1893.3128 (SO 0/4)
2026-07-22 19:42:44,119 [INFO] Single tick complete (GitHub Actions mode). State saved.
2026-07-22 20:46:27,576 [INFO] === CAPITAL RULES ===
2026-07-22 20:46:27,576 [INFO] Total capital: 1000.00 USDT
2026-07-22 20:46:27,576 [INFO] Per-deal budget: 30.00 USDT (3.0% of capital)
2026-07-22 20:46:27,576 [INFO] Base order: 3.29 USDT, up to 4 safety orders
2026-07-22 20:46:27,576 [INFO] Worst-case loss per deal: 3.60 USDT (0.36% of capital)
2026-07-22 20:46:27,577 [INFO] Max total exposure: 6.0% of capital
2026-07-22 20:46:27,635 [WARNING] Bybit price failed (You have breached the ip rate limit or your ip is from the usa. (ErrCode: 403) (ErrTime: 20:46:27).
Request → GET https://api.bybit.com/v5/market/tickers: category=spot&symbol=BTCUSDT.); trying Coinbase
2026-07-22 20:46:27,691 [INFO] BTCUSDT px=65890.0050 avg=66643.1050 tp=67642.7516 sl=58645.9324 next_so=65643.4584 (SO 0/4)
2026-07-22 20:46:27,695 [WARNING] Bybit price failed (You have breached the ip rate limit or your ip is from the usa. (ErrCode: 403) (ErrTime: 20:46:27).
Request → GET https://api.bybit.com/v5/market/tickers: category=spot&symbol=ETHUSDT.); trying Coinbase
2026-07-22 20:46:27,731 [INFO] ETHUSDT px=1925.9600 avg=1922.1450 tp=1950.9772 sl=1691.4876 next_so=1893.3128 (SO 0/4)
2026-07-22 20:46:27,731 [INFO] Single tick complete (GitHub Actions mode). State saved.
2026-07-22 22:01:50,995 [INFO] === CAPITAL RULES ===
2026-07-22 22:01:50,995 [INFO] Total capital: 1000.00 USDT
2026-07-22 22:01:50,996 [INFO] Per-deal budget: 30.00 USDT (3.0% of capital)
2026-07-22 22:01:50,996 [INFO] Base order: 3.29 USDT, up to 4 safety orders
2026-07-22 22:01:50,996 [INFO] Worst-case loss per deal: 3.60 USDT (0.36% of capital)
2026-07-22 22:01:50,996 [INFO] Max total exposure: 6.0% of capital
2026-07-22 22:01:51,063 [WARNING] Bybit price failed (You have breached the ip rate limit or your ip is from the usa. (ErrCode: 403) (ErrTime: 22:01:51).
Request → GET https://api.bybit.com/v5/market/tickers: category=spot&symbol=BTCUSDT.); trying Coinbase
2026-07-22 22:01:51,106 [INFO] BTCUSDT px=65987.2250 avg=66643.1050 tp=67642.7516 sl=58645.9324 next_so=65643.4584 (SO 0/4)
2026-07-22 22:01:51,109 [WARNING] Bybit price failed (You have breached the ip rate limit or your ip is from the usa. (ErrCode: 403) (ErrTime: 22:01:51).
Request → GET https://api.bybit.com/v5/market/tickers: category=spot&symbol=ETHUSDT.); trying Coinbase
2026-07-22 22:01:51,147 [INFO] ETHUSDT px=1935.1750 avg=1922.1450 tp=1950.9772 sl=1691.4876 next_so=1893.3128 (SO 0/4)
2026-07-22 22:01:51,147 [INFO] Single tick complete (GitHub Actions mode). State saved.
2026-07-22 23:14:51,391 [INFO] === CAPITAL RULES ===
2026-07-22 23:14:51,391 [INFO] Total capital: 1000.00 USDT
2026-07-22 23:14:51,391 [INFO] Per-deal budget: 30.00 USDT (3.0% of capital)
2026-07-22 23:14:51,391 [INFO] Base order: 3.29 USDT, up to 4 safety orders
2026-07-22 23:14:51,392 [INFO] Worst-case loss per deal: 3.60 USDT (0.36% of capital)
2026-07-22 23:14:51,392 [INFO] Max total exposure: 6.0% of capital
2026-07-22 23:14:51,535 [WARNING] Bybit price failed (You have breached the ip rate limit or your ip is from the usa. (ErrCode: 403) (ErrTime: 23:14:51).
Request → GET https://api.bybit.com/v5/market/tickers: category=spot&symbol=BTCUSDT.); trying Coinbase
2026-07-22 23:14:51,585 [INFO] BTCUSDT px=65833.0950 avg=66643.1050 tp=67642.7516 sl=58645.9324 next_so=65643.4584 (SO 0/4)
2026-07-22 23:14:51,589 [WARNING] Bybit price failed (You have breached the ip rate limit or your ip is from the usa. (ErrCode: 403) (ErrTime: 23:14:51).
Request → GET https://api.bybit.com/v5/market/tickers: category=spot&symbol=ETHUSDT.); trying Coinbase
2026-07-22 23:14:51,646 [INFO] ETHUSDT px=1925.2450 avg=1922.1450 tp=1950.9772 sl=1691.4876 next_so=1893.3128 (SO 0/4)
2026-07-22 23:14:51,646 [INFO] Single tick complete (GitHub Actions mode). State saved.
2026-07-23 00:14:38,817 [INFO] === CAPITAL RULES ===
2026-07-23 00:14:38,817 [INFO] Total capital: 1000.00 USDT
2026-07-23 00:14:38,817 [INFO] Per-deal budget: 30.00 USDT (3.0% of capital)
2026-07-23 00:14:38,818 [INFO] Base order: 3.29 USDT, up to 4 safety orders
2026-07-23 00:14:38,818 [INFO] Worst-case loss per deal: 3.60 USDT (0.36% of capital)
2026-07-23 00:14:38,818 [INFO] Max total exposure: 6.0% of capital
2026-07-23 00:14:38,979 [WARNING] Bybit price failed (You have breached the ip rate limit or your ip is from the usa. (ErrCode: 403) (ErrTime: 00:14:38).
Request → GET https://api.bybit.com/v5/market/tickers: category=spot&symbol=BTCUSDT.); trying Coinbase
2026-07-23 00:14:39,028 [INFO] BTCUSDT px=66171.5450 avg=66643.1050 tp=67642.7516 sl=58645.9324 next_so=65643.4584 (SO 0/4)
2026-07-23 00:14:39,033 [WARNING] Bybit price failed (You have breached the ip rate limit or your ip is from the usa. (ErrCode: 403) (ErrTime: 00:14:39).
Request → GET https://api.bybit.com/v5/market/tickers: category=spot&symbol=ETHUSDT.); trying Coinbase
2026-07-23 00:14:39,072 [INFO] ETHUSDT px=1934.5850 avg=1922.1450 tp=1950.9772 sl=1691.4876 next_so=1893.3128 (SO 0/4)
2026-07-23 00:14:39,072 [INFO] Single tick complete (GitHub Actions mode). State saved.
2026-07-23 03:48:10,610 [INFO] === CAPITAL RULES ===
2026-07-23 03:48:10,610 [INFO] Total capital: 1000.00 USDT
2026-07-23 03:48:10,610 [INFO] Per-deal budget: 30.00 USDT (3.0% of capital)
2026-07-23 03:48:10,611 [INFO] Base order: 3.29 USDT, up to 4 safety orders
2026-07-23 03:48:10,611 [INFO] Worst-case loss per deal: 3.60 USDT (0.36% of capital)
2026-07-23 03:48:10,611 [INFO] Max total exposure: 6.0% of capital
2026-07-23 03:48:10,841 [WARNING] Bybit price failed (You have breached the ip rate limit or your ip is from the usa. (ErrCode: 403) (ErrTime: 03:48:10).
Request → GET https://api.bybit.com/v5/market/tickers: category=spot&symbol=BTCUSDT.); trying Coinbase
2026-07-23 03:48:10,915 [INFO] BTCUSDT px=65649.9950 avg=66643.1050 tp=67642.7516 sl=58645.9324 next_so=65643.4584 (SO 0/4)
2026-07-23 03:48:10,932 [WARNING] Bybit price failed (You have breached the ip rate limit or your ip is from the usa. (ErrCode: 403) (ErrTime: 03:48:10).
Request → GET https://api.bybit.com/v5/market/tickers: category=spot&symbol=ETHUSDT.); trying Coinbase
2026-07-23 03:48:11,025 [INFO] ETHUSDT px=1921.7950 avg=1922.1450 tp=1950.9772 sl=1691.4876 next_so=1893.3128 (SO 0/4)
2026-07-23 03:48:11,025 [INFO] Single tick complete (GitHub Actions mode). State saved.
2026-07-23 06:28:08,492 [INFO] === CAPITAL RULES ===
2026-07-23 06:28:08,492 [INFO] Total capital: 1000.00 USDT
2026-07-23 06:28:08,492 [INFO] Per-deal budget: 30.00 USDT (3.0% of capital)
2026-07-23 06:28:08,492 [INFO] Base order: 3.29 USDT, up to 4 safety orders
2026-07-23 06:28:08,492 [INFO] Worst-case loss per deal: 3.60 USDT (0.36% of capital)
2026-07-23 06:28:08,492 [INFO] Max total exposure: 6.0% of capital
2026-07-23 06:28:08,747 [WARNING] Bybit price failed (You have breached the ip rate limit or your ip is from the usa. (ErrCode: 403) (ErrTime: 06:28:08).
Request → GET https://api.bybit.com/v5/market/tickers: category=spot&symbol=BTCUSDT.); trying Coinbase
2026-07-23 06:28:08,800 [INFO] BTCUSDT px=65667.9950 avg=66643.1050 tp=67642.7516 sl=58645.9324 next_so=65643.4584 (SO 0/4)
2026-07-23 06:28:08,805 [WARNING] Bybit price failed (You have breached the ip rate limit or your ip is from the usa. (ErrCode: 403) (ErrTime: 06:28:08).
Request → GET https://api.bybit.com/v5/market/tickers: category=spot&symbol=ETHUSDT.); trying Coinbase
2026-07-23 06:28:08,845 [INFO] ETHUSDT px=1923.6050 avg=1922.1450 tp=1950.9772 sl=1691.4876 next_so=1893.3128 (SO 0/4)
2026-07-23 06:28:08,845 [INFO] Single tick complete (GitHub Actions mode). State saved.
2026-07-23 09:09:19,374 [INFO] === CAPITAL RULES ===
2026-07-23 09:09:19,374 [INFO] Total capital: 1000.00 USDT
2026-07-23 09:09:19,374 [INFO] Per-deal budget: 30.00 USDT (3.0% of capital)
2026-07-23 09:09:19,374 [INFO] Base order: 3.29 USDT, up to 4 safety orders
2026-07-23 09:09:19,374 [INFO] Worst-case loss per deal: 3.60 USDT (0.36% of capital)
2026-07-23 09:09:19,374 [INFO] Max total exposure: 6.0% of capital
2026-07-23 09:09:19,449 [WARNING] Bybit price failed (You have breached the ip rate limit or your ip is from the usa. (ErrCode: 403) (ErrTime: 09:09:19).
Request → GET https://api.bybit.com/v5/market/tickers: category=spot&symbol=BTCUSDT.); trying Coinbase
2026-07-23 09:09:19,569 [INFO] BTCUSDT px=65658.6150 avg=66643.1050 tp=67642.7516 sl=58645.9324 next_so=65643.4584 (SO 0/4)
2026-07-23 09:09:19,577 [WARNING] Bybit price failed (You have breached the ip rate limit or your ip is from the usa. (ErrCode: 403) (ErrTime: 09:09:19).
Request → GET https://api.bybit.com/v5/market/tickers: category=spot&symbol=ETHUSDT.); trying Coinbase
2026-07-23 09:09:19,639 [INFO] ETHUSDT px=1927.8650 avg=1922.1450 tp=1950.9772 sl=1691.4876 next_so=1893.3128 (SO 0/4)
2026-07-23 09:09:19,639 [INFO] Single tick complete (GitHub Actions mode). State saved.
2026-07-23 11:19:50,679 [INFO] === CAPITAL RULES ===
2026-07-23 11:19:50,679 [INFO] Total capital: 1000.00 USDT
2026-07-23 11:19:50,679 [INFO] Per-deal budget: 30.00 USDT (3.0% of capital)
2026-07-23 11:19:50,679 [INFO] Base order: 3.29 USDT, up to 4 safety orders
2026-07-23 11:19:50,679 [INFO] Worst-case loss per deal: 3.60 USDT (0.36% of capital)
2026-07-23 11:19:50,679 [INFO] Max total exposure: 6.0% of capital
2026-07-23 11:19:50,842 [WARNING] Bybit price failed (You have breached the ip rate limit or your ip is from the usa. (ErrCode: 403) (ErrTime: 11:19:50).
Request → GET https://api.bybit.com/v5/market/tickers: category=spot&symbol=BTCUSDT.); trying Coinbase
2026-07-23 11:19:50,951 [INFO] BTCUSDT px=65657.1950 avg=66643.1050 tp=67642.7516 sl=58645.9324 next_so=65643.4584 (SO 0/4)
2026-07-23 11:19:50,965 [WARNING] Bybit price failed (You have breached the ip rate limit or your ip is from the usa. (ErrCode: 403) (ErrTime: 11:19:50).
Request → GET https://api.bybit.com/v5/market/tickers: category=spot&symbol=ETHUSDT.); trying Coinbase
2026-07-23 11:19:51,063 [INFO] ETHUSDT px=1926.8950 avg=1922.1450 tp=1950.9772 sl=1691.4876 next_so=1893.3128 (SO 0/4)
2026-07-23 11:19:51,063 [INFO] Single tick complete (GitHub Actions mode). State saved.
2026-07-23 12:57:59,804 [INFO] === CAPITAL RULES ===
2026-07-23 12:57:59,804 [INFO] Total capital: 1000.00 USDT
2026-07-23 12:57:59,804 [INFO] Per-deal budget: 30.00 USDT (3.0% of capital)
2026-07-23 12:57:59,804 [INFO] Base order: 3.29 USDT, up to 4 safety orders
2026-07-23 12:57:59,804 [INFO] Worst-case loss per deal: 3.60 USDT (0.36% of capital)
2026-07-23 12:57:59,804 [INFO] Max total exposure: 6.0% of capital
2026-07-23 12:58:00,003 [WARNING] Bybit price failed (You have breached the ip rate limit or your ip is from the usa. (ErrCode: 403) (ErrTime: 12:58:00).
Request → GET https://api.bybit.com/v5/market/tickers: category=spot&symbol=BTCUSDT.); trying Coinbase
2026-07-23 12:58:00,087 [INFO] BTCUSDT px=65169.5850 avg=66643.1050 tp=67642.7516 sl=58645.9324 next_so=65643.4584 (SO 0/4)
2026-07-23 12:58:00,095 [WARNING] Bybit price failed (You have breached the ip rate limit or your ip is from the usa. (ErrCode: 403) (ErrTime: 12:58:00).
Request → GET https://api.bybit.com/v5/market/tickers: category=spot&symbol=BTCUSDT.); trying Coinbase
2026-07-23 12:58:00,153 [INFO] NOTIFY: 🛟 SAFETY ORDER 1/4 BTCUSDT: bought 0.000050 @ 65169.5850. New avg 65898.1088
2026-07-23 12:58:00,595 [WARNING] Bybit price failed (You have breached the ip rate limit or your ip is from the usa. (ErrCode: 403) (ErrTime: 12:58:00).
Request → GET https://api.bybit.com/v5/market/tickers: category=spot&symbol=ETHUSDT.); trying Coinbase
2026-07-23 12:58:00,653 [INFO] ETHUSDT px=1903.5950 avg=1922.1450 tp=1950.9772 sl=1691.4876 next_so=1893.3128 (SO 0/4)
2026-07-23 12:58:00,653 [INFO] Single tick complete (GitHub Actions mode). State saved.
2026-07-23 15:12:29,757 [INFO] === CAPITAL RULES ===
2026-07-23 15:12:29,757 [INFO] Total capital: 1000.00 USDT
2026-07-23 15:12:29,757 [INFO] Per-deal budget: 30.00 USDT (3.0% of capital)
2026-07-23 15:12:29,757 [INFO] Base order: 3.29 USDT, up to 4 safety orders
2026-07-23 15:12:29,757 [INFO] Worst-case loss per deal: 3.60 USDT (0.36% of capital)
2026-07-23 15:12:29,757 [INFO] Max total exposure: 6.0% of capital
2026-07-23 15:12:29,830 [WARNING] Bybit price failed (You have breached the ip rate limit or your ip is from the usa. (ErrCode: 403) (ErrTime: 15:12:29).
Request → GET https://api.bybit.com/v5/market/tickers: category=spot&symbol=BTCUSDT.); trying Coinbase
2026-07-23 15:12:29,878 [INFO] BTCUSDT px=64707.9650 avg=65898.1088 tp=66886.5805 sl=57990.3358 next_so=63801.0237 (SO 1/4)
2026-07-23 15:12:29,882 [WARNING] Bybit price failed (You have breached the ip rate limit or your ip is from the usa. (ErrCode: 403) (ErrTime: 15:12:29).
Request → GET https://api.bybit.com/v5/market/tickers: category=spot&symbol=ETHUSDT.); trying Coinbase
2026-07-23 15:12:29,927 [INFO] ETHUSDT px=1885.0050 avg=1922.1450 tp=1950.9772 sl=1691.4876 next_so=1893.3128 (SO 0/4)
2026-07-23 15:12:29,931 [WARNING] Bybit price failed (You have breached the ip rate limit or your ip is from the usa. (ErrCode: 403) (ErrTime: 15:12:29).
Request → GET https://api.bybit.com/v5/market/tickers: category=spot&symbol=ETHUSDT.); trying Coinbase
2026-07-23 15:12:29,970 [INFO] NOTIFY: 🛟 SAFETY ORDER 1/4 ETHUSDT: bought 0.001744 @ 1885.0050. New avg 1903.3938
2026-07-23 15:12:30,604 [INFO] Single tick complete (GitHub Actions mode). State saved.
2026-07-23 16:47:20,998 [INFO] === CAPITAL RULES ===
2026-07-23 16:47:20,998 [INFO] Total capital: 1000.00 USDT
2026-07-23 16:47:20,998 [INFO] Per-deal budget: 30.00 USDT (3.0% of capital)
2026-07-23 16:47:20,998 [INFO] Base order: 3.29 USDT, up to 4 safety orders
2026-07-23 16:47:20,998 [INFO] Worst-case loss per deal: 3.60 USDT (0.36% of capital)
2026-07-23 16:47:20,998 [INFO] Max total exposure: 6.0% of capital
2026-07-23 16:47:21,180 [WARNING] Bybit price failed (You have breached the ip rate limit or your ip is from the usa. (ErrCode: 403) (ErrTime: 16:47:21).
Request → GET https://api.bybit.com/v5/market/tickers: category=spot&symbol=BTCUSDT.); trying Coinbase
2026-07-23 16:47:21,248 [INFO] BTCUSDT px=64683.4450 avg=65898.1088 tp=66886.5805 sl=57990.3358 next_so=63801.0237 (SO 1/4)
2026-07-23 16:47:21,252 [WARNING] Bybit price failed (You have breached the ip rate limit or your ip is from the usa. (ErrCode: 403) (ErrTime: 16:47:21).
Request → GET https://api.bybit.com/v5/market/tickers: category=spot&symbol=ETHUSDT.); trying Coinbase
2026-07-23 16:47:21,297 [INFO] ETHUSDT px=1886.4800 avg=1903.3938 tp=1931.9448 sl=1674.9866 next_so=1845.4199 (SO 1/4)
2026-07-23 16:47:21,297 [INFO] Single tick complete (GitHub Actions mode). State saved.
2026-07-23 18:10:34,355 [INFO] === CAPITAL RULES ===
2026-07-23 18:10:34,355 [INFO] Total capital: 1000.00 USDT
2026-07-23 18:10:34,355 [INFO] Per-deal budget: 30.00 USDT (3.0% of capital)
2026-07-23 18:10:34,356 [INFO] Base order: 3.29 USDT, up to 4 safety orders
2026-07-23 18:10:34,356 [INFO] Worst-case loss per deal: 3.60 USDT (0.36% of capital)
2026-07-23 18:10:34,356 [INFO] Max total exposure: 6.0% of capital
2026-07-23 18:10:34,497 [WARNING] Bybit price failed (You have breached the ip rate limit or your ip is from the usa. (ErrCode: 403) (ErrTime: 18:10:34).
Request → GET https://api.bybit.com/v5/market/tickers: category=spot&symbol=BTCUSDT.); trying Coinbase
2026-07-23 18:10:34,577 [INFO] BTCUSDT px=64714.0050 avg=65898.1088 tp=66886.5805 sl=57990.3358 next_so=63801.0237 (SO 1/4)
2026-07-23 18:10:34,581 [WARNING] Bybit price failed (You have breached the ip rate limit or your ip is from the usa. (ErrCode: 403) (ErrTime: 18:10:34).
Request → GET https://api.bybit.com/v5/market/tickers: category=spot&symbol=ETHUSDT.); trying Coinbase
2026-07-23 18:10:34,623 [INFO] ETHUSDT px=1878.3000 avg=1903.3938 tp=1931.9448 sl=1674.9866 next_so=1845.4199 (SO 1/4)
2026-07-23 18:10:34,623 [INFO] Single tick complete (GitHub Actions mode). State saved.
2026-07-23 19:45:23,156 [INFO] === CAPITAL RULES ===
2026-07-23 19:45:23,156 [INFO] Total capital: 1000.00 USDT
2026-07-23 19:45:23,156 [INFO] Per-deal budget: 30.00 USDT (3.0% of capital)
2026-07-23 19:45:23,156 [INFO] Base order: 3.29 USDT, up to 4 safety orders
2026-07-23 19:45:23,156 [INFO] Worst-case loss per deal: 3.60 USDT (0.36% of capital)
2026-07-23 19:45:23,156 [INFO] Max total exposure: 6.0% of capital
2026-07-23 19:45:23,338 [WARNING] Bybit price failed (You have breached the ip rate limit or your ip is from the usa. (ErrCode: 403) (ErrTime: 19:45:23).
Request → GET https://api.bybit.com/v5/market/tickers: category=spot&symbol=BTCUSDT.); trying Coinbase
2026-07-23 19:45:23,480 [INFO] BTCUSDT px=64699.9950 avg=65898.1088 tp=66886.5805 sl=57990.3358 next_so=63801.0237 (SO 1/4)
2026-07-23 19:45:23,493 [WARNING] Bybit price failed (You have breached the ip rate limit or your ip is from the usa. (ErrCode: 403) (ErrTime: 19:45:23).
Request → GET https://api.bybit.com/v5/market/tickers: category=spot&symbol=ETHUSDT.); trying Coinbase
2026-07-23 19:45:23,560 [INFO] ETHUSDT px=1874.3750 avg=1903.3938 tp=1931.9448 sl=1674.9866 next_so=1845.4199 (SO 1/4)
2026-07-23 19:45:23,561 [INFO] Single tick complete (GitHub Actions mode). State saved.
2026-07-23 20:59:58,732 [INFO] === CAPITAL RULES ===
2026-07-23 20:59:58,732 [INFO] Total capital: 1000.00 USDT
2026-07-23 20:59:58,732 [INFO] Per-deal budget: 30.00 USDT (3.0% of capital)
2026-07-23 20:59:58,732 [INFO] Base order: 3.29 USDT, up to 4 safety orders
2026-07-23 20:59:58,732 [INFO] Worst-case loss per deal: 3.60 USDT (0.36% of capital)
2026-07-23 20:59:58,732 [INFO] Max total exposure: 6.0% of capital
2026-07-23 20:59:58,891 [WARNING] Bybit price failed (You have breached the ip rate limit or your ip is from the usa. (ErrCode: 403) (ErrTime: 20:59:58).
Request → GET https://api.bybit.com/v5/market/tickers: category=spot&symbol=BTCUSDT.); trying Coinbase
2026-07-23 20:59:58,951 [INFO] BTCUSDT px=65096.3650 avg=65898.1088 tp=66886.5805 sl=57990.3358 next_so=63801.0237 (SO 1/4)
2026-07-23 20:59:58,962 [WARNING] Bybit price failed (You have breached the ip rate limit or your ip is from the usa. (ErrCode: 403) (ErrTime: 20:59:58).
Request → GET https://api.bybit.com/v5/market/tickers: category=spot&symbol=ETHUSDT.); trying Coinbase
2026-07-23 20:59:59,020 [INFO] ETHUSDT px=1884.4400 avg=1903.3938 tp=1931.9448 sl=1674.9866 next_so=1845.4199 (SO 1/4)
2026-07-23 20:59:59,020 [INFO] Single tick complete (GitHub Actions mode). State saved.
2026-07-23 22:10:28,361 [INFO] === CAPITAL RULES ===
2026-07-23 22:10:28,361 [INFO] Total capital: 1000.00 USDT
2026-07-23 22:10:28,361 [INFO] Per-deal budget: 30.00 USDT (3.0% of capital)
2026-07-23 22:10:28,362 [INFO] Base order: 3.29 USDT, up to 4 safety orders
2026-07-23 22:10:28,362 [INFO] Worst-case loss per deal: 3.60 USDT (0.36% of capital)
2026-07-23 22:10:28,362 [INFO] Max total exposure: 6.0% of capital
2026-07-23 22:10:28,582 [WARNING] Bybit price failed (You have breached the ip rate limit or your ip is from the usa. (ErrCode: 403) (ErrTime: 22:10:28).
Request → GET https://api.bybit.com/v5/market/tickers: category=spot&symbol=BTCUSDT.); trying Coinbase
2026-07-23 22:10:28,709 [INFO] BTCUSDT px=65109.9950 avg=65898.1088 tp=66886.5805 sl=57990.3358 next_so=63801.0237 (SO 1/4)
2026-07-23 22:10:28,713 [WARNING] Bybit price failed (You have breached the ip rate limit or your ip is from the usa. (ErrCode: 403) (ErrTime: 22:10:28).
Request → GET https://api.bybit.com/v5/market/tickers: category=spot&symbol=ETHUSDT.); trying Coinbase
2026-07-23 22:10:28,784 [INFO] ETHUSDT px=1880.8550 avg=1903.3938 tp=1931.9448 sl=1674.9866 next_so=1845.4199 (SO 1/4)
2026-07-23 22:10:28,784 [INFO] Single tick complete (GitHub Actions mode). State saved.
2026-07-23 23:10:54,204 [INFO] === CAPITAL RULES ===
2026-07-23 23:10:54,204 [INFO] Total capital: 1000.00 USDT
2026-07-23 23:10:54,204 [INFO] Per-deal budget: 30.00 USDT (3.0% of capital)
2026-07-23 23:10:54,204 [INFO] Base order: 3.29 USDT, up to 4 safety orders
2026-07-23 23:10:54,204 [INFO] Worst-case loss per deal: 3.60 USDT (0.36% of capital)
2026-07-23 23:10:54,204 [INFO] Max total exposure: 6.0% of capital
2026-07-23 23:10:54,423 [WARNING] Bybit price failed (You have breached the ip rate limit or your ip is from the usa. (ErrCode: 403) (ErrTime: 23:10:54).
Request → GET https://api.bybit.com/v5/market/tickers: category=spot&symbol=BTCUSDT.); trying Coinbase
2026-07-23 23:10:54,598 [INFO] BTCUSDT px=65134.0500 avg=65898.1088 tp=66886.5805 sl=57990.3358 next_so=63801.0237 (SO 1/4)
2026-07-23 23:10:54,612 [WARNING] Bybit price failed (You have breached the ip rate limit or your ip is from the usa. (ErrCode: 403) (ErrTime: 23:10:54).
Request → GET https://api.bybit.com/v5/market/tickers: category=spot&symbol=ETHUSDT.); trying Coinbase
2026-07-23 23:10:54,670 [INFO] ETHUSDT px=1881.7950 avg=1903.3938 tp=1931.9448 sl=1674.9866 next_so=1845.4199 (SO 1/4)
2026-07-23 23:10:54,670 [INFO] Single tick complete (GitHub Actions mode). State saved.
2026-07-24 00:10:25,534 [INFO] === CAPITAL RULES ===
2026-07-24 00:10:25,534 [INFO] Total capital: 1000.00 USDT
2026-07-24 00:10:25,534 [INFO] Per-deal budget: 30.00 USDT (3.0% of capital)
2026-07-24 00:10:25,534 [INFO] Base order: 3.29 USDT, up to 4 safety orders
2026-07-24 00:10:25,534 [INFO] Worst-case loss per deal: 3.60 USDT (0.36% of capital)
2026-07-24 00:10:25,534 [INFO] Max total exposure: 6.0% of capital
2026-07-24 00:10:25,675 [WARNING] Bybit price failed (You have breached the ip rate limit or your ip is from the usa. (ErrCode: 403) (ErrTime: 00:10:25).
Request → GET https://api.bybit.com/v5/market/tickers: category=spot&symbol=BTCUSDT.); trying Coinbase
2026-07-24 00:10:25,843 [INFO] BTCUSDT px=64898.2450 avg=65898.1088 tp=66886.5805 sl=57990.3358 next_so=63801.0237 (SO 1/4)
2026-07-24 00:10:25,848 [WARNING] Bybit price failed (You have breached the ip rate limit or your ip is from the usa. (ErrCode: 403) (ErrTime: 00:10:25).
Request → GET https://api.bybit.com/v5/market/tickers: category=spot&symbol=ETHUSDT.); trying Coinbase
2026-07-24 00:10:25,891 [INFO] ETHUSDT px=1873.6750 avg=1903.3938 tp=1931.9448 sl=1674.9866 next_so=1845.4199 (SO 1/4)
2026-07-24 00:10:25,892 [INFO] Single tick complete (GitHub Actions mode). State saved.
2026-07-24 03:43:11,138 [INFO] === CAPITAL RULES ===
2026-07-24 03:43:11,138 [INFO] Total capital: 1000.00 USDT
2026-07-24 03:43:11,138 [INFO] Per-deal budget: 30.00 USDT (3.0% of capital)
2026-07-24 03:43:11,138 [INFO] Base order: 3.29 USDT, up to 4 safety orders
2026-07-24 03:43:11,138 [INFO] Worst-case loss per deal: 3.60 USDT (0.36% of capital)
2026-07-24 03:43:11,139 [INFO] Max total exposure: 6.0% of capital
2026-07-24 03:43:11,241 [WARNING] Bybit price failed (You have breached the ip rate limit or your ip is from the usa. (ErrCode: 403) (ErrTime: 03:43:11).
Request → GET https://api.bybit.com/v5/market/tickers: category=spot&symbol=BTCUSDT.); trying Coinbase
2026-07-24 03:43:11,319 [INFO] BTCUSDT px=65309.9350 avg=65898.1088 tp=66886.5805 sl=57990.3358 next_so=63801.0237 (SO 1/4)
2026-07-24 03:43:11,324 [WARNING] Bybit price failed (You have breached the ip rate limit or your ip is from the usa. (ErrCode: 403) (ErrTime: 03:43:11).
Request → GET https://api.bybit.com/v5/market/tickers: category=spot&symbol=ETHUSDT.); trying Coinbase
2026-07-24 03:43:11,393 [INFO] ETHUSDT px=1877.6950 avg=1903.3938 tp=1931.9448 sl=1674.9866 next_so=1845.4199 (SO 1/4)
2026-07-24 03:43:11,393 [INFO] Single tick complete (GitHub Actions mode). State saved.
2026-07-24 06:14:31,745 [INFO] === CAPITAL RULES ===
2026-07-24 06:14:31,745 [INFO] Total capital: 1000.00 USDT
2026-07-24 06:14:31,746 [INFO] Per-deal budget: 30.00 USDT (3.0% of capital)
2026-07-24 06:14:31,746 [INFO] Base order: 3.29 USDT, up to 4 safety orders
2026-07-24 06:14:31,746 [INFO] Worst-case loss per deal: 3.60 USDT (0.36% of capital)
2026-07-24 06:14:31,746 [INFO] Max total exposure: 6.0% of capital
2026-07-24 06:14:31,846 [WARNING] Bybit price failed (You have breached the ip rate limit or your ip is from the usa. (ErrCode: 403) (ErrTime: 06:14:31).
Request → GET https://api.bybit.com/v5/market/tickers: category=spot&symbol=BTCUSDT.); trying Coinbase
2026-07-24 06:14:31,905 [INFO] BTCUSDT px=65300.9350 avg=65898.1088 tp=66886.5805 sl=57990.3358 next_so=63801.0237 (SO 1/4)
2026-07-24 06:14:31,909 [WARNING] Bybit price failed (You have breached the ip rate limit or your ip is from the usa. (ErrCode: 403) (ErrTime: 06:14:31).
Request → GET https://api.bybit.com/v5/market/tickers: category=spot&symbol=ETHUSDT.); trying Coinbase
2026-07-24 06:14:31,950 [INFO] ETHUSDT px=1880.1650 avg=1903.3938 tp=1931.9448 sl=1674.9866 next_so=1845.4199 (SO 1/4)
2026-07-24 06:14:31,950 [INFO] Single tick complete (GitHub Actions mode). State saved.
2026-07-24 08:44:33,747 [INFO] === CAPITAL RULES ===
2026-07-24 08:44:33,747 [INFO] Total capital: 1000.00 USDT
2026-07-24 08:44:33,747 [INFO] Per-deal budget: 30.00 USDT (3.0% of capital)
2026-07-24 08:44:33,747 [INFO] Base order: 3.29 USDT, up to 4 safety orders
2026-07-24 08:44:33,748 [INFO] Worst-case loss per deal: 3.60 USDT (0.36% of capital)
2026-07-24 08:44:33,748 [INFO] Max total exposure: 6.0% of capital
2026-07-24 08:44:33,914 [WARNING] Bybit price failed (You have breached the ip rate limit or your ip is from the usa. (ErrCode: 403) (ErrTime: 08:44:33).
Request → GET https://api.bybit.com/v5/market/tickers: category=spot&symbol=BTCUSDT.); trying Coinbase
2026-07-24 08:44:33,973 [INFO] BTCUSDT px=65391.3950 avg=65898.1088 tp=66886.5805 sl=57990.3358 next_so=63801.0237 (SO 1/4)
2026-07-24 08:44:33,984 [WARNING] Bybit price failed (You have breached the ip rate limit or your ip is from the usa. (ErrCode: 403) (ErrTime: 08:44:33).
Request → GET https://api.bybit.com/v5/market/tickers: category=spot&symbol=ETHUSDT.); trying Coinbase
2026-07-24 08:44:34,112 [INFO] ETHUSDT px=1891.1550 avg=1903.3938 tp=1931.9448 sl=1674.9866 next_so=1845.4199 (SO 1/4)
2026-07-24 08:44:34,112 [INFO] Single tick complete (GitHub Actions mode). State saved.
2026-07-24 10:49:19,139 [INFO] === CAPITAL RULES ===
2026-07-24 10:49:19,139 [INFO] Total capital: 1000.00 USDT
2026-07-24 10:49:19,139 [INFO] Per-deal budget: 30.00 USDT (3.0% of capital)
2026-07-24 10:49:19,139 [INFO] Base order: 3.29 USDT, up to 4 safety orders
2026-07-24 10:49:19,139 [INFO] Worst-case loss per deal: 3.60 USDT (0.36% of capital)
2026-07-24 10:49:19,139 [INFO] Max total exposure: 6.0% of capital
2026-07-24 10:49:19,199 [WARNING] Bybit price failed (You have breached the ip rate limit or your ip is from the usa. (ErrCode: 403) (ErrTime: 10:49:19).
Request → GET https://api.bybit.com/v5/market/tickers: category=spot&symbol=BTCUSDT.); trying Coinbase
2026-07-24 10:49:19,244 [INFO] BTCUSDT px=64973.6950 avg=65898.1088 tp=66886.5805 sl=57990.3358 next_so=63801.0237 (SO 1/4)
2026-07-24 10:49:19,247 [WARNING] Bybit price failed (You have breached the ip rate limit or your ip is from the usa. (ErrCode: 403) (ErrTime: 10:49:19).
Request → GET https://api.bybit.com/v5/market/tickers: category=spot&symbol=ETHUSDT.); trying Coinbase
2026-07-24 10:49:19,281 [INFO] ETHUSDT px=1883.4050 avg=1903.3938 tp=1931.9448 sl=1674.9866 next_so=1845.4199 (SO 1/4)
2026-07-24 10:49:19,281 [INFO] Single tick complete (GitHub Actions mode). State saved.
2026-07-24 12:17:01,914 [INFO] === CAPITAL RULES ===
2026-07-24 12:17:01,914 [INFO] Total capital: 1000.00 USDT
2026-07-24 12:17:01,914 [INFO] Per-deal budget: 30.00 USDT (3.0% of capital)
2026-07-24 12:17:01,914 [INFO] Base order: 3.29 USDT, up to 4 safety orders
2026-07-24 12:17:01,914 [INFO] Worst-case loss per deal: 3.60 USDT (0.36% of capital)
2026-07-24 12:17:01,914 [INFO] Max total exposure: 6.0% of capital
2026-07-24 12:17:02,019 [WARNING] Bybit price failed (You have breached the ip rate limit or your ip is from the usa. (ErrCode: 403) (ErrTime: 12:17:02).
Request → GET https://api.bybit.com/v5/market/tickers: category=spot&symbol=BTCUSDT.); trying Coinbase
2026-07-24 12:17:02,172 [INFO] BTCUSDT px=65002.9950 avg=65898.1088 tp=66886.5805 sl=57990.3358 next_so=63801.0237 (SO 1/4)
2026-07-24 12:17:02,175 [WARNING] Bybit price failed (You have breached the ip rate limit or your ip is from the usa. (ErrCode: 403) (ErrTime: 12:17:02).
Request → GET https://api.bybit.com/v5/market/tickers: category=spot&symbol=ETHUSDT.); trying Coinbase
2026-07-24 12:17:02,227 [INFO] ETHUSDT px=1882.0550 avg=1903.3938 tp=1931.9448 sl=1674.9866 next_so=1845.4199 (SO 1/4)
2026-07-24 12:17:02,227 [INFO] Single tick complete (GitHub Actions mode). State saved.
2026-07-24 14:19:45,003 [INFO] === CAPITAL RULES ===
2026-07-24 14:19:45,003 [INFO] Total capital: 1000.00 USDT
2026-07-24 14:19:45,003 [INFO] Per-deal budget: 30.00 USDT (3.0% of capital)
2026-07-24 14:19:45,003 [INFO] Base order: 3.29 USDT, up to 4 safety orders
2026-07-24 14:19:45,003 [INFO] Worst-case loss per deal: 3.60 USDT (0.36% of capital)
2026-07-24 14:19:45,003 [INFO] Max total exposure: 6.0% of capital
2026-07-24 14:19:45,163 [WARNING] Bybit price failed (You have breached the ip rate limit or your ip is from the usa. (ErrCode: 403) (ErrTime: 14:19:45).
Request → GET https://api.bybit.com/v5/market/tickers: category=spot&symbol=BTCUSDT.); trying Coinbase
2026-07-24 14:19:45,231 [INFO] BTCUSDT px=63802.0000 avg=65898.1088 tp=66886.5805 sl=57990.3358 next_so=63801.0237 (SO 1/4)
2026-07-24 14:19:45,239 [WARNING] Bybit price failed (You have breached the ip rate limit or your ip is from the usa. (ErrCode: 403) (ErrTime: 14:19:45).
Request → GET https://api.bybit.com/v5/market/tickers: category=spot&symbol=ETHUSDT.); trying Coinbase
2026-07-24 14:19:45,289 [INFO] ETHUSDT px=1850.0200 avg=1903.3938 tp=1931.9448 sl=1674.9866 next_so=1845.4199 (SO 1/4)
2026-07-24 14:19:45,290 [INFO] Single tick complete (GitHub Actions mode). State saved.
2026-07-24 15:53:49,039 [INFO] === CAPITAL RULES ===
2026-07-24 15:53:49,039 [INFO] Total capital: 1000.00 USDT
2026-07-24 15:53:49,039 [INFO] Per-deal budget: 30.00 USDT (3.0% of capital)
2026-07-24 15:53:49,039 [INFO] Base order: 3.29 USDT, up to 4 safety orders
2026-07-24 15:53:49,039 [INFO] Worst-case loss per deal: 3.60 USDT (0.36% of capital)
2026-07-24 15:53:49,039 [INFO] Max total exposure: 6.0% of capital
2026-07-24 15:53:49,236 [WARNING] Bybit price failed (You have breached the ip rate limit or your ip is from the usa. (ErrCode: 403) (ErrTime: 15:53:49).
Request → GET https://api.bybit.com/v5/market/tickers: category=spot&symbol=BTCUSDT.); trying Coinbase
2026-07-24 15:53:49,293 [INFO] BTCUSDT px=64010.4950 avg=65898.1088 tp=66886.5805 sl=57990.3358 next_so=63801.0237 (SO 1/4)
2026-07-24 15:53:49,300 [WARNING] Bybit price failed (You have breached the ip rate limit or your ip is from the usa. (ErrCode: 403) (ErrTime: 15:53:49).
Request → GET https://api.bybit.com/v5/market/tickers: category=spot&symbol=ETHUSDT.); trying Coinbase
2026-07-24 15:53:49,354 [INFO] ETHUSDT px=1858.5700 avg=1903.3938 tp=1931.9448 sl=1674.9866 next_so=1845.4199 (SO 1/4)
2026-07-24 15:53:49,354 [INFO] Single tick complete (GitHub Actions mode). State saved.
2026-07-24 17:27:02,784 [INFO] === CAPITAL RULES ===
2026-07-24 17:27:02,784 [INFO] Total capital: 1000.00 USDT
2026-07-24 17:27:02,784 [INFO] Per-deal budget: 30.00 USDT (3.0% of capital)
2026-07-24 17:27:02,784 [INFO] Base order: 3.29 USDT, up to 4 safety orders
2026-07-24 17:27:02,784 [INFO] Worst-case loss per deal: 3.60 USDT (0.36% of capital)
2026-07-24 17:27:02,785 [INFO] Max total exposure: 6.0% of capital
2026-07-24 17:27:02,893 [WARNING] Bybit price failed (You have breached the ip rate limit or your ip is from the usa. (ErrCode: 403) (ErrTime: 17:27:02).
Request → GET https://api.bybit.com/v5/market/tickers: category=spot&symbol=BTCUSDT.); trying Coinbase
2026-07-24 17:27:03,054 [INFO] BTCUSDT px=64045.9350 avg=65898.1088 tp=66886.5805 sl=57990.3358 next_so=63801.0237 (SO 1/4)
2026-07-24 17:27:03,058 [WARNING] Bybit price failed (You have breached the ip rate limit or your ip is from the usa. (ErrCode: 403) (ErrTime: 17:27:03).
Request → GET https://api.bybit.com/v5/market/tickers: category=spot&symbol=ETHUSDT.); trying Coinbase
2026-07-24 17:27:03,108 [INFO] ETHUSDT px=1861.0950 avg=1903.3938 tp=1931.9448 sl=1674.9866 next_so=1845.4199 (SO 1/4)
2026-07-24 17:27:03,108 [INFO] Single tick complete (GitHub Actions mode). State saved.
2026-07-24 18:58:23,222 [INFO] === CAPITAL RULES ===
2026-07-24 18:58:23,222 [INFO] Total capital: 1000.00 USDT
2026-07-24 18:58:23,222 [INFO] Per-deal budget: 30.00 USDT (3.0% of capital)
2026-07-24 18:58:23,222 [INFO] Base order: 3.29 USDT, up to 4 safety orders
2026-07-24 18:58:23,222 [INFO] Worst-case loss per deal: 3.60 USDT (0.36% of capital)
2026-07-24 18:58:23,222 [INFO] Max total exposure: 6.0% of capital
2026-07-24 18:58:23,430 [WARNING] Bybit price failed (You have breached the ip rate limit or your ip is from the usa. (ErrCode: 403) (ErrTime: 18:58:23).
Request → GET https://api.bybit.com/v5/market/tickers: category=spot&symbol=BTCUSDT.); trying Coinbase
2026-07-24 18:58:23,478 [INFO] BTCUSDT px=64218.7850 avg=65898.1088 tp=66886.5805 sl=57990.3358 next_so=63801.0237 (SO 1/4)
2026-07-24 18:58:23,483 [WARNING] Bybit price failed (You have breached the ip rate limit or your ip is from the usa. (ErrCode: 403) (ErrTime: 18:58:23).
Request → GET https://api.bybit.com/v5/market/tickers: category=spot&symbol=ETHUSDT.); trying Coinbase
2026-07-24 18:58:23,542 [INFO] ETHUSDT px=1861.4150 avg=1903.3938 tp=1931.9448 sl=1674.9866 next_so=1845.4199 (SO 1/4)
2026-07-24 18:58:23,542 [INFO] Single tick complete (GitHub Actions mode). State saved.
2026-07-24 20:24:13,684 [INFO] === CAPITAL RULES ===
2026-07-24 20:24:13,684 [INFO] Total capital: 1000.00 USDT
2026-07-24 20:24:13,684 [INFO] Per-deal budget: 30.00 USDT (3.0% of capital)
2026-07-24 20:24:13,685 [INFO] Base order: 3.29 USDT, up to 4 safety orders
2026-07-24 20:24:13,685 [INFO] Worst-case loss per deal: 3.60 USDT (0.36% of capital)
2026-07-24 20:24:13,685 [INFO] Max total exposure: 6.0% of capital
2026-07-24 20:24:13,820 [WARNING] Bybit price failed (You have breached the ip rate limit or your ip is from the usa. (ErrCode: 403) (ErrTime: 20:24:13).
Request → GET https://api.bybit.com/v5/market/tickers: category=spot&symbol=BTCUSDT.); trying Coinbase
2026-07-24 20:24:13,867 [INFO] BTCUSDT px=64140.7750 avg=65898.1088 tp=66886.5805 sl=57990.3358 next_so=63801.0237 (SO 1/4)
2026-07-24 20:24:13,870 [WARNING] Bybit price failed (You have breached the ip rate limit or your ip is from the usa. (ErrCode: 403) (ErrTime: 20:24:13).
Request → GET https://api.bybit.com/v5/market/tickers: category=spot&symbol=ETHUSDT.); trying Coinbase
2026-07-24 20:24:13,910 [INFO] ETHUSDT px=1861.1750 avg=1903.3938 tp=1931.9448 sl=1674.9866 next_so=1845.4199 (SO 1/4)
2026-07-24 20:24:13,910 [INFO] Single tick complete (GitHub Actions mode). State saved.
2026-07-24 21:36:16,737 [INFO] === CAPITAL RULES ===
2026-07-24 21:36:16,737 [INFO] Total capital: 1000.00 USDT
2026-07-24 21:36:16,737 [INFO] Per-deal budget: 30.00 USDT (3.0% of capital)
2026-07-24 21:36:16,737 [INFO] Base order: 3.29 USDT, up to 4 safety orders
2026-07-24 21:36:16,737 [INFO] Worst-case loss per deal: 3.60 USDT (0.36% of capital)
2026-07-24 21:36:16,737 [INFO] Max total exposure: 6.0% of capital
2026-07-24 21:36:16,898 [WARNING] Bybit price failed (You have breached the ip rate limit or your ip is from the usa. (ErrCode: 403) (ErrTime: 21:36:16).
Request → GET https://api.bybit.com/v5/market/tickers: category=spot&symbol=BTCUSDT.); trying Coinbase
2026-07-24 21:36:16,957 [INFO] BTCUSDT px=64116.8350 avg=65898.1088 tp=66886.5805 sl=57990.3358 next_so=63801.0237 (SO 1/4)
2026-07-24 21:36:16,961 [WARNING] Bybit price failed (You have breached the ip rate limit or your ip is from the usa. (ErrCode: 403) (ErrTime: 21:36:16).
Request → GET https://api.bybit.com/v5/market/tickers: category=spot&symbol=ETHUSDT.); trying Coinbase
2026-07-24 21:36:17,003 [INFO] ETHUSDT px=1859.1800 avg=1903.3938 tp=1931.9448 sl=1674.9866 next_so=1845.4199 (SO 1/4)
2026-07-24 21:36:17,003 [INFO] Single tick complete (GitHub Actions mode). State saved.
2026-07-24 22:42:02,231 [INFO] === CAPITAL RULES ===
2026-07-24 22:42:02,231 [INFO] Total capital: 1000.00 USDT
2026-07-24 22:42:02,232 [INFO] Per-deal budget: 30.00 USDT (3.0% of capital)
2026-07-24 22:42:02,232 [INFO] Base order: 3.29 USDT, up to 4 safety orders
2026-07-24 22:42:02,232 [INFO] Worst-case loss per deal: 3.60 USDT (0.36% of capital)
2026-07-24 22:42:02,232 [INFO] Max total exposure: 6.0% of capital
2026-07-24 22:42:02,388 [WARNING] Bybit price failed (You have breached the ip rate limit or your ip is from the usa. (ErrCode: 403) (ErrTime: 22:42:02).
Request → GET https://api.bybit.com/v5/market/tickers: category=spot&symbol=BTCUSDT.); trying Coinbase
2026-07-24 22:42:02,446 [INFO] BTCUSDT px=64149.9550 avg=65898.1088 tp=66886.5805 sl=57990.3358 next_so=63801.0237 (SO 1/4)
2026-07-24 22:42:02,453 [WARNING] Bybit price failed (You have breached the ip rate limit or your ip is from the usa. (ErrCode: 403) (ErrTime: 22:42:02).
Request → GET https://api.bybit.com/v5/market/tickers: category=spot&symbol=ETHUSDT.); trying Coinbase
2026-07-24 22:42:02,500 [INFO] ETHUSDT px=1859.6200 avg=1903.3938 tp=1931.9448 sl=1674.9866 next_so=1845.4199 (SO 1/4)
2026-07-24 22:42:02,501 [INFO] Single tick complete (GitHub Actions mode). State saved.
2026-07-24 23:44:17,424 [INFO] === CAPITAL RULES ===
2026-07-24 23:44:17,424 [INFO] Total capital: 1000.00 USDT
2026-07-24 23:44:17,424 [INFO] Per-deal budget: 30.00 USDT (3.0% of capital)
2026-07-24 23:44:17,425 [INFO] Base order: 3.29 USDT, up to 4 safety orders
2026-07-24 23:44:17,425 [INFO] Worst-case loss per deal: 3.60 USDT (0.36% of capital)
2026-07-24 23:44:17,425 [INFO] Max total exposure: 6.0% of capital
2026-07-24 23:44:17,565 [WARNING] Bybit price failed (You have breached the ip rate limit or your ip is from the usa. (ErrCode: 403) (ErrTime: 23:44:17).
Request → GET https://api.bybit.com/v5/market/tickers: category=spot&symbol=BTCUSDT.); trying Coinbase
2026-07-24 23:44:17,624 [INFO] BTCUSDT px=64112.9250 avg=65898.1088 tp=66886.5805 sl=57990.3358 next_so=63801.0237 (SO 1/4)
2026-07-24 23:44:17,635 [WARNING] Bybit price failed (You have breached the ip rate limit or your ip is from the usa. (ErrCode: 403) (ErrTime: 23:44:17).
Request → GET https://api.bybit.com/v5/market/tickers: category=spot&symbol=ETHUSDT.); trying Coinbase
2026-07-24 23:44:17,695 [INFO] ETHUSDT px=1859.7450 avg=1903.3938 tp=1931.9448 sl=1674.9866 next_so=1845.4199 (SO 1/4)
2026-07-24 23:44:17,695 [INFO] Single tick complete (GitHub Actions mode). State saved.
2026-07-25 01:12:47,699 [INFO] === CAPITAL RULES ===
2026-07-25 01:12:47,699 [INFO] Total capital: 1000.00 USDT
2026-07-25 01:12:47,699 [INFO] Per-deal budget: 30.00 USDT (3.0% of capital)
2026-07-25 01:12:47,699 [INFO] Base order: 3.29 USDT, up to 4 safety orders
2026-07-25 01:12:47,699 [INFO] Worst-case loss per deal: 3.60 USDT (0.36% of capital)
2026-07-25 01:12:47,699 [INFO] Max total exposure: 6.0% of capital
2026-07-25 01:12:51,167 [WARNING] Bybit price failed (You have breached the ip rate limit or your ip is from the usa. (ErrCode: 403) (ErrTime: 01:12:51).
Request → GET https://api.bybit.com/v5/market/tickers: category=spot&symbol=BTCUSDT.); trying Coinbase
2026-07-25 01:12:51,235 [INFO] BTCUSDT px=63974.9850 avg=65898.1088 tp=66886.5805 sl=57990.3358 next_so=63801.0237 (SO 1/4)
2026-07-25 01:12:51,239 [WARNING] Bybit price failed (You have breached the ip rate limit or your ip is from the usa. (ErrCode: 403) (ErrTime: 01:12:51).
Request → GET https://api.bybit.com/v5/market/tickers: category=spot&symbol=ETHUSDT.); trying Coinbase
2026-07-25 01:12:51,283 [INFO] ETHUSDT px=1858.7550 avg=1903.3938 tp=1931.9448 sl=1674.9866 next_so=1845.4199 (SO 1/4)
2026-07-25 01:12:51,284 [INFO] Single tick complete (GitHub Actions mode). State saved.
2026-07-25 04:29:30,130 [INFO] === CAPITAL RULES ===
2026-07-25 04:29:30,130 [INFO] Total capital: 1000.00 USDT
2026-07-25 04:29:30,130 [INFO] Per-deal budget: 30.00 USDT (3.0% of capital)
2026-07-25 04:29:30,130 [INFO] Base order: 3.29 USDT, up to 4 safety orders
2026-07-25 04:29:30,130 [INFO] Worst-case loss per deal: 3.60 USDT (0.36% of capital)
2026-07-25 04:29:30,130 [INFO] Max total exposure: 6.0% of capital
2026-07-25 04:29:30,492 [WARNING] Bybit price failed (You have breached the ip rate limit or your ip is from the usa. (ErrCode: 403) (ErrTime: 04:29:30).
Request → GET https://api.bybit.com/v5/market/tickers: category=spot&symbol=BTCUSDT.); trying Coinbase
2026-07-25 04:29:30,639 [INFO] BTCUSDT px=64040.7650 avg=65898.1088 tp=66886.5805 sl=57990.3358 next_so=63801.0237 (SO 1/4)
2026-07-25 04:29:30,653 [WARNING] Bybit price failed (You have breached the ip rate limit or your ip is from the usa. (ErrCode: 403) (ErrTime: 04:29:30).
Request → GET https://api.bybit.com/v5/market/tickers: category=spot&symbol=ETHUSDT.); trying Coinbase
2026-07-25 04:29:30,748 [INFO] ETHUSDT px=1858.1400 avg=1903.3938 tp=1931.9448 sl=1674.9866 next_so=1845.4199 (SO 1/4)
2026-07-25 04:29:30,749 [INFO] Single tick complete (GitHub Actions mode). State saved.
2026-07-25 06:40:41,863 [INFO] === CAPITAL RULES ===
2026-07-25 06:40:41,863 [INFO] Total capital: 1000.00 USDT
2026-07-25 06:40:41,863 [INFO] Per-deal budget: 30.00 USDT (3.0% of capital)
2026-07-25 06:40:41,863 [INFO] Base order: 3.29 USDT, up to 4 safety orders
2026-07-25 06:40:41,863 [INFO] Worst-case loss per deal: 3.60 USDT (0.36% of capital)
2026-07-25 06:40:41,863 [INFO] Max total exposure: 6.0% of capital
2026-07-25 06:40:41,969 [WARNING] Bybit price failed (You have breached the ip rate limit or your ip is from the usa. (ErrCode: 403) (ErrTime: 06:40:41).
Request → GET https://api.bybit.com/v5/market/tickers: category=spot&symbol=BTCUSDT.); trying Coinbase
2026-07-25 06:40:42,011 [INFO] BTCUSDT px=63949.5150 avg=65898.1088 tp=66886.5805 sl=57990.3358 next_so=63801.0237 (SO 1/4)
2026-07-25 06:40:42,015 [WARNING] Bybit price failed (You have breached the ip rate limit or your ip is from the usa. (ErrCode: 403) (ErrTime: 06:40:42).
Request → GET https://api.bybit.com/v5/market/tickers: category=spot&symbol=ETHUSDT.); trying Coinbase
2026-07-25 06:40:42,056 [INFO] ETHUSDT px=1854.4850 avg=1903.3938 tp=1931.9448 sl=1674.9866 next_so=1845.4199 (SO 1/4)
2026-07-25 06:40:42,057 [INFO] Single tick complete (GitHub Actions mode). State saved.
2026-07-25 08:50:41,627 [INFO] === CAPITAL RULES ===
2026-07-25 08:50:41,627 [INFO] Total capital: 1000.00 USDT
2026-07-25 08:50:41,627 [INFO] Per-deal budget: 30.00 USDT (3.0% of capital)
2026-07-25 08:50:41,627 [INFO] Base order: 3.29 USDT, up to 4 safety orders
2026-07-25 08:50:41,627 [INFO] Worst-case loss per deal: 3.60 USDT (0.36% of capital)
2026-07-25 08:50:41,627 [INFO] Max total exposure: 6.0% of capital
2026-07-25 08:50:41,705 [WARNING] Bybit price failed (You have breached the ip rate limit or your ip is from the usa. (ErrCode: 403) (ErrTime: 08:50:41).
Request → GET https://api.bybit.com/v5/market/tickers: category=spot&symbol=BTCUSDT.); trying Coinbase
2026-07-25 08:50:41,753 [INFO] BTCUSDT px=63813.5550 avg=65898.1088 tp=66886.5805 sl=57990.3358 next_so=63801.0237 (SO 1/4)
2026-07-25 08:50:41,757 [WARNING] Bybit price failed (You have breached the ip rate limit or your ip is from the usa. (ErrCode: 403) (ErrTime: 08:50:41).
Request → GET https://api.bybit.com/v5/market/tickers: category=spot&symbol=ETHUSDT.); trying Coinbase
2026-07-25 08:50:41,859 [INFO] ETHUSDT px=1851.9300 avg=1903.3938 tp=1931.9448 sl=1674.9866 next_so=1845.4199 (SO 1/4)
2026-07-25 08:50:41,859 [INFO] Single tick complete (GitHub Actions mode). State saved.
2026-07-25 10:24:46,764 [INFO] === CAPITAL RULES ===
2026-07-25 10:24:46,764 [INFO] Total capital: 1000.00 USDT
2026-07-25 10:24:46,764 [INFO] Per-deal budget: 30.00 USDT (3.0% of capital)
2026-07-25 10:24:46,764 [INFO] Base order: 3.29 USDT, up to 4 safety orders
2026-07-25 10:24:46,764 [INFO] Worst-case loss per deal: 3.60 USDT (0.36% of capital)
2026-07-25 10:24:46,764 [INFO] Max total exposure: 6.0% of capital
2026-07-25 10:24:46,853 [WARNING] Bybit price failed (You have breached the ip rate limit or your ip is from the usa. (ErrCode: 403) (ErrTime: 10:24:46).
Request → GET https://api.bybit.com/v5/market/tickers: category=spot&symbol=BTCUSDT.); trying Coinbase
2026-07-25 10:24:46,913 [INFO] BTCUSDT px=63966.4450 avg=65898.1088 tp=66886.5805 sl=57990.3358 next_so=63801.0237 (SO 1/4)
2026-07-25 10:24:46,917 [WARNING] Bybit price failed (You have breached the ip rate limit or your ip is from the usa. (ErrCode: 403) (ErrTime: 10:24:46).
Request → GET https://api.bybit.com/v5/market/tickers: category=spot&symbol=ETHUSDT.); trying Coinbase
2026-07-25 10:24:46,955 [INFO] ETHUSDT px=1855.8300 avg=1903.3938 tp=1931.9448 sl=1674.9866 next_so=1845.4199 (SO 1/4)
2026-07-25 10:24:46,956 [INFO] Single tick complete (GitHub Actions mode). State saved.
2026-07-25 11:43:02,906 [INFO] === CAPITAL RULES ===
2026-07-25 11:43:02,907 [INFO] Total capital: 1000.00 USDT
2026-07-25 11:43:02,907 [INFO] Per-deal budget: 30.00 USDT (3.0% of capital)
2026-07-25 11:43:02,907 [INFO] Base order: 3.29 USDT, up to 4 safety orders
2026-07-25 11:43:02,907 [INFO] Worst-case loss per deal: 3.60 USDT (0.36% of capital)
2026-07-25 11:43:02,907 [INFO] Max total exposure: 6.0% of capital
2026-07-25 11:43:02,987 [WARNING] Bybit price failed (You have breached the ip rate limit or your ip is from the usa. (ErrCode: 403) (ErrTime: 11:43:02).
Request → GET https://api.bybit.com/v5/market/tickers: category=spot&symbol=BTCUSDT.); trying Coinbase
2026-07-25 11:43:03,040 [INFO] BTCUSDT px=63987.9250 avg=65898.1088 tp=66886.5805 sl=57990.3358 next_so=63801.0237 (SO 1/4)
2026-07-25 11:43:03,043 [WARNING] Bybit price failed (You have breached the ip rate limit or your ip is from the usa. (ErrCode: 403) (ErrTime: 11:43:03).
Request → GET https://api.bybit.com/v5/market/tickers: category=spot&symbol=ETHUSDT.); trying Coinbase
2026-07-25 11:43:03,081 [INFO] ETHUSDT px=1856.4050 avg=1903.3938 tp=1931.9448 sl=1674.9866 next_so=1845.4199 (SO 1/4)
2026-07-25 11:43:03,081 [INFO] Single tick complete (GitHub Actions mode). State saved.
2026-07-25 12:45:31,970 [INFO] === CAPITAL RULES ===
2026-07-25 12:45:31,970 [INFO] Total capital: 1000.00 USDT
2026-07-25 12:45:31,970 [INFO] Per-deal budget: 30.00 USDT (3.0% of capital)
2026-07-25 12:45:31,970 [INFO] Base order: 3.29 USDT, up to 4 safety orders
2026-07-25 12:45:31,970 [INFO] Worst-case loss per deal: 3.60 USDT (0.36% of capital)
2026-07-25 12:45:31,970 [INFO] Max total exposure: 6.0% of capital
2026-07-25 12:45:32,067 [WARNING] Bybit price failed (You have breached the ip rate limit or your ip is from the usa. (ErrCode: 403) (ErrTime: 12:45:32).
Request → GET https://api.bybit.com/v5/market/tickers: category=spot&symbol=BTCUSDT.); trying Coinbase
2026-07-25 12:45:32,212 [INFO] BTCUSDT px=64034.9850 avg=65898.1088 tp=66886.5805 sl=57990.3358 next_so=63801.0237 (SO 1/4)
2026-07-25 12:45:32,216 [WARNING] Bybit price failed (You have breached the ip rate limit or your ip is from the usa. (ErrCode: 403) (ErrTime: 12:45:32).
Request → GET https://api.bybit.com/v5/market/tickers: category=spot&symbol=ETHUSDT.); trying Coinbase
2026-07-25 12:45:32,254 [INFO] ETHUSDT px=1856.1150 avg=1903.3938 tp=1931.9448 sl=1674.9866 next_so=1845.4199 (SO 1/4)
2026-07-25 12:45:32,255 [INFO] Single tick complete (GitHub Actions mode). State saved.
2026-07-25 14:29:27,529 [INFO] === CAPITAL RULES ===
2026-07-25 14:29:27,529 [INFO] Total capital: 1000.00 USDT
2026-07-25 14:29:27,529 [INFO] Per-deal budget: 30.00 USDT (3.0% of capital)
2026-07-25 14:29:27,529 [INFO] Base order: 3.29 USDT, up to 4 safety orders
2026-07-25 14:29:27,529 [INFO] Worst-case loss per deal: 3.60 USDT (0.36% of capital)
2026-07-25 14:29:27,529 [INFO] Max total exposure: 6.0% of capital
2026-07-25 14:29:27,634 [WARNING] Bybit price failed (You have breached the ip rate limit or your ip is from the usa. (ErrCode: 403) (ErrTime: 14:29:27).
Request → GET https://api.bybit.com/v5/market/tickers: category=spot&symbol=BTCUSDT.); trying Coinbase
2026-07-25 14:29:27,757 [INFO] BTCUSDT px=64104.7650 avg=65898.1088 tp=66886.5805 sl=57990.3358 next_so=63801.0237 (SO 1/4)
2026-07-25 14:29:27,760 [WARNING] Bybit price failed (You have breached the ip rate limit or your ip is from the usa. (ErrCode: 403) (ErrTime: 14:29:27).
Request → GET https://api.bybit.com/v5/market/tickers: category=spot&symbol=ETHUSDT.); trying Coinbase
2026-07-25 14:29:27,840 [INFO] ETHUSDT px=1864.6950 avg=1903.3938 tp=1931.9448 sl=1674.9866 next_so=1845.4199 (SO 1/4)
2026-07-25 14:29:27,840 [INFO] Single tick complete (GitHub Actions mode). State saved.
2026-07-25 15:43:28,669 [INFO] === CAPITAL RULES ===
2026-07-25 15:43:28,669 [INFO] Total capital: 1000.00 USDT
2026-07-25 15:43:28,669 [INFO] Per-deal budget: 30.00 USDT (3.0% of capital)
2026-07-25 15:43:28,669 [INFO] Base order: 3.29 USDT, up to 4 safety orders
2026-07-25 15:43:28,670 [INFO] Worst-case loss per deal: 3.60 USDT (0.36% of capital)
2026-07-25 15:43:28,670 [INFO] Max total exposure: 6.0% of capital
2026-07-25 15:43:28,891 [WARNING] Bybit price failed (You have breached the ip rate limit or your ip is from the usa. (ErrCode: 403) (ErrTime: 15:43:28).
Request → GET https://api.bybit.com/v5/market/tickers: category=spot&symbol=BTCUSDT.); trying Coinbase
2026-07-25 15:43:28,950 [INFO] BTCUSDT px=64160.7200 avg=65898.1088 tp=66886.5805 sl=57990.3358 next_so=63801.0237 (SO 1/4)
2026-07-25 15:43:28,958 [WARNING] Bybit price failed (You have breached the ip rate limit or your ip is from the usa. (ErrCode: 403) (ErrTime: 15:43:28).
Request → GET https://api.bybit.com/v5/market/tickers: category=spot&symbol=ETHUSDT.); trying Coinbase
2026-07-25 15:43:29,008 [INFO] ETHUSDT px=1868.2750 avg=1903.3938 tp=1931.9448 sl=1674.9866 next_so=1845.4199 (SO 1/4)
2026-07-25 15:43:29,009 [INFO] Single tick complete (GitHub Actions mode). State saved.
2026-07-25 16:36:48,808 [INFO] === CAPITAL RULES ===
2026-07-25 16:36:48,808 [INFO] Total capital: 1000.00 USDT
2026-07-25 16:36:48,809 [INFO] Per-deal budget: 30.00 USDT (3.0% of capital)
2026-07-25 16:36:48,809 [INFO] Base order: 3.29 USDT, up to 4 safety orders
2026-07-25 16:36:48,809 [INFO] Worst-case loss per deal: 3.60 USDT (0.36% of capital)
2026-07-25 16:36:48,809 [INFO] Max total exposure: 6.0% of capital
2026-07-25 16:36:48,883 [WARNING] Bybit price failed (You have breached the ip rate limit or your ip is from the usa. (ErrCode: 403) (ErrTime: 16:36:48).
Request → GET https://api.bybit.com/v5/market/tickers: category=spot&symbol=BTCUSDT.); trying Coinbase
2026-07-25 16:36:48,925 [INFO] BTCUSDT px=64130.4250 avg=65898.1088 tp=66886.5805 sl=57990.3358 next_so=63801.0237 (SO 1/4)
2026-07-25 16:36:48,929 [WARNING] Bybit price failed (You have breached the ip rate limit or your ip is from the usa. (ErrCode: 403) (ErrTime: 16:36:48).
Request → GET https://api.bybit.com/v5/market/tickers: category=spot&symbol=ETHUSDT.); trying Coinbase
2026-07-25 16:36:48,965 [INFO] ETHUSDT px=1866.0800 avg=1903.3938 tp=1931.9448 sl=1674.9866 next_so=1845.4199 (SO 1/4)
2026-07-25 16:36:48,965 [INFO] Single tick complete (GitHub Actions mode). State saved.
2026-07-25 17:41:57,487 [INFO] === CAPITAL RULES ===
2026-07-25 17:41:57,487 [INFO] Total capital: 1000.00 USDT
2026-07-25 17:41:57,487 [INFO] Per-deal budget: 30.00 USDT (3.0% of capital)
2026-07-25 17:41:57,487 [INFO] Base order: 3.29 USDT, up to 4 safety orders
2026-07-25 17:41:57,487 [INFO] Worst-case loss per deal: 3.60 USDT (0.36% of capital)
2026-07-25 17:41:57,487 [INFO] Max total exposure: 6.0% of capital
2026-07-25 17:41:57,799 [WARNING] Bybit price failed (You have breached the ip rate limit or your ip is from the usa. (ErrCode: 403) (ErrTime: 17:41:57).
Request → GET https://api.bybit.com/v5/market/tickers: category=spot&symbol=BTCUSDT.); trying Coinbase
2026-07-25 17:41:57,882 [INFO] BTCUSDT px=64230.3850 avg=65898.1088 tp=66886.5805 sl=57990.3358 next_so=63801.0237 (SO 1/4)
2026-07-25 17:41:57,899 [WARNING] Bybit price failed (You have breached the ip rate limit or your ip is from the usa. (ErrCode: 403) (ErrTime: 17:41:57).
Request → GET https://api.bybit.com/v5/market/tickers: category=spot&symbol=ETHUSDT.); trying Coinbase
2026-07-25 17:41:57,950 [INFO] ETHUSDT px=1872.5150 avg=1903.3938 tp=1931.9448 sl=1674.9866 next_so=1845.4199 (SO 1/4)
2026-07-25 17:41:57,951 [INFO] Single tick complete (GitHub Actions mode). State saved.
2026-07-25 18:40:07,696 [INFO] === CAPITAL RULES ===
2026-07-25 18:40:07,696 [INFO] Total capital: 1000.00 USDT
2026-07-25 18:40:07,696 [INFO] Per-deal budget: 30.00 USDT (3.0% of capital)
2026-07-25 18:40:07,696 [INFO] Base order: 3.29 USDT, up to 4 safety orders
2026-07-25 18:40:07,696 [INFO] Worst-case loss per deal: 3.60 USDT (0.36% of capital)
2026-07-25 18:40:07,696 [INFO] Max total exposure: 6.0% of capital
2026-07-25 18:40:07,961 [WARNING] Bybit price failed (You have breached the ip rate limit or your ip is from the usa. (ErrCode: 403) (ErrTime: 18:40:07).
Request → GET https://api.bybit.com/v5/market/tickers: category=spot&symbol=BTCUSDT.); trying Coinbase
2026-07-25 18:40:08,032 [INFO] BTCUSDT px=64333.5350 avg=65898.1088 tp=66886.5805 sl=57990.3358 next_so=63801.0237 (SO 1/4)
2026-07-25 18:40:08,040 [WARNING] Bybit price failed (You have breached the ip rate limit or your ip is from the usa. (ErrCode: 403) (ErrTime: 18:40:08).
Request → GET https://api.bybit.com/v5/market/tickers: category=spot&symbol=ETHUSDT.); trying Coinbase
2026-07-25 18:40:08,097 [INFO] ETHUSDT px=1872.6650 avg=1903.3938 tp=1931.9448 sl=1674.9866 next_so=1845.4199 (SO 1/4)
2026-07-25 18:40:08,097 [INFO] Single tick complete (GitHub Actions mode). State saved.
2026-07-25 19:56:40,043 [INFO] === CAPITAL RULES ===
2026-07-25 19:56:40,043 [INFO] Total capital: 1000.00 USDT
2026-07-25 19:56:40,043 [INFO] Per-deal budget: 30.00 USDT (3.0% of capital)
2026-07-25 19:56:40,043 [INFO] Base order: 3.29 USDT, up to 4 safety orders
2026-07-25 19:56:40,043 [INFO] Worst-case loss per deal: 3.60 USDT (0.36% of capital)
2026-07-25 19:56:40,043 [INFO] Max total exposure: 6.0% of capital
2026-07-25 19:56:40,226 [WARNING] Bybit price failed (You have breached the ip rate limit or your ip is from the usa. (ErrCode: 403) (ErrTime: 19:56:40).
Request → GET https://api.bybit.com/v5/market/tickers: category=spot&symbol=BTCUSDT.); trying Coinbase
2026-07-25 19:56:40,297 [INFO] BTCUSDT px=64376.3250 avg=65898.1088 tp=66886.5805 sl=57990.3358 next_so=63801.0237 (SO 1/4)
2026-07-25 19:56:40,305 [WARNING] Bybit price failed (You have breached the ip rate limit or your ip is from the usa. (ErrCode: 403) (ErrTime: 19:56:40).
Request → GET https://api.bybit.com/v5/market/tickers: category=spot&symbol=ETHUSDT.); trying Coinbase
2026-07-25 19:56:40,360 [INFO] ETHUSDT px=1874.8450 avg=1903.3938 tp=1931.9448 sl=1674.9866 next_so=1845.4199 (SO 1/4)
2026-07-25 19:56:40,360 [INFO] Single tick complete (GitHub Actions mode). State saved.
2026-07-25 20:53:43,762 [INFO] === CAPITAL RULES ===
2026-07-25 20:53:43,762 [INFO] Total capital: 1000.00 USDT
2026-07-25 20:53:43,762 [INFO] Per-deal budget: 30.00 USDT (3.0% of capital)
2026-07-25 20:53:43,762 [INFO] Base order: 3.29 USDT, up to 4 safety orders
2026-07-25 20:53:43,762 [INFO] Worst-case loss per deal: 3.60 USDT (0.36% of capital)
2026-07-25 20:53:43,762 [INFO] Max total exposure: 6.0% of capital
2026-07-25 20:53:43,891 [WARNING] Bybit price failed (You have breached the ip rate limit or your ip is from the usa. (ErrCode: 403) (ErrTime: 20:53:43).
Request → GET https://api.bybit.com/v5/market/tickers: category=spot&symbol=BTCUSDT.); trying Coinbase
2026-07-25 20:53:43,948 [INFO] BTCUSDT px=64289.4750 avg=65898.1088 tp=66886.5805 sl=57990.3358 next_so=63801.0237 (SO 1/4)
2026-07-25 20:53:43,955 [WARNING] Bybit price failed (You have breached the ip rate limit or your ip is from the usa. (ErrCode: 403) (ErrTime: 20:53:43).
Request → GET https://api.bybit.com/v5/market/tickers: category=spot&symbol=ETHUSDT.); trying Coinbase
2026-07-25 20:53:44,003 [INFO] ETHUSDT px=1870.3200 avg=1903.3938 tp=1931.9448 sl=1674.9866 next_so=1845.4199 (SO 1/4)
2026-07-25 20:53:44,003 [INFO] Single tick complete (GitHub Actions mode). State saved.
2026-07-25 21:52:43,432 [INFO] === CAPITAL RULES ===
2026-07-25 21:52:43,432 [INFO] Total capital: 1000.00 USDT
2026-07-25 21:52:43,432 [INFO] Per-deal budget: 30.00 USDT (3.0% of capital)
2026-07-25 21:52:43,433 [INFO] Base order: 3.29 USDT, up to 4 safety orders
2026-07-25 21:52:43,433 [INFO] Worst-case loss per deal: 3.60 USDT (0.36% of capital)
2026-07-25 21:52:43,433 [INFO] Max total exposure: 6.0% of capital
2026-07-25 21:52:43,564 [WARNING] Bybit price failed (You have breached the ip rate limit or your ip is from the usa. (ErrCode: 403) (ErrTime: 21:52:43).
Request → GET https://api.bybit.com/v5/market/tickers: category=spot&symbol=BTCUSDT.); trying Coinbase
2026-07-25 21:52:43,638 [INFO] BTCUSDT px=64289.0350 avg=65898.1088 tp=66886.5805 sl=57990.3358 next_so=63801.0237 (SO 1/4)
2026-07-25 21:52:43,645 [WARNING] Bybit price failed (You have breached the ip rate limit or your ip is from the usa. (ErrCode: 403) (ErrTime: 21:52:43).
Request → GET https://api.bybit.com/v5/market/tickers: category=spot&symbol=ETHUSDT.); trying Coinbase
2026-07-25 21:52:43,701 [INFO] ETHUSDT px=1871.3950 avg=1903.3938 tp=1931.9448 sl=1674.9866 next_so=1845.4199 (SO 1/4)
2026-07-25 21:52:43,701 [INFO] Single tick complete (GitHub Actions mode). State saved.
2026-07-25 22:52:28,724 [INFO] === CAPITAL RULES ===
2026-07-25 22:52:28,724 [INFO] Total capital: 1000.00 USDT
2026-07-25 22:52:28,724 [INFO] Per-deal budget: 30.00 USDT (3.0% of capital)
2026-07-25 22:52:28,724 [INFO] Base order: 3.29 USDT, up to 4 safety orders
2026-07-25 22:52:28,724 [INFO] Worst-case loss per deal: 3.60 USDT (0.36% of capital)
2026-07-25 22:52:28,724 [INFO] Max total exposure: 6.0% of capital
2026-07-25 22:52:28,919 [WARNING] Bybit price failed (You have breached the ip rate limit or your ip is from the usa. (ErrCode: 403) (ErrTime: 22:52:28).
Request → GET https://api.bybit.com/v5/market/tickers: category=spot&symbol=BTCUSDT.); trying Coinbase
2026-07-25 22:52:29,067 [INFO] BTCUSDT px=64359.6350 avg=65898.1088 tp=66886.5805 sl=57990.3358 next_so=63801.0237 (SO 1/4)
2026-07-25 22:52:29,071 [WARNING] Bybit price failed (You have breached the ip rate limit or your ip is from the usa. (ErrCode: 403) (ErrTime: 22:52:29).
Request → GET https://api.bybit.com/v5/market/tickers: category=spot&symbol=ETHUSDT.); trying Coinbase
2026-07-25 22:52:29,116 [INFO] ETHUSDT px=1874.9850 avg=1903.3938 tp=1931.9448 sl=1674.9866 next_so=1845.4199 (SO 1/4)
2026-07-25 22:52:29,116 [INFO] Single tick complete (GitHub Actions mode). State saved.
2026-07-25 23:58:04,171 [INFO] === CAPITAL RULES ===
2026-07-25 23:58:04,171 [INFO] Total capital: 1000.00 USDT
2026-07-25 23:58:04,171 [INFO] Per-deal budget: 30.00 USDT (3.0% of capital)
2026-07-25 23:58:04,171 [INFO] Base order: 3.29 USDT, up to 4 safety orders
2026-07-25 23:58:04,171 [INFO] Worst-case loss per deal: 3.60 USDT (0.36% of capital)
2026-07-25 23:58:04,171 [INFO] Max total exposure: 6.0% of capital
2026-07-25 23:58:04,343 [WARNING] Bybit price failed (You have breached the ip rate limit or your ip is from the usa. (ErrCode: 403) (ErrTime: 23:58:04).
Request → GET https://api.bybit.com/v5/market/tickers: category=spot&symbol=BTCUSDT.); trying Coinbase
2026-07-25 23:58:04,388 [INFO] BTCUSDT px=64319.3950 avg=65898.1088 tp=66886.5805 sl=57990.3358 next_so=63801.0237 (SO 1/4)
2026-07-25 23:58:04,393 [WARNING] Bybit price failed (You have breached the ip rate limit or your ip is from the usa. (ErrCode: 403) (ErrTime: 23:58:04).
Request → GET https://api.bybit.com/v5/market/tickers: category=spot&symbol=ETHUSDT.); trying Coinbase
2026-07-25 23:58:04,430 [INFO] ETHUSDT px=1872.9450 avg=1903.3938 tp=1931.9448 sl=1674.9866 next_so=1845.4199 (SO 1/4)
2026-07-25 23:58:04,431 [INFO] Single tick complete (GitHub Actions mode). State saved.
2026-07-26 03:27:12,520 [INFO] === CAPITAL RULES ===
2026-07-26 03:27:12,520 [INFO] Total capital: 1000.00 USDT
2026-07-26 03:27:12,520 [INFO] Per-deal budget: 30.00 USDT (3.0% of capital)
2026-07-26 03:27:12,520 [INFO] Base order: 3.29 USDT, up to 4 safety orders
2026-07-26 03:27:12,520 [INFO] Worst-case loss per deal: 3.60 USDT (0.36% of capital)
2026-07-26 03:27:12,520 [INFO] Max total exposure: 6.0% of capital
2026-07-26 03:27:12,682 [WARNING] Bybit price failed (You have breached the ip rate limit or your ip is from the usa. (ErrCode: 403) (ErrTime: 03:27:12).
Request → GET https://api.bybit.com/v5/market/tickers: category=spot&symbol=BTCUSDT.); trying Coinbase
2026-07-26 03:27:12,766 [INFO] BTCUSDT px=64489.9950 avg=65898.1088 tp=66886.5805 sl=57990.3358 next_so=63801.0237 (SO 1/4)
2026-07-26 03:27:12,776 [WARNING] Bybit price failed (You have breached the ip rate limit or your ip is from the usa. (ErrCode: 403) (ErrTime: 03:27:12).
Request → GET https://api.bybit.com/v5/market/tickers: category=spot&symbol=ETHUSDT.); trying Coinbase
2026-07-26 03:27:12,835 [INFO] ETHUSDT px=1880.1050 avg=1903.3938 tp=1931.9448 sl=1674.9866 next_so=1845.4199 (SO 1/4)
2026-07-26 03:27:12,836 [INFO] Single tick complete (GitHub Actions mode). State saved.
2026-07-26 06:20:39,971 [INFO] === CAPITAL RULES ===
2026-07-26 06:20:39,971 [INFO] Total capital: 1000.00 USDT
2026-07-26 06:20:39,971 [INFO] Per-deal budget: 30.00 USDT (3.0% of capital)
2026-07-26 06:20:39,971 [INFO] Base order: 3.29 USDT, up to 4 safety orders
2026-07-26 06:20:39,971 [INFO] Worst-case loss per deal: 3.60 USDT (0.36% of capital)
2026-07-26 06:20:39,971 [INFO] Max total exposure: 6.0% of capital
2026-07-26 06:20:40,172 [WARNING] Bybit price failed (You have breached the ip rate limit or your ip is from the usa. (ErrCode: 403) (ErrTime: 06:20:40).
Request → GET https://api.bybit.com/v5/market/tickers: category=spot&symbol=BTCUSDT.); trying Coinbase
2026-07-26 06:20:40,294 [INFO] BTCUSDT px=64266.6550 avg=65898.1088 tp=66886.5805 sl=57990.3358 next_so=63801.0237 (SO 1/4)
2026-07-26 06:20:40,298 [WARNING] Bybit price failed (You have breached the ip rate limit or your ip is from the usa. (ErrCode: 403) (ErrTime: 06:20:40).
Request → GET https://api.bybit.com/v5/market/tickers: category=spot&symbol=ETHUSDT.); trying Coinbase
2026-07-26 06:20:40,349 [INFO] ETHUSDT px=1878.4550 avg=1903.3938 tp=1931.9448 sl=1674.9866 next_so=1845.4199 (SO 1/4)
2026-07-26 06:20:40,349 [INFO] Single tick complete (GitHub Actions mode). State saved.
2026-07-26 08:55:19,698 [INFO] === CAPITAL RULES ===
2026-07-26 08:55:19,698 [INFO] Total capital: 1000.00 USDT
2026-07-26 08:55:19,698 [INFO] Per-deal budget: 30.00 USDT (3.0% of capital)
2026-07-26 08:55:19,698 [INFO] Base order: 3.29 USDT, up to 4 safety orders
2026-07-26 08:55:19,698 [INFO] Worst-case loss per deal: 3.60 USDT (0.36% of capital)
2026-07-26 08:55:19,698 [INFO] Max total exposure: 6.0% of capital
2026-07-26 08:55:19,833 [WARNING] Bybit price failed (You have breached the ip rate limit or your ip is from the usa. (ErrCode: 403) (ErrTime: 08:55:19).
Request → GET https://api.bybit.com/v5/market/tickers: category=spot&symbol=BTCUSDT.); trying Coinbase
2026-07-26 08:55:19,894 [INFO] BTCUSDT px=64429.2850 avg=65898.1088 tp=66886.5805 sl=57990.3358 next_so=63801.0237 (SO 1/4)
2026-07-26 08:55:19,897 [WARNING] Bybit price failed (You have breached the ip rate limit or your ip is from the usa. (ErrCode: 403) (ErrTime: 08:55:19).
Request → GET https://api.bybit.com/v5/market/tickers: category=spot&symbol=ETHUSDT.); trying Coinbase
2026-07-26 08:55:19,936 [INFO] ETHUSDT px=1880.7500 avg=1903.3938 tp=1931.9448 sl=1674.9866 next_so=1845.4199 (SO 1/4)
2026-07-26 08:55:19,936 [INFO] Single tick complete (GitHub Actions mode). State saved.
2026-07-26 10:42:39,755 [INFO] === CAPITAL RULES ===
2026-07-26 10:42:39,755 [INFO] Total capital: 1000.00 USDT
2026-07-26 10:42:39,755 [INFO] Per-deal budget: 30.00 USDT (3.0% of capital)
2026-07-26 10:42:39,755 [INFO] Base order: 3.29 USDT, up to 4 safety orders
2026-07-26 10:42:39,756 [INFO] Worst-case loss per deal: 3.60 USDT (0.36% of capital)
2026-07-26 10:42:39,756 [INFO] Max total exposure: 6.0% of capital
2026-07-26 10:42:39,982 [WARNING] Bybit price failed (You have breached the ip rate limit or your ip is from the usa. (ErrCode: 403) (ErrTime: 10:42:39).
Request → GET https://api.bybit.com/v5/market/tickers: category=spot&symbol=BTCUSDT.); trying Coinbase
2026-07-26 10:42:40,057 [INFO] BTCUSDT px=64493.7750 avg=65898.1088 tp=66886.5805 sl=57990.3358 next_so=63801.0237 (SO 1/4)
2026-07-26 10:42:40,065 [WARNING] Bybit price failed (You have breached the ip rate limit or your ip is from the usa. (ErrCode: 403) (ErrTime: 10:42:40).
Request → GET https://api.bybit.com/v5/market/tickers: category=spot&symbol=ETHUSDT.); trying Coinbase
2026-07-26 10:42:40,122 [INFO] ETHUSDT px=1885.5750 avg=1903.3938 tp=1931.9448 sl=1674.9866 next_so=1845.4199 (SO 1/4)
2026-07-26 10:42:40,122 [INFO] Single tick complete (GitHub Actions mode). State saved.
2026-07-26 11:48:24,374 [INFO] === CAPITAL RULES ===
2026-07-26 11:48:24,374 [INFO] Total capital: 1000.00 USDT
2026-07-26 11:48:24,374 [INFO] Per-deal budget: 30.00 USDT (3.0% of capital)
2026-07-26 11:48:24,374 [INFO] Base order: 3.29 USDT, up to 4 safety orders
2026-07-26 11:48:24,374 [INFO] Worst-case loss per deal: 3.60 USDT (0.36% of capital)
2026-07-26 11:48:24,374 [INFO] Max total exposure: 6.0% of capital
2026-07-26 11:48:24,445 [WARNING] Bybit price failed (You have breached the ip rate limit or your ip is from the usa. (ErrCode: 403) (ErrTime: 11:48:24).
Request → GET https://api.bybit.com/v5/market/tickers: category=spot&symbol=BTCUSDT.); trying Coinbase
2026-07-26 11:48:24,491 [INFO] BTCUSDT px=64451.9550 avg=65898.1088 tp=66886.5805 sl=57990.3358 next_so=63801.0237 (SO 1/4)
2026-07-26 11:48:24,494 [WARNING] Bybit price failed (You have breached the ip rate limit or your ip is from the usa. (ErrCode: 403) (ErrTime: 11:48:24).
Request → GET https://api.bybit.com/v5/market/tickers: category=spot&symbol=ETHUSDT.); trying Coinbase
2026-07-26 11:48:24,531 [INFO] ETHUSDT px=1885.0350 avg=1903.3938 tp=1931.9448 sl=1674.9866 next_so=1845.4199 (SO 1/4)
2026-07-26 11:48:24,531 [INFO] Single tick complete (GitHub Actions mode). State saved.
2026-07-26 13:13:54,778 [INFO] === CAPITAL RULES ===
2026-07-26 13:13:54,778 [INFO] Total capital: 1000.00 USDT
2026-07-26 13:13:54,778 [INFO] Per-deal budget: 30.00 USDT (3.0% of capital)
2026-07-26 13:13:54,778 [INFO] Base order: 3.29 USDT, up to 4 safety orders
2026-07-26 13:13:54,778 [INFO] Worst-case loss per deal: 3.60 USDT (0.36% of capital)
2026-07-26 13:13:54,778 [INFO] Max total exposure: 6.0% of capital
2026-07-26 13:13:54,948 [WARNING] Bybit price failed (You have breached the ip rate limit or your ip is from the usa. (ErrCode: 403) (ErrTime: 13:13:54).
Request → GET https://api.bybit.com/v5/market/tickers: category=spot&symbol=BTCUSDT.); trying Coinbase
2026-07-26 13:13:55,092 [INFO] BTCUSDT px=64362.0050 avg=65898.1088 tp=66886.5805 sl=57990.3358 next_so=63801.0237 (SO 1/4)
2026-07-26 13:13:55,111 [WARNING] Bybit price failed (You have breached the ip rate limit or your ip is from the usa. (ErrCode: 403) (ErrTime: 13:13:55).
Request → GET https://api.bybit.com/v5/market/tickers: category=spot&symbol=ETHUSDT.); trying Coinbase
2026-07-26 13:13:55,200 [INFO] ETHUSDT px=1880.9950 avg=1903.3938 tp=1931.9448 sl=1674.9866 next_so=1845.4199 (SO 1/4)
2026-07-26 13:13:55,201 [INFO] Single tick complete (GitHub Actions mode). State saved.
2026-07-26 14:44:45,313 [INFO] === CAPITAL RULES ===
2026-07-26 14:44:45,313 [INFO] Total capital: 1000.00 USDT
2026-07-26 14:44:45,314 [INFO] Per-deal budget: 30.00 USDT (3.0% of capital)
2026-07-26 14:44:45,314 [INFO] Base order: 3.29 USDT, up to 4 safety orders
2026-07-26 14:44:45,314 [INFO] Worst-case loss per deal: 3.60 USDT (0.36% of capital)
2026-07-26 14:44:45,314 [INFO] Max total exposure: 6.0% of capital
2026-07-26 14:44:45,441 [WARNING] Bybit price failed (You have breached the ip rate limit or your ip is from the usa. (ErrCode: 403) (ErrTime: 14:44:45).
Request → GET https://api.bybit.com/v5/market/tickers: category=spot&symbol=BTCUSDT.); trying Coinbase
2026-07-26 14:44:45,618 [INFO] BTCUSDT px=64632.6050 avg=65898.1088 tp=66886.5805 sl=57990.3358 next_so=63801.0237 (SO 1/4)
2026-07-26 14:44:45,622 [WARNING] Bybit price failed (You have breached the ip rate limit or your ip is from the usa. (ErrCode: 403) (ErrTime: 14:44:45).
Request → GET https://api.bybit.com/v5/market/tickers: category=spot&symbol=ETHUSDT.); trying Coinbase
2026-07-26 14:44:45,669 [INFO] ETHUSDT px=1894.6650 avg=1903.3938 tp=1931.9448 sl=1674.9866 next_so=1845.4199 (SO 1/4)
2026-07-26 14:44:45,669 [INFO] Single tick complete (GitHub Actions mode). State saved.
2026-07-26 15:47:25,361 [INFO] === CAPITAL RULES ===
2026-07-26 15:47:25,361 [INFO] Total capital: 1000.00 USDT
2026-07-26 15:47:25,362 [INFO] Per-deal budget: 30.00 USDT (3.0% of capital)
2026-07-26 15:47:25,362 [INFO] Base order: 3.29 USDT, up to 4 safety orders
2026-07-26 15:47:25,362 [INFO] Worst-case loss per deal: 3.60 USDT (0.36% of capital)
2026-07-26 15:47:25,362 [INFO] Max total exposure: 6.0% of capital
2026-07-26 15:47:25,437 [WARNING] Bybit price failed (You have breached the ip rate limit or your ip is from the usa. (ErrCode: 403) (ErrTime: 15:47:25).
Request → GET https://api.bybit.com/v5/market/tickers: category=spot&symbol=BTCUSDT.); trying Coinbase
2026-07-26 15:47:25,484 [INFO] BTCUSDT px=64721.1850 avg=65898.1088 tp=66886.5805 sl=57990.3358 next_so=63801.0237 (SO 1/4)
2026-07-26 15:47:25,488 [WARNING] Bybit price failed (You have breached the ip rate limit or your ip is from the usa. (ErrCode: 403) (ErrTime: 15:47:25).
Request → GET https://api.bybit.com/v5/market/tickers: category=spot&symbol=ETHUSDT.); trying Coinbase
2026-07-26 15:47:25,524 [INFO] ETHUSDT px=1910.7450 avg=1903.3938 tp=1931.9448 sl=1674.9866 next_so=1845.4199 (SO 1/4)
2026-07-26 15:47:25,524 [INFO] Single tick complete (GitHub Actions mode). State saved.
2026-07-26 16:55:46,610 [INFO] === CAPITAL RULES ===
2026-07-26 16:55:46,610 [INFO] Total capital: 1000.00 USDT
2026-07-26 16:55:46,610 [INFO] Per-deal budget: 30.00 USDT (3.0% of capital)
2026-07-26 16:55:46,611 [INFO] Base order: 3.29 USDT, up to 4 safety orders
2026-07-26 16:55:46,611 [INFO] Worst-case loss per deal: 3.60 USDT (0.36% of capital)
2026-07-26 16:55:46,611 [INFO] Max total exposure: 6.0% of capital
2026-07-26 16:55:46,675 [WARNING] Bybit price failed (You have breached the ip rate limit or your ip is from the usa. (ErrCode: 403) (ErrTime: 16:55:46).
Request → GET https://api.bybit.com/v5/market/tickers: category=spot&symbol=BTCUSDT.); trying Coinbase
2026-07-26 16:55:46,732 [INFO] BTCUSDT px=64731.0550 avg=65898.1088 tp=66886.5805 sl=57990.3358 next_so=63801.0237 (SO 1/4)
2026-07-26 16:55:46,736 [WARNING] Bybit price failed (You have breached the ip rate limit or your ip is from the usa. (ErrCode: 403) (ErrTime: 16:55:46).
Request → GET https://api.bybit.com/v5/market/tickers: category=spot&symbol=ETHUSDT.); trying Coinbase
2026-07-26 16:55:46,774 [INFO] ETHUSDT px=1915.9800 avg=1903.3938 tp=1931.9448 sl=1674.9866 next_so=1845.4199 (SO 1/4)
2026-07-26 16:55:46,774 [INFO] Single tick complete (GitHub Actions mode). State saved.
2026-07-26 18:00:21,446 [INFO] === CAPITAL RULES ===
2026-07-26 18:00:21,446 [INFO] Total capital: 1000.00 USDT
2026-07-26 18:00:21,446 [INFO] Per-deal budget: 30.00 USDT (3.0% of capital)
2026-07-26 18:00:21,446 [INFO] Base order: 3.29 USDT, up to 4 safety orders
2026-07-26 18:00:21,446 [INFO] Worst-case loss per deal: 3.60 USDT (0.36% of capital)
2026-07-26 18:00:21,447 [INFO] Max total exposure: 6.0% of capital
2026-07-26 18:00:21,552 [WARNING] Bybit price failed (You have breached the ip rate limit or your ip is from the usa. (ErrCode: 403) (ErrTime: 18:00:21).
Request → GET https://api.bybit.com/v5/market/tickers: category=spot&symbol=BTCUSDT.); trying Coinbase
2026-07-26 18:00:21,597 [INFO] BTCUSDT px=64626.6850 avg=65898.1088 tp=66886.5805 sl=57990.3358 next_so=63801.0237 (SO 1/4)
2026-07-26 18:00:21,602 [WARNING] Bybit price failed (You have breached the ip rate limit or your ip is from the usa. (ErrCode: 403) (ErrTime: 18:00:21).
Request → GET https://api.bybit.com/v5/market/tickers: category=spot&symbol=ETHUSDT.); trying Coinbase
2026-07-26 18:00:21,645 [INFO] ETHUSDT px=1909.5550 avg=1903.3938 tp=1931.9448 sl=1674.9866 next_so=1845.4199 (SO 1/4)
2026-07-26 18:00:21,645 [INFO] Single tick complete (GitHub Actions mode). State saved.
2026-07-26 19:33:27,487 [INFO] === CAPITAL RULES ===
2026-07-26 19:33:27,487 [INFO] Total capital: 1000.00 USDT
2026-07-26 19:33:27,487 [INFO] Per-deal budget: 30.00 USDT (3.0% of capital)
2026-07-26 19:33:27,487 [INFO] Base order: 3.29 USDT, up to 4 safety orders
2026-07-26 19:33:27,487 [INFO] Worst-case loss per deal: 3.60 USDT (0.36% of capital)
2026-07-26 19:33:27,487 [INFO] Max total exposure: 6.0% of capital
2026-07-26 19:33:27,695 [WARNING] Bybit price failed (You have breached the ip rate limit or your ip is from the usa. (ErrCode: 403) (ErrTime: 19:33:27).
Request → GET https://api.bybit.com/v5/market/tickers: category=spot&symbol=BTCUSDT.); trying Coinbase
2026-07-26 19:33:27,803 [INFO] BTCUSDT px=64695.9450 avg=65898.1088 tp=66886.5805 sl=57990.3358 next_so=63801.0237 (SO 1/4)
2026-07-26 19:33:27,817 [WARNING] Bybit price failed (You have breached the ip rate limit or your ip is from the usa. (ErrCode: 403) (ErrTime: 19:33:27).
Request → GET https://api.bybit.com/v5/market/tickers: category=spot&symbol=ETHUSDT.); trying Coinbase
2026-07-26 19:33:27,888 [INFO] ETHUSDT px=1913.3800 avg=1903.3938 tp=1931.9448 sl=1674.9866 next_so=1845.4199 (SO 1/4)
2026-07-26 19:33:27,888 [INFO] Single tick complete (GitHub Actions mode). State saved.
2026-07-26 20:36:21,623 [INFO] === CAPITAL RULES ===
2026-07-26 20:36:21,624 [INFO] Total capital: 1000.00 USDT
2026-07-26 20:36:21,624 [INFO] Per-deal budget: 30.00 USDT (3.0% of capital)
2026-07-26 20:36:21,624 [INFO] Base order: 3.29 USDT, up to 4 safety orders
2026-07-26 20:36:21,624 [INFO] Worst-case loss per deal: 3.60 USDT (0.36% of capital)
2026-07-26 20:36:21,624 [INFO] Max total exposure: 6.0% of capital
2026-07-26 20:36:21,742 [WARNING] Bybit price failed (You have breached the ip rate limit or your ip is from the usa. (ErrCode: 403) (ErrTime: 20:36:21).
Request → GET https://api.bybit.com/v5/market/tickers: category=spot&symbol=BTCUSDT.); trying Coinbase
2026-07-26 20:36:21,817 [INFO] BTCUSDT px=64593.5950 avg=65898.1088 tp=66886.5805 sl=57990.3358 next_so=63801.0237 (SO 1/4)
2026-07-26 20:36:21,821 [WARNING] Bybit price failed (You have breached the ip rate limit or your ip is from the usa. (ErrCode: 403) (ErrTime: 20:36:21).
Request → GET https://api.bybit.com/v5/market/tickers: category=spot&symbol=ETHUSDT.); trying Coinbase
2026-07-26 20:36:21,872 [INFO] ETHUSDT px=1911.1250 avg=1903.3938 tp=1931.9448 sl=1674.9866 next_so=1845.4199 (SO 1/4)
2026-07-26 20:36:21,872 [INFO] Single tick complete (GitHub Actions mode). State saved.
2026-07-26 21:38:33,484 [INFO] === CAPITAL RULES ===
2026-07-26 21:38:33,484 [INFO] Total capital: 1000.00 USDT
2026-07-26 21:38:33,484 [INFO] Per-deal budget: 30.00 USDT (3.0% of capital)
2026-07-26 21:38:33,484 [INFO] Base order: 3.29 USDT, up to 4 safety orders
2026-07-26 21:38:33,484 [INFO] Worst-case loss per deal: 3.60 USDT (0.36% of capital)
2026-07-26 21:38:33,484 [INFO] Max total exposure: 6.0% of capital
2026-07-26 21:38:33,649 [WARNING] Bybit price failed (You have breached the ip rate limit or your ip is from the usa. (ErrCode: 403) (ErrTime: 21:38:33).
Request → GET https://api.bybit.com/v5/market/tickers: category=spot&symbol=BTCUSDT.); trying Coinbase
2026-07-26 21:38:33,712 [INFO] BTCUSDT px=64778.8050 avg=65898.1088 tp=66886.5805 sl=57990.3358 next_so=63801.0237 (SO 1/4)
2026-07-26 21:38:33,723 [WARNING] Bybit price failed (You have breached the ip rate limit or your ip is from the usa. (ErrCode: 403) (ErrTime: 21:38:33).
Request → GET https://api.bybit.com/v5/market/tickers: category=spot&symbol=ETHUSDT.); trying Coinbase
2026-07-26 21:38:33,770 [INFO] ETHUSDT px=1921.0650 avg=1903.3938 tp=1931.9448 sl=1674.9866 next_so=1845.4199 (SO 1/4)
2026-07-26 21:38:33,770 [INFO] Single tick complete (GitHub Actions mode). State saved.
2026-07-26 22:40:39,915 [INFO] === CAPITAL RULES ===
2026-07-26 22:40:39,915 [INFO] Total capital: 1000.00 USDT
2026-07-26 22:40:39,915 [INFO] Per-deal budget: 30.00 USDT (3.0% of capital)
2026-07-26 22:40:39,915 [INFO] Base order: 3.29 USDT, up to 4 safety orders
2026-07-26 22:40:39,915 [INFO] Worst-case loss per deal: 3.60 USDT (0.36% of capital)
2026-07-26 22:40:39,915 [INFO] Max total exposure: 6.0% of capital
2026-07-26 22:40:40,072 [WARNING] Bybit price failed (You have breached the ip rate limit or your ip is from the usa. (ErrCode: 403) (ErrTime: 22:40:40).
Request → GET https://api.bybit.com/v5/market/tickers: category=spot&symbol=BTCUSDT.); trying Coinbase
2026-07-26 22:40:40,145 [INFO] BTCUSDT px=65391.7550 avg=65898.1088 tp=66886.5805 sl=57990.3358 next_so=63801.0237 (SO 1/4)
2026-07-26 22:40:40,150 [WARNING] Bybit price failed (You have breached the ip rate limit or your ip is from the usa. (ErrCode: 403) (ErrTime: 22:40:40).
Request → GET https://api.bybit.com/v5/market/tickers: category=spot&symbol=ETHUSDT.); trying Coinbase
2026-07-26 22:40:40,191 [INFO] ETHUSDT px=1945.1450 avg=1903.3938 tp=1931.9448 sl=1674.9866 next_so=1845.4199 (SO 1/4)
2026-07-26 22:40:40,196 [WARNING] Bybit price failed (You have breached the ip rate limit or your ip is from the usa. (ErrCode: 403) (ErrTime: 22:40:40).
Request → GET https://api.bybit.com/v5/market/tickers: category=spot&symbol=ETHUSDT.); trying Coinbase
2026-07-26 22:40:40,238 [INFO] NOTIFY: ✅ CLOSED ETHUSDT (take_profit): PnL +0.14 USDT | Cumulative: +0.99 USDT
2026-07-26 22:40:40,616 [INFO] Single tick complete (GitHub Actions mode). State saved.
2026-07-26 23:41:34,196 [INFO] === CAPITAL RULES ===
2026-07-26 23:41:34,196 [INFO] Total capital: 1000.00 USDT
2026-07-26 23:41:34,196 [INFO] Per-deal budget: 30.00 USDT (3.0% of capital)
2026-07-26 23:41:34,196 [INFO] Base order: 3.29 USDT, up to 4 safety orders
2026-07-26 23:41:34,196 [INFO] Worst-case loss per deal: 3.60 USDT (0.36% of capital)
2026-07-26 23:41:34,196 [INFO] Max total exposure: 6.0% of capital
2026-07-26 23:41:34,274 [WARNING] Bybit price failed (You have breached the ip rate limit or your ip is from the usa. (ErrCode: 403) (ErrTime: 23:41:34).
Request → GET https://api.bybit.com/v5/market/tickers: category=spot&symbol=BTCUSDT.); trying Coinbase
2026-07-26 23:41:34,324 [INFO] BTCUSDT px=65322.4550 avg=65898.1088 tp=66886.5805 sl=57990.3358 next_so=63801.0237 (SO 1/4)
2026-07-26 23:41:34,328 [WARNING] Bybit price failed (You have breached the ip rate limit or your ip is from the usa. (ErrCode: 403) (ErrTime: 23:41:34).
Request → GET https://api.bybit.com/v5/market/tickers: category=spot&symbol=ETHUSDT.); trying Coinbase
2026-07-26 23:41:34,366 [WARNING] Bybit price failed (You have breached the ip rate limit or your ip is from the usa. (ErrCode: 403) (ErrTime: 23:41:34).
Request → GET https://api.bybit.com/v5/market/tickers: category=spot&symbol=ETHUSDT.); trying Coinbase
2026-07-26 23:41:34,404 [WARNING] Bybit price failed (You have breached the ip rate limit or your ip is from the usa. (ErrCode: 403) (ErrTime: 23:41:34).
Request → GET https://api.bybit.com/v5/market/tickers: category=spot&symbol=ETHUSDT.); trying Coinbase
2026-07-26 23:41:34,451 [INFO] NOTIFY: 🟢 OPENED ETHUSDT deal: 0.001685 @ 1950.7750 (3.29 USDT)
2026-07-26 23:41:35,009 [INFO] Single tick complete (GitHub Actions mode). State saved.
2026-07-27 01:18:52,157 [INFO] === CAPITAL RULES ===
2026-07-27 01:18:52,158 [INFO] Total capital: 1000.00 USDT
2026-07-27 01:18:52,158 [INFO] Per-deal budget: 30.00 USDT (3.0% of capital)
2026-07-27 01:18:52,158 [INFO] Base order: 3.29 USDT, up to 4 safety orders
2026-07-27 01:18:52,158 [INFO] Worst-case loss per deal: 3.60 USDT (0.36% of capital)
2026-07-27 01:18:52,158 [INFO] Max total exposure: 6.0% of capital
2026-07-27 01:18:52,359 [WARNING] Bybit price failed (You have breached the ip rate limit or your ip is from the usa. (ErrCode: 403) (ErrTime: 01:18:52).
Request → GET https://api.bybit.com/v5/market/tickers: category=spot&symbol=BTCUSDT.); trying Coinbase
2026-07-27 01:18:52,456 [INFO] BTCUSDT px=65000.5250 avg=65898.1088 tp=66886.5805 sl=57990.3358 next_so=63801.0237 (SO 1/4)
2026-07-27 01:18:52,466 [WARNING] Bybit price failed (You have breached the ip rate limit or your ip is from the usa. (ErrCode: 403) (ErrTime: 01:18:52).
Request → GET https://api.bybit.com/v5/market/tickers: category=spot&symbol=ETHUSDT.); trying Coinbase
2026-07-27 01:18:52,524 [INFO] ETHUSDT px=1942.3650 avg=1950.7750 tp=1980.0366 sl=1716.6820 next_so=1921.5134 (SO 0/4)
2026-07-27 01:18:52,524 [INFO] Single tick complete (GitHub Actions mode). State saved.
2026-07-27 05:08:27,046 [INFO] === CAPITAL RULES ===
2026-07-27 05:08:27,046 [INFO] Total capital: 1000.00 USDT
2026-07-27 05:08:27,046 [INFO] Per-deal budget: 30.00 USDT (3.0% of capital)
2026-07-27 05:08:27,046 [INFO] Base order: 3.29 USDT, up to 4 safety orders
2026-07-27 05:08:27,046 [INFO] Worst-case loss per deal: 3.60 USDT (0.36% of capital)
2026-07-27 05:08:27,046 [INFO] Max total exposure: 6.0% of capital
2026-07-27 05:08:27,255 [WARNING] Bybit price failed (You have breached the ip rate limit or your ip is from the usa. (ErrCode: 403) (ErrTime: 05:08:27).
Request → GET https://api.bybit.com/v5/market/tickers: category=spot&symbol=BTCUSDT.); trying Coinbase
2026-07-27 05:08:27,375 [INFO] BTCUSDT px=65249.0750 avg=65898.1088 tp=66886.5805 sl=57990.3358 next_so=63801.0237 (SO 1/4)
2026-07-27 05:08:27,379 [WARNING] Bybit price failed (You have breached the ip rate limit or your ip is from the usa. (ErrCode: 403) (ErrTime: 05:08:27).
Request → GET https://api.bybit.com/v5/market/tickers: category=spot&symbol=ETHUSDT.); trying Coinbase
2026-07-27 05:08:27,417 [INFO] ETHUSDT px=1953.7350 avg=1950.7750 tp=1980.0366 sl=1716.6820 next_so=1921.5134 (SO 0/4)
2026-07-27 05:08:27,417 [INFO] Single tick complete (GitHub Actions mode). State saved.
2026-07-27 08:47:08,554 [INFO] === CAPITAL RULES ===
2026-07-27 08:47:08,554 [INFO] Total capital: 1000.00 USDT
2026-07-27 08:47:08,554 [INFO] Per-deal budget: 30.00 USDT (3.0% of capital)
2026-07-27 08:47:08,554 [INFO] Base order: 3.29 USDT, up to 4 safety orders
2026-07-27 08:47:08,554 [INFO] Worst-case loss per deal: 3.60 USDT (0.36% of capital)
2026-07-27 08:47:08,554 [INFO] Max total exposure: 6.0% of capital
2026-07-27 08:47:08,736 [WARNING] Bybit price failed (You have breached the ip rate limit or your ip is from the usa. (ErrCode: 403) (ErrTime: 08:47:08).
Request → GET https://api.bybit.com/v5/market/tickers: category=spot&symbol=BTCUSDT.); trying Coinbase
2026-07-27 08:47:08,797 [INFO] BTCUSDT px=65149.9750 avg=65898.1088 tp=66886.5805 sl=57990.3358 next_so=63801.0237 (SO 1/4)
2026-07-27 08:47:08,805 [WARNING] Bybit price failed (You have breached the ip rate limit or your ip is from the usa. (ErrCode: 403) (ErrTime: 08:47:08).
Request → GET https://api.bybit.com/v5/market/tickers: category=spot&symbol=ETHUSDT.); trying Coinbase
2026-07-27 08:47:08,852 [INFO] ETHUSDT px=1966.1750 avg=1950.7750 tp=1980.0366 sl=1716.6820 next_so=1921.5134 (SO 0/4)
2026-07-27 08:47:08,852 [INFO] Single tick complete (GitHub Actions mode). State saved.
2026-07-27 12:19:18,398 [INFO] === CAPITAL RULES ===
2026-07-27 12:19:18,398 [INFO] Total capital: 1000.00 USDT
2026-07-27 12:19:18,398 [INFO] Per-deal budget: 30.00 USDT (3.0% of capital)
2026-07-27 12:19:18,398 [INFO] Base order: 3.29 USDT, up to 4 safety orders
2026-07-27 12:19:18,398 [INFO] Worst-case loss per deal: 3.60 USDT (0.36% of capital)
2026-07-27 12:19:18,398 [INFO] Max total exposure: 6.0% of capital
2026-07-27 12:19:18,569 [WARNING] Bybit price failed (You have breached the ip rate limit or your ip is from the usa. (ErrCode: 403) (ErrTime: 12:19:18).
Request → GET https://api.bybit.com/v5/market/tickers: category=spot&symbol=BTCUSDT.); trying Coinbase
2026-07-27 12:19:18,614 [INFO] BTCUSDT px=65037.7950 avg=65898.1088 tp=66886.5805 sl=57990.3358 next_so=63801.0237 (SO 1/4)
2026-07-27 12:19:18,618 [WARNING] Bybit price failed (You have breached the ip rate limit or your ip is from the usa. (ErrCode: 403) (ErrTime: 12:19:18).
Request → GET https://api.bybit.com/v5/market/tickers: category=spot&symbol=ETHUSDT.); trying Coinbase
2026-07-27 12:19:18,682 [INFO] ETHUSDT px=1952.8950 avg=1950.7750 tp=1980.0366 sl=1716.6820 next_so=1921.5134 (SO 0/4)
2026-07-27 12:19:18,683 [INFO] Single tick complete (GitHub Actions mode). State saved.
2026-07-27 15:23:03,978 [INFO] === CAPITAL RULES ===
2026-07-27 15:23:03,978 [INFO] Total capital: 1000.00 USDT
2026-07-27 15:23:03,978 [INFO] Per-deal budget: 30.00 USDT (3.0% of capital)
2026-07-27 15:23:03,978 [INFO] Base order: 3.29 USDT, up to 4 safety orders
2026-07-27 15:23:03,978 [INFO] Worst-case loss per deal: 3.60 USDT (0.36% of capital)
2026-07-27 15:23:03,978 [INFO] Max total exposure: 6.0% of capital
2026-07-27 15:23:06,286 [WARNING] Bybit price failed (You have breached the ip rate limit or your ip is from the usa. (ErrCode: 403) (ErrTime: 15:23:06).
Request → GET https://api.bybit.com/v5/market/tickers: category=spot&symbol=BTCUSDT.); trying Coinbase
2026-07-27 15:23:06,364 [INFO] BTCUSDT px=64663.6450 avg=65898.1088 tp=66886.5805 sl=57990.3358 next_so=63801.0237 (SO 1/4)
2026-07-27 15:23:06,367 [WARNING] Bybit price failed (You have breached the ip rate limit or your ip is from the usa. (ErrCode: 403) (ErrTime: 15:23:06).
Request → GET https://api.bybit.com/v5/market/tickers: category=spot&symbol=ETHUSDT.); trying Coinbase
2026-07-27 15:23:06,439 [INFO] ETHUSDT px=1933.5050 avg=1950.7750 tp=1980.0366 sl=1716.6820 next_so=1921.5134 (SO 0/4)
2026-07-27 15:23:06,440 [INFO] Single tick complete (GitHub Actions mode). State saved.
2026-07-27 17:17:08,697 [INFO] === CAPITAL RULES ===
2026-07-27 17:17:08,697 [INFO] Total capital: 1000.00 USDT
2026-07-27 17:17:08,697 [INFO] Per-deal budget: 30.00 USDT (3.0% of capital)
2026-07-27 17:17:08,697 [INFO] Base order: 3.29 USDT, up to 4 safety orders
2026-07-27 17:17:08,697 [INFO] Worst-case loss per deal: 3.60 USDT (0.36% of capital)
2026-07-27 17:17:08,697 [INFO] Max total exposure: 6.0% of capital
2026-07-27 17:17:08,786 [WARNING] Bybit price failed (You have breached the ip rate limit or your ip is from the usa. (ErrCode: 403) (ErrTime: 17:17:08).
Request → GET https://api.bybit.com/v5/market/tickers: category=spot&symbol=BTCUSDT.); trying Coinbase
2026-07-27 17:17:08,828 [INFO] BTCUSDT px=64787.7350 avg=65898.1088 tp=66886.5805 sl=57990.3358 next_so=63801.0237 (SO 1/4)
2026-07-27 17:17:08,831 [WARNING] Bybit price failed (You have breached the ip rate limit or your ip is from the usa. (ErrCode: 403) (ErrTime: 17:17:08).
Request → GET https://api.bybit.com/v5/market/tickers: category=spot&symbol=ETHUSDT.); trying Coinbase
2026-07-27 17:17:08,871 [INFO] ETHUSDT px=1935.2950 avg=1950.7750 tp=1980.0366 sl=1716.6820 next_so=1921.5134 (SO 0/4)
2026-07-27 17:17:08,872 [INFO] Single tick complete (GitHub Actions mode). State saved.
2026-07-27 18:54:33,167 [INFO] === CAPITAL RULES ===
2026-07-27 18:54:33,167 [INFO] Total capital: 1000.00 USDT
2026-07-27 18:54:33,167 [INFO] Per-deal budget: 30.00 USDT (3.0% of capital)
2026-07-27 18:54:33,167 [INFO] Base order: 3.29 USDT, up to 4 safety orders
2026-07-27 18:54:33,167 [INFO] Worst-case loss per deal: 3.60 USDT (0.36% of capital)
2026-07-27 18:54:33,167 [INFO] Max total exposure: 6.0% of capital
2026-07-27 18:54:33,417 [WARNING] Bybit price failed (You have breached the ip rate limit or your ip is from the usa. (ErrCode: 403) (ErrTime: 18:54:33).
Request → GET https://api.bybit.com/v5/market/tickers: category=spot&symbol=BTCUSDT.); trying Coinbase
2026-07-27 18:54:33,623 [INFO] BTCUSDT px=64767.3450 avg=65898.1088 tp=66886.5805 sl=57990.3358 next_so=63801.0237 (SO 1/4)
2026-07-27 18:54:33,636 [WARNING] Bybit price failed (You have breached the ip rate limit or your ip is from the usa. (ErrCode: 403) (ErrTime: 18:54:33).
Request → GET https://api.bybit.com/v5/market/tickers: category=spot&symbol=ETHUSDT.); trying Coinbase
2026-07-27 18:54:33,800 [INFO] ETHUSDT px=1934.6550 avg=1950.7750 tp=1980.0366 sl=1716.6820 next_so=1921.5134 (SO 0/4)
2026-07-27 18:54:33,801 [INFO] Single tick complete (GitHub Actions mode). State saved.
2026-07-27 20:19:50,865 [INFO] === CAPITAL RULES ===
2026-07-27 20:19:50,865 [INFO] Total capital: 1000.00 USDT
2026-07-27 20:19:50,865 [INFO] Per-deal budget: 30.00 USDT (3.0% of capital)
2026-07-27 20:19:50,865 [INFO] Base order: 3.29 USDT, up to 4 safety orders
2026-07-27 20:19:50,865 [INFO] Worst-case loss per deal: 3.60 USDT (0.36% of capital)
2026-07-27 20:19:50,865 [INFO] Max total exposure: 6.0% of capital
2026-07-27 20:19:51,092 [WARNING] Bybit price failed (You have breached the ip rate limit or your ip is from the usa. (ErrCode: 403) (ErrTime: 20:19:51).
Request → GET https://api.bybit.com/v5/market/tickers: category=spot&symbol=BTCUSDT.); trying Coinbase
2026-07-27 20:19:51,154 [INFO] BTCUSDT px=64852.1250 avg=65898.1088 tp=66886.5805 sl=57990.3358 next_so=63801.0237 (SO 1/4)
2026-07-27 20:19:51,167 [WARNING] Bybit price failed (You have breached the ip rate limit or your ip is from the usa. (ErrCode: 403) (ErrTime: 20:19:51).
Request → GET https://api.bybit.com/v5/market/tickers: category=spot&symbol=ETHUSDT.); trying Coinbase
2026-07-27 20:19:51,217 [INFO] ETHUSDT px=1942.2550 avg=1950.7750 tp=1980.0366 sl=1716.6820 next_so=1921.5134 (SO 0/4)
2026-07-27 20:19:51,217 [INFO] Single tick complete (GitHub Actions mode). State saved.
2026-07-27 21:37:15,817 [INFO] === CAPITAL RULES ===
2026-07-27 21:37:15,817 [INFO] Total capital: 1000.00 USDT
2026-07-27 21:37:15,817 [INFO] Per-deal budget: 30.00 USDT (3.0% of capital)
2026-07-27 21:37:15,817 [INFO] Base order: 3.29 USDT, up to 4 safety orders
2026-07-27 21:37:15,817 [INFO] Worst-case loss per deal: 3.60 USDT (0.36% of capital)
2026-07-27 21:37:15,817 [INFO] Max total exposure: 6.0% of capital
2026-07-27 21:37:15,965 [WARNING] Bybit price failed (You have breached the ip rate limit or your ip is from the usa. (ErrCode: 403) (ErrTime: 21:37:15).
Request → GET https://api.bybit.com/v5/market/tickers: category=spot&symbol=BTCUSDT.); trying Coinbase
2026-07-27 21:37:16,029 [INFO] BTCUSDT px=64783.8850 avg=65898.1088 tp=66886.5805 sl=57990.3358 next_so=63801.0237 (SO 1/4)
2026-07-27 21:37:16,039 [WARNING] Bybit price failed (You have breached the ip rate limit or your ip is from the usa. (ErrCode: 403) (ErrTime: 21:37:16).
Request → GET https://api.bybit.com/v5/market/tickers: category=spot&symbol=ETHUSDT.); trying Coinbase
2026-07-27 21:37:16,108 [INFO] ETHUSDT px=1940.5850 avg=1950.7750 tp=1980.0366 sl=1716.6820 next_so=1921.5134 (SO 0/4)
2026-07-27 21:37:16,108 [INFO] Single tick complete (GitHub Actions mode). State saved.
2026-07-27 22:41:32,183 [INFO] === CAPITAL RULES ===
2026-07-27 22:41:32,183 [INFO] Total capital: 1000.00 USDT
2026-07-27 22:41:32,183 [INFO] Per-deal budget: 30.00 USDT (3.0% of capital)
2026-07-27 22:41:32,184 [INFO] Base order: 3.29 USDT, up to 4 safety orders
2026-07-27 22:41:32,184 [INFO] Worst-case loss per deal: 3.60 USDT (0.36% of capital)
2026-07-27 22:41:32,184 [INFO] Max total exposure: 6.0% of capital
2026-07-27 22:41:32,361 [WARNING] Bybit price failed (You have breached the ip rate limit or your ip is from the usa. (ErrCode: 403) (ErrTime: 22:41:32).
Request → GET https://api.bybit.com/v5/market/tickers: category=spot&symbol=BTCUSDT.); trying Coinbase
2026-07-27 22:41:32,429 [INFO] BTCUSDT px=64208.6350 avg=65898.1088 tp=66886.5805 sl=57990.3358 next_so=63801.0237 (SO 1/4)
2026-07-27 22:41:32,440 [WARNING] Bybit price failed (You have breached the ip rate limit or your ip is from the usa. (ErrCode: 403) (ErrTime: 22:41:32).
Request → GET https://api.bybit.com/v5/market/tickers: category=spot&symbol=ETHUSDT.); trying Coinbase
2026-07-27 22:41:32,497 [INFO] ETHUSDT px=1916.3600 avg=1950.7750 tp=1980.0366 sl=1716.6820 next_so=1921.5134 (SO 0/4)
2026-07-27 22:41:32,509 [WARNING] Bybit price failed (You have breached the ip rate limit or your ip is from the usa. (ErrCode: 403) (ErrTime: 22:41:32).
Request → GET https://api.bybit.com/v5/market/tickers: category=spot&symbol=ETHUSDT.); trying Coinbase
2026-07-27 22:41:32,566 [INFO] NOTIFY: 🛟 SAFETY ORDER 1/4 ETHUSDT: bought 0.001715 @ 1916.3600. New avg 1933.4144
2026-07-27 22:41:33,151 [INFO] Single tick complete (GitHub Actions mode). State saved.
2026-07-27 23:45:32,636 [INFO] === CAPITAL RULES ===
2026-07-27 23:45:32,636 [INFO] Total capital: 1000.00 USDT
2026-07-27 23:45:32,636 [INFO] Per-deal budget: 30.00 USDT (3.0% of capital)
2026-07-27 23:45:32,636 [INFO] Base order: 3.29 USDT, up to 4 safety orders
2026-07-27 23:45:32,636 [INFO] Worst-case loss per deal: 3.60 USDT (0.36% of capital)
2026-07-27 23:45:32,636 [INFO] Max total exposure: 6.0% of capital
2026-07-27 23:45:32,705 [WARNING] Bybit price failed (You have breached the ip rate limit or your ip is from the usa. (ErrCode: 403) (ErrTime: 23:45:32).
Request → GET https://api.bybit.com/v5/market/tickers: category=spot&symbol=BTCUSDT.); trying Coinbase
2026-07-27 23:45:32,761 [INFO] BTCUSDT px=63641.3000 avg=65898.1088 tp=66886.5805 sl=57990.3358 next_so=63801.0237 (SO 1/4)
2026-07-27 23:45:32,765 [WARNING] Bybit price failed (You have breached the ip rate limit or your ip is from the usa. (ErrCode: 403) (ErrTime: 23:45:32).
Request → GET https://api.bybit.com/v5/market/tickers: category=spot&symbol=BTCUSDT.); trying Coinbase
2026-07-27 23:45:32,805 [INFO] NOTIFY: 🛟 SAFETY ORDER 2/4 BTCUSDT: bought 0.000077 @ 63641.3000. New avg 64911.5994
2026-07-27 23:45:33,388 [WARNING] Bybit price failed (You have breached the ip rate limit or your ip is from the usa. (ErrCode: 403) (ErrTime: 23:45:33).
Request → GET https://api.bybit.com/v5/market/tickers: category=spot&symbol=ETHUSDT.); trying Coinbase
2026-07-27 23:45:33,431 [INFO] ETHUSDT px=1886.5200 avg=1933.4144 tp=1962.4156 sl=1701.4046 next_so=1876.1164 (SO 1/4)
2026-07-27 23:45:33,431 [INFO] Single tick complete (GitHub Actions mode). State saved.
2026-07-28 02:12:16,035 [INFO] === CAPITAL RULES ===
2026-07-28 02:12:16,035 [INFO] Total capital: 1000.00 USDT
2026-07-28 02:12:16,035 [INFO] Per-deal budget: 30.00 USDT (3.0% of capital)
2026-07-28 02:12:16,035 [INFO] Base order: 3.29 USDT, up to 4 safety orders
2026-07-28 02:12:16,036 [INFO] Worst-case loss per deal: 3.60 USDT (0.36% of capital)
2026-07-28 02:12:16,036 [INFO] Max total exposure: 6.0% of capital
2026-07-28 02:12:16,202 [WARNING] Bybit price failed (You have breached the ip rate limit or your ip is from the usa. (ErrCode: 403) (ErrTime: 02:12:16).
Request → GET https://api.bybit.com/v5/market/tickers: category=spot&symbol=BTCUSDT.); trying Coinbase
2026-07-28 02:12:16,254 [INFO] BTCUSDT px=63215.1650 avg=64911.5994 tp=65885.2734 sl=57122.2074 next_so=61770.2458 (SO 2/4)
2026-07-28 02:12:16,258 [WARNING] Bybit price failed (You have breached the ip rate limit or your ip is from the usa. (ErrCode: 403) (ErrTime: 02:12:16).
Request → GET https://api.bybit.com/v5/market/tickers: category=spot&symbol=ETHUSDT.); trying Coinbase
2026-07-28 02:12:16,300 [INFO] ETHUSDT px=1875.8550 avg=1933.4144 tp=1962.4156 sl=1701.4046 next_so=1876.1164 (SO 1/4)
2026-07-28 02:12:16,305 [WARNING] Bybit price failed (You have breached the ip rate limit or your ip is from the usa. (ErrCode: 403) (ErrTime: 02:12:16).
Request → GET https://api.bybit.com/v5/market/tickers: category=spot&symbol=ETHUSDT.); trying Coinbase
2026-07-28 02:12:16,352 [INFO] NOTIFY: 🛟 SAFETY ORDER 2/4 ETHUSDT: bought 0.002628 @ 1875.8550. New avg 1908.3191
2026-07-28 02:12:16,764 [INFO] Single tick complete (GitHub Actions mode). State saved.
2026-07-28 05:25:27,709 [INFO] === CAPITAL RULES ===
2026-07-28 05:25:27,709 [INFO] Total capital: 1000.00 USDT
2026-07-28 05:25:27,709 [INFO] Per-deal budget: 30.00 USDT (3.0% of capital)
2026-07-28 05:25:27,709 [INFO] Base order: 3.29 USDT, up to 4 safety orders
2026-07-28 05:25:27,709 [INFO] Worst-case loss per deal: 3.60 USDT (0.36% of capital)
2026-07-28 05:25:27,709 [INFO] Max total exposure: 6.0% of capital
2026-07-28 05:25:27,873 [WARNING] Bybit price failed (You have breached the ip rate limit or your ip is from the usa. (ErrCode: 403) (ErrTime: 05:25:27).
Request → GET https://api.bybit.com/v5/market/tickers: category=spot&symbol=BTCUSDT.); trying Coinbase
2026-07-28 05:25:27,955 [INFO] BTCUSDT px=63435.8350 avg=64911.5994 tp=65885.2734 sl=57122.2074 next_so=61770.2458 (SO 2/4)
2026-07-28 05:25:27,964 [WARNING] Bybit price failed (You have breached the ip rate limit or your ip is from the usa. (ErrCode: 403) (ErrTime: 05:25:27).
Request → GET https://api.bybit.com/v5/market/tickers: category=spot&symbol=ETHUSDT.); trying Coinbase
2026-07-28 05:25:28,014 [INFO] ETHUSDT px=1883.9800 avg=1908.3191 tp=1936.9439 sl=1679.3209 next_so=1820.7049 (SO 2/4)
2026-07-28 05:25:28,015 [INFO] Single tick complete (GitHub Actions mode). State saved.
2026-07-28 07:59:13,220 [INFO] === CAPITAL RULES ===
2026-07-28 07:59:13,220 [INFO] Total capital: 1000.00 USDT
2026-07-28 07:59:13,220 [INFO] Per-deal budget: 30.00 USDT (3.0% of capital)
2026-07-28 07:59:13,220 [INFO] Base order: 3.29 USDT, up to 4 safety orders
2026-07-28 07:59:13,221 [INFO] Worst-case loss per deal: 3.60 USDT (0.36% of capital)
2026-07-28 07:59:13,221 [INFO] Max total exposure: 6.0% of capital
2026-07-28 07:59:13,403 [WARNING] Bybit price failed (You have breached the ip rate limit or your ip is from the usa. (ErrCode: 403) (ErrTime: 07:59:13).
Request → GET https://api.bybit.com/v5/market/tickers: category=spot&symbol=BTCUSDT.); trying Coinbase
2026-07-28 07:59:13,536 [INFO] BTCUSDT px=63428.8450 avg=64911.5994 tp=65885.2734 sl=57122.2074 next_so=61770.2458 (SO 2/4)
2026-07-28 07:59:13,555 [WARNING] Bybit price failed (You have breached the ip rate limit or your ip is from the usa. (ErrCode: 403) (ErrTime: 07:59:13).
Request → GET https://api.bybit.com/v5/market/tickers: category=spot&symbol=ETHUSDT.); trying Coinbase
2026-07-28 07:59:13,641 [INFO] ETHUSDT px=1881.7150 avg=1908.3191 tp=1936.9439 sl=1679.3209 next_so=1820.7049 (SO 2/4)
2026-07-28 07:59:13,642 [INFO] Single tick complete (GitHub Actions mode). State saved.
2026-07-28 10:42:42,467 [INFO] === CAPITAL RULES ===
2026-07-28 10:42:42,467 [INFO] Total capital: 1000.00 USDT
2026-07-28 10:42:42,468 [INFO] Per-deal budget: 30.00 USDT (3.0% of capital)
2026-07-28 10:42:42,468 [INFO] Base order: 3.29 USDT, up to 4 safety orders
2026-07-28 10:42:42,468 [INFO] Worst-case loss per deal: 3.60 USDT (0.36% of capital)
2026-07-28 10:42:42,468 [INFO] Max total exposure: 6.0% of capital
2026-07-28 10:42:42,602 [WARNING] Bybit price failed (You have breached the ip rate limit or your ip is from the usa. (ErrCode: 403) (ErrTime: 10:42:42).
Request → GET https://api.bybit.com/v5/market/tickers: category=spot&symbol=BTCUSDT.); trying Coinbase
2026-07-28 10:42:42,758 [INFO] BTCUSDT px=63440.8050 avg=64911.5994 tp=65885.2734 sl=57122.2074 next_so=61770.2458 (SO 2/4)
2026-07-28 10:42:42,761 [WARNING] Bybit price failed (You have breached the ip rate limit or your ip is from the usa. (ErrCode: 403) (ErrTime: 10:42:42).
Request → GET https://api.bybit.com/v5/market/tickers: category=spot&symbol=ETHUSDT.); trying Coinbase
2026-07-28 10:42:42,900 [INFO] ETHUSDT px=1877.1850 avg=1908.3191 tp=1936.9439 sl=1679.3209 next_so=1820.7049 (SO 2/4)
2026-07-28 10:42:42,901 [INFO] Single tick complete (GitHub Actions mode). State saved.
2026-07-28 12:26:00,381 [INFO] === CAPITAL RULES ===
2026-07-28 12:26:00,381 [INFO] Total capital: 1000.00 USDT
2026-07-28 12:26:00,381 [INFO] Per-deal budget: 30.00 USDT (3.0% of capital)
2026-07-28 12:26:00,381 [INFO] Base order: 3.29 USDT, up to 4 safety orders
2026-07-28 12:26:00,381 [INFO] Worst-case loss per deal: 3.60 USDT (0.36% of capital)
2026-07-28 12:26:00,382 [INFO] Max total exposure: 6.0% of capital
2026-07-28 12:26:00,489 [WARNING] Bybit price failed (You have breached the ip rate limit or your ip is from the usa. (ErrCode: 403) (ErrTime: 12:26:00).
Request → GET https://api.bybit.com/v5/market/tickers: category=spot&symbol=BTCUSDT.); trying Coinbase
2026-07-28 12:26:00,538 [INFO] BTCUSDT px=63388.0050 avg=64911.5994 tp=65885.2734 sl=57122.2074 next_so=61770.2458 (SO 2/4)
2026-07-28 12:26:00,543 [WARNING] Bybit price failed (You have breached the ip rate limit or your ip is from the usa. (ErrCode: 403) (ErrTime: 12:26:00).
Request → GET https://api.bybit.com/v5/market/tickers: category=spot&symbol=ETHUSDT.); trying Coinbase
2026-07-28 12:26:00,584 [INFO] ETHUSDT px=1876.1050 avg=1908.3191 tp=1936.9439 sl=1679.3209 next_so=1820.7049 (SO 2/4)
2026-07-28 12:26:00,585 [INFO] Single tick complete (GitHub Actions mode). State saved.
2026-07-28 14:58:33,782 [INFO] === CAPITAL RULES ===
2026-07-28 14:58:33,782 [INFO] Total capital: 1000.00 USDT
2026-07-28 14:58:33,783 [INFO] Per-deal budget: 30.00 USDT (3.0% of capital)
2026-07-28 14:58:33,783 [INFO] Base order: 3.29 USDT, up to 4 safety orders
2026-07-28 14:58:33,783 [INFO] Worst-case loss per deal: 3.60 USDT (0.36% of capital)
2026-07-28 14:58:33,783 [INFO] Max total exposure: 6.0% of capital
2026-07-28 14:58:33,961 [WARNING] Bybit price failed (You have breached the ip rate limit or your ip is from the usa. (ErrCode: 403) (ErrTime: 14:58:33).
Request → GET https://api.bybit.com/v5/market/tickers: category=spot&symbol=BTCUSDT.); trying Coinbase
2026-07-28 14:58:34,013 [INFO] BTCUSDT px=63348.8150 avg=64911.5994 tp=65885.2734 sl=57122.2074 next_so=61770.2458 (SO 2/4)
2026-07-28 14:58:34,030 [WARNING] Bybit price failed (You have breached the ip rate limit or your ip is from the usa. (ErrCode: 403) (ErrTime: 14:58:34).
Request → GET https://api.bybit.com/v5/market/tickers: category=spot&symbol=ETHUSDT.); trying Coinbase
2026-07-28 14:58:34,068 [INFO] ETHUSDT px=1886.4800 avg=1908.3191 tp=1936.9439 sl=1679.3209 next_so=1820.7049 (SO 2/4)
2026-07-28 14:58:34,068 [INFO] Single tick complete (GitHub Actions mode). State saved.
2026-07-28 16:45:00,826 [INFO] === CAPITAL RULES ===
2026-07-28 16:45:00,826 [INFO] Total capital: 1000.00 USDT
2026-07-28 16:45:00,826 [INFO] Per-deal budget: 30.00 USDT (3.0% of capital)
2026-07-28 16:45:00,826 [INFO] Base order: 3.29 USDT, up to 4 safety orders
2026-07-28 16:45:00,826 [INFO] Worst-case loss per deal: 3.60 USDT (0.36% of capital)
2026-07-28 16:45:00,827 [INFO] Max total exposure: 6.0% of capital
2026-07-28 16:45:00,890 [WARNING] Bybit price failed (You have breached the ip rate limit or your ip is from the usa. (ErrCode: 403) (ErrTime: 16:45:00).
Request → GET https://api.bybit.com/v5/market/tickers: category=spot&symbol=BTCUSDT.); trying Coinbase
2026-07-28 16:45:00,939 [INFO] BTCUSDT px=63851.3050 avg=64911.5994 tp=65885.2734 sl=57122.2074 next_so=61770.2458 (SO 2/4)
2026-07-28 16:45:00,943 [WARNING] Bybit price failed (You have breached the ip rate limit or your ip is from the usa. (ErrCode: 403) (ErrTime: 16:45:00).
Request → GET https://api.bybit.com/v5/market/tickers: category=spot&symbol=ETHUSDT.); trying Coinbase
2026-07-28 16:45:00,984 [INFO] ETHUSDT px=1920.9600 avg=1908.3191 tp=1936.9439 sl=1679.3209 next_so=1820.7049 (SO 2/4)
2026-07-28 16:45:00,985 [INFO] Single tick complete (GitHub Actions mode). State saved.
2026-07-28 18:04:31,094 [INFO] === CAPITAL RULES ===
2026-07-28 18:04:31,094 [INFO] Total capital: 1000.00 USDT
2026-07-28 18:04:31,094 [INFO] Per-deal budget: 30.00 USDT (3.0% of capital)
2026-07-28 18:04:31,094 [INFO] Base order: 3.29 USDT, up to 4 safety orders
2026-07-28 18:04:31,094 [INFO] Worst-case loss per deal: 3.60 USDT (0.36% of capital)
2026-07-28 18:04:31,094 [INFO] Max total exposure: 6.0% of capital
2026-07-28 18:04:31,249 [WARNING] Bybit price failed (You have breached the ip rate limit or your ip is from the usa. (ErrCode: 403) (ErrTime: 18:04:31).
Request → GET https://api.bybit.com/v5/market/tickers: category=spot&symbol=BTCUSDT.); trying Coinbase
2026-07-28 18:04:31,313 [INFO] BTCUSDT px=63734.1050 avg=64911.5994 tp=65885.2734 sl=57122.2074 next_so=61770.2458 (SO 2/4)
2026-07-28 18:04:31,321 [WARNING] Bybit price failed (You have breached the ip rate limit or your ip is from the usa. (ErrCode: 403) (ErrTime: 18:04:31).
Request → GET https://api.bybit.com/v5/market/tickers: category=spot&symbol=ETHUSDT.); trying Coinbase
2026-07-28 18:04:31,377 [INFO] ETHUSDT px=1908.4450 avg=1908.3191 tp=1936.9439 sl=1679.3209 next_so=1820.7049 (SO 2/4)
2026-07-28 18:04:31,377 [INFO] Single tick complete (GitHub Actions mode). State saved.
2026-07-28 19:51:57,672 [INFO] === CAPITAL RULES ===
2026-07-28 19:51:57,672 [INFO] Total capital: 1000.00 USDT
2026-07-28 19:51:57,672 [INFO] Per-deal budget: 30.00 USDT (3.0% of capital)
2026-07-28 19:51:57,672 [INFO] Base order: 3.29 USDT, up to 4 safety orders
2026-07-28 19:51:57,672 [INFO] Worst-case loss per deal: 3.60 USDT (0.36% of capital)
2026-07-28 19:51:57,672 [INFO] Max total exposure: 6.0% of capital
2026-07-28 19:51:57,864 [WARNING] Bybit price failed (You have breached the ip rate limit or your ip is from the usa. (ErrCode: 403) (ErrTime: 19:51:57).
Request → GET https://api.bybit.com/v5/market/tickers: category=spot&symbol=BTCUSDT.); trying Coinbase
2026-07-28 19:51:57,907 [INFO] BTCUSDT px=63684.8750 avg=64911.5994 tp=65885.2734 sl=57122.2074 next_so=61770.2458 (SO 2/4)
2026-07-28 19:51:57,911 [WARNING] Bybit price failed (You have breached the ip rate limit or your ip is from the usa. (ErrCode: 403) (ErrTime: 19:51:57).
Request → GET https://api.bybit.com/v5/market/tickers: category=spot&symbol=ETHUSDT.); trying Coinbase
2026-07-28 19:51:57,950 [INFO] ETHUSDT px=1916.4550 avg=1908.3191 tp=1936.9439 sl=1679.3209 next_so=1820.7049 (SO 2/4)
2026-07-28 19:51:57,951 [INFO] Single tick complete (GitHub Actions mode). State saved.
2026-07-28 21:04:29,235 [INFO] === CAPITAL RULES ===
2026-07-28 21:04:29,235 [INFO] Total capital: 1000.00 USDT
2026-07-28 21:04:29,236 [INFO] Per-deal budget: 30.00 USDT (3.0% of capital)
2026-07-28 21:04:29,236 [INFO] Base order: 3.29 USDT, up to 4 safety orders
2026-07-28 21:04:29,236 [INFO] Worst-case loss per deal: 3.60 USDT (0.36% of capital)
2026-07-28 21:04:29,236 [INFO] Max total exposure: 6.0% of capital
2026-07-28 21:04:29,413 [WARNING] Bybit price failed (You have breached the ip rate limit or your ip is from the usa. (ErrCode: 403) (ErrTime: 21:04:29).
Request → GET https://api.bybit.com/v5/market/tickers: category=spot&symbol=BTCUSDT.); trying Coinbase
2026-07-28 21:04:29,499 [INFO] BTCUSDT px=63881.0350 avg=64911.5994 tp=65885.2734 sl=57122.2074 next_so=61770.2458 (SO 2/4)
2026-07-28 21:04:29,510 [WARNING] Bybit price failed (You have breached the ip rate limit or your ip is from the usa. (ErrCode: 403) (ErrTime: 21:04:29).
Request → GET https://api.bybit.com/v5/market/tickers: category=spot&symbol=ETHUSDT.); trying Coinbase
2026-07-28 21:04:29,561 [INFO] ETHUSDT px=1917.8650 avg=1908.3191 tp=1936.9439 sl=1679.3209 next_so=1820.7049 (SO 2/4)
2026-07-28 21:04:29,562 [INFO] Single tick complete (GitHub Actions mode). State saved.
2026-07-28 22:16:15,598 [INFO] === CAPITAL RULES ===
2026-07-28 22:16:15,598 [INFO] Total capital: 1000.00 USDT
2026-07-28 22:16:15,598 [INFO] Per-deal budget: 30.00 USDT (3.0% of capital)
2026-07-28 22:16:15,598 [INFO] Base order: 3.29 USDT, up to 4 safety orders
2026-07-28 22:16:15,599 [INFO] Worst-case loss per deal: 3.60 USDT (0.36% of capital)
2026-07-28 22:16:15,599 [INFO] Max total exposure: 6.0% of capital
2026-07-28 22:16:15,760 [WARNING] Bybit price failed (You have breached the ip rate limit or your ip is from the usa. (ErrCode: 403) (ErrTime: 22:16:15).
Request → GET https://api.bybit.com/v5/market/tickers: category=spot&symbol=BTCUSDT.); trying Coinbase
2026-07-28 22:16:16,045 [INFO] BTCUSDT px=63929.1350 avg=64911.5994 tp=65885.2734 sl=57122.2074 next_so=61770.2458 (SO 2/4)
2026-07-28 22:16:16,056 [WARNING] Bybit price failed (You have breached the ip rate limit or your ip is from the usa. (ErrCode: 403) (ErrTime: 22:16:16).
Request → GET https://api.bybit.com/v5/market/tickers: category=spot&symbol=ETHUSDT.); trying Coinbase
2026-07-28 22:16:16,119 [INFO] ETHUSDT px=1921.7450 avg=1908.3191 tp=1936.9439 sl=1679.3209 next_so=1820.7049 (SO 2/4)
2026-07-28 22:16:16,119 [INFO] Single tick complete (GitHub Actions mode). State saved.
2026-07-28 23:28:53,122 [INFO] === CAPITAL RULES ===
2026-07-28 23:28:53,122 [INFO] Total capital: 1000.00 USDT
2026-07-28 23:28:53,122 [INFO] Per-deal budget: 30.00 USDT (3.0% of capital)
2026-07-28 23:28:53,122 [INFO] Base order: 3.29 USDT, up to 4 safety orders
2026-07-28 23:28:53,122 [INFO] Worst-case loss per deal: 3.60 USDT (0.36% of capital)
2026-07-28 23:28:53,122 [INFO] Max total exposure: 6.0% of capital
2026-07-28 23:28:53,277 [WARNING] Bybit price failed (You have breached the ip rate limit or your ip is from the usa. (ErrCode: 403) (ErrTime: 23:28:53).
Request → GET https://api.bybit.com/v5/market/tickers: category=spot&symbol=BTCUSDT.); trying Coinbase
2026-07-28 23:28:53,342 [INFO] BTCUSDT px=63523.4750 avg=64911.5994 tp=65885.2734 sl=57122.2074 next_so=61770.2458 (SO 2/4)
2026-07-28 23:28:53,353 [WARNING] Bybit price failed (You have breached the ip rate limit or your ip is from the usa. (ErrCode: 403) (ErrTime: 23:28:53).
Request → GET https://api.bybit.com/v5/market/tickers: category=spot&symbol=ETHUSDT.); trying Coinbase
2026-07-28 23:28:53,478 [INFO] ETHUSDT px=1904.6700 avg=1908.3191 tp=1936.9439 sl=1679.3209 next_so=1820.7049 (SO 2/4)
2026-07-28 23:28:53,478 [INFO] Single tick complete (GitHub Actions mode). State saved.
2026-07-29 01:00:42,022 [INFO] === CAPITAL RULES ===
2026-07-29 01:00:42,022 [INFO] Total capital: 1000.00 USDT
2026-07-29 01:00:42,022 [INFO] Per-deal budget: 30.00 USDT (3.0% of capital)
2026-07-29 01:00:42,022 [INFO] Base order: 3.29 USDT, up to 4 safety orders
2026-07-29 01:00:42,022 [INFO] Worst-case loss per deal: 3.60 USDT (0.36% of capital)
2026-07-29 01:00:42,022 [INFO] Max total exposure: 6.0% of capital
2026-07-29 01:00:42,167 [WARNING] Bybit price failed (You have breached the ip rate limit or your ip is from the usa. (ErrCode: 403) (ErrTime: 01:00:42).
Request → GET https://api.bybit.com/v5/market/tickers: category=spot&symbol=BTCUSDT.); trying Coinbase
2026-07-29 01:00:42,352 [INFO] BTCUSDT px=63872.0950 avg=64911.5994 tp=65885.2734 sl=57122.2074 next_so=61770.2458 (SO 2/4)
2026-07-29 01:00:42,355 [WARNING] Bybit price failed (You have breached the ip rate limit or your ip is from the usa. (ErrCode: 403) (ErrTime: 01:00:42).
Request → GET https://api.bybit.com/v5/market/tickers: category=spot&symbol=ETHUSDT.); trying Coinbase
2026-07-29 01:00:42,429 [INFO] ETHUSDT px=1913.9550 avg=1908.3191 tp=1936.9439 sl=1679.3209 next_so=1820.7049 (SO 2/4)
2026-07-29 01:00:42,429 [INFO] Single tick complete (GitHub Actions mode). State saved.
2026-07-29 04:30:42,193 [INFO] === CAPITAL RULES ===
2026-07-29 04:30:42,193 [INFO] Total capital: 1000.00 USDT
2026-07-29 04:30:42,193 [INFO] Per-deal budget: 30.00 USDT (3.0% of capital)
2026-07-29 04:30:42,193 [INFO] Base order: 3.29 USDT, up to 4 safety orders
2026-07-29 04:30:42,193 [INFO] Worst-case loss per deal: 3.60 USDT (0.36% of capital)
2026-07-29 04:30:42,193 [INFO] Max total exposure: 6.0% of capital
2026-07-29 04:30:42,341 [WARNING] Bybit price failed (You have breached the ip rate limit or your ip is from the usa. (ErrCode: 403) (ErrTime: 04:30:42).
Request → GET https://api.bybit.com/v5/market/tickers: category=spot&symbol=BTCUSDT.); trying Coinbase
2026-07-29 04:30:42,398 [INFO] BTCUSDT px=63711.2950 avg=64911.5994 tp=65885.2734 sl=57122.2074 next_so=61770.2458 (SO 2/4)
2026-07-29 04:30:42,402 [WARNING] Bybit price failed (You have breached the ip rate limit or your ip is from the usa. (ErrCode: 403) (ErrTime: 04:30:42).
Request → GET https://api.bybit.com/v5/market/tickers: category=spot&symbol=ETHUSDT.); trying Coinbase
2026-07-29 04:30:42,444 [INFO] ETHUSDT px=1892.2950 avg=1908.3191 tp=1936.9439 sl=1679.3209 next_so=1820.7049 (SO 2/4)
2026-07-29 04:30:42,444 [INFO] Single tick complete (GitHub Actions mode). State saved.
2026-07-29 07:30:42,175 [INFO] === CAPITAL RULES ===
2026-07-29 07:30:42,175 [INFO] Total capital: 1000.00 USDT
2026-07-29 07:30:42,175 [INFO] Per-deal budget: 30.00 USDT (3.0% of capital)
2026-07-29 07:30:42,175 [INFO] Base order: 3.29 USDT, up to 4 safety orders
2026-07-29 07:30:42,175 [INFO] Worst-case loss per deal: 3.60 USDT (0.36% of capital)
2026-07-29 07:30:42,175 [INFO] Max total exposure: 6.0% of capital
2026-07-29 07:30:42,307 [WARNING] Bybit price failed (You have breached the ip rate limit or your ip is from the usa. (ErrCode: 403) (ErrTime: 07:30:42).
Request → GET https://api.bybit.com/v5/market/tickers: category=spot&symbol=BTCUSDT.); trying Coinbase
2026-07-29 07:30:42,351 [INFO] BTCUSDT px=64424.1900 avg=64911.5994 tp=65885.2734 sl=57122.2074 next_so=61770.2458 (SO 2/4)
2026-07-29 07:30:42,356 [WARNING] Bybit price failed (You have breached the ip rate limit or your ip is from the usa. (ErrCode: 403) (ErrTime: 07:30:42).
Request → GET https://api.bybit.com/v5/market/tickers: category=spot&symbol=ETHUSDT.); trying Coinbase
2026-07-29 07:30:42,393 [INFO] ETHUSDT px=1915.8800 avg=1908.3191 tp=1936.9439 sl=1679.3209 next_so=1820.7049 (SO 2/4)
2026-07-29 07:30:42,393 [INFO] Single tick complete (GitHub Actions mode). State saved.
2026-07-29 10:17:32,218 [INFO] === CAPITAL RULES ===
2026-07-29 10:17:32,218 [INFO] Total capital: 1000.00 USDT
2026-07-29 10:17:32,219 [INFO] Per-deal budget: 30.00 USDT (3.0% of capital)
2026-07-29 10:17:32,219 [INFO] Base order: 3.29 USDT, up to 4 safety orders
2026-07-29 10:17:32,219 [INFO] Worst-case loss per deal: 3.60 USDT (0.36% of capital)
2026-07-29 10:17:32,219 [INFO] Max total exposure: 6.0% of capital
2026-07-29 10:17:32,403 [WARNING] Bybit price failed (You have breached the ip rate limit or your ip is from the usa. (ErrCode: 403) (ErrTime: 10:17:32).
Request → GET https://api.bybit.com/v5/market/tickers: category=spot&symbol=BTCUSDT.); trying Coinbase
2026-07-29 10:17:32,450 [INFO] BTCUSDT px=64585.8050 avg=64911.5994 tp=65885.2734 sl=57122.2074 next_so=61770.2458 (SO 2/4)
2026-07-29 10:17:32,455 [WARNING] Bybit price failed (You have breached the ip rate limit or your ip is from the usa. (ErrCode: 403) (ErrTime: 10:17:32).
Request → GET https://api.bybit.com/v5/market/tickers: category=spot&symbol=ETHUSDT.); trying Coinbase
2026-07-29 10:17:32,498 [INFO] ETHUSDT px=1917.6900 avg=1908.3191 tp=1936.9439 sl=1679.3209 next_so=1820.7049 (SO 2/4)
2026-07-29 10:17:32,498 [INFO] Single tick complete (GitHub Actions mode). State saved.
2026-07-29 12:28:19,115 [INFO] === CAPITAL RULES ===
2026-07-29 12:28:19,115 [INFO] Total capital: 1000.00 USDT
2026-07-29 12:28:19,115 [INFO] Per-deal budget: 30.00 USDT (3.0% of capital)
2026-07-29 12:28:19,115 [INFO] Base order: 3.29 USDT, up to 4 safety orders
2026-07-29 12:28:19,115 [INFO] Worst-case loss per deal: 3.60 USDT (0.36% of capital)
2026-07-29 12:28:19,115 [INFO] Max total exposure: 6.0% of capital
2026-07-29 12:28:19,309 [WARNING] Bybit price failed (You have breached the ip rate limit or your ip is from the usa. (ErrCode: 403) (ErrTime: 12:28:19).
Request → GET https://api.bybit.com/v5/market/tickers: category=spot&symbol=BTCUSDT.); trying Coinbase
2026-07-29 12:28:19,413 [INFO] BTCUSDT px=64284.5250 avg=64911.5994 tp=65885.2734 sl=57122.2074 next_so=61770.2458 (SO 2/4)
2026-07-29 12:28:19,427 [WARNING] Bybit price failed (You have breached the ip rate limit or your ip is from the usa. (ErrCode: 403) (ErrTime: 12:28:19).
Request → GET https://api.bybit.com/v5/market/tickers: category=spot&symbol=ETHUSDT.); trying Coinbase
2026-07-29 12:28:19,490 [INFO] ETHUSDT px=1904.7550 avg=1908.3191 tp=1936.9439 sl=1679.3209 next_so=1820.7049 (SO 2/4)
2026-07-29 12:28:19,491 [INFO] Single tick complete (GitHub Actions mode). State saved.
2026-07-29 14:52:14,510 [INFO] === CAPITAL RULES ===
2026-07-29 14:52:14,510 [INFO] Total capital: 1000.00 USDT
2026-07-29 14:52:14,510 [INFO] Per-deal budget: 30.00 USDT (3.0% of capital)
2026-07-29 14:52:14,510 [INFO] Base order: 3.29 USDT, up to 4 safety orders
2026-07-29 14:52:14,510 [INFO] Worst-case loss per deal: 3.60 USDT (0.36% of capital)
2026-07-29 14:52:14,510 [INFO] Max total exposure: 6.0% of capital
2026-07-29 14:52:14,638 [WARNING] Bybit price failed (You have breached the ip rate limit or your ip is from the usa. (ErrCode: 403) (ErrTime: 14:52:14).
Request → GET https://api.bybit.com/v5/market/tickers: category=spot&symbol=BTCUSDT.); trying Coinbase
2026-07-29 14:52:14,700 [INFO] BTCUSDT px=64041.6100 avg=64911.5994 tp=65885.2734 sl=57122.2074 next_so=61770.2458 (SO 2/4)
2026-07-29 14:52:14,708 [WARNING] Bybit price failed (You have breached the ip rate limit or your ip is from the usa. (ErrCode: 403) (ErrTime: 14:52:14).
Request → GET https://api.bybit.com/v5/market/tickers: category=spot&symbol=ETHUSDT.); trying Coinbase
2026-07-29 14:52:14,757 [INFO] ETHUSDT px=1893.5650 avg=1908.3191 tp=1936.9439 sl=1679.3209 next_so=1820.7049 (SO 2/4)
2026-07-29 14:52:14,758 [INFO] Single tick complete (GitHub Actions mode). State saved.
2026-07-29 16:18:54,652 [INFO] === CAPITAL RULES ===
2026-07-29 16:18:54,652 [INFO] Total capital: 1000.00 USDT
2026-07-29 16:18:54,652 [INFO] Per-deal budget: 30.00 USDT (3.0% of capital)
2026-07-29 16:18:54,652 [INFO] Base order: 3.29 USDT, up to 4 safety orders
2026-07-29 16:18:54,652 [INFO] Worst-case loss per deal: 3.60 USDT (0.36% of capital)
2026-07-29 16:18:54,652 [INFO] Max total exposure: 6.0% of capital
2026-07-29 16:18:54,761 [WARNING] Bybit price failed (You have breached the ip rate limit or your ip is from the usa. (ErrCode: 403) (ErrTime: 16:18:54).
Request → GET https://api.bybit.com/v5/market/tickers: category=spot&symbol=BTCUSDT.); trying Coinbase
2026-07-29 16:18:54,842 [INFO] BTCUSDT px=63830.7950 avg=64911.5994 tp=65885.2734 sl=57122.2074 next_so=61770.2458 (SO 2/4)
2026-07-29 16:18:54,847 [WARNING] Bybit price failed (You have breached the ip rate limit or your ip is from the usa. (ErrCode: 403) (ErrTime: 16:18:54).
Request → GET https://api.bybit.com/v5/market/tickers: category=spot&symbol=ETHUSDT.); trying Coinbase
2026-07-29 16:18:54,905 [INFO] ETHUSDT px=1888.2000 avg=1908.3191 tp=1936.9439 sl=1679.3209 next_so=1820.7049 (SO 2/4)
2026-07-29 16:18:54,905 [INFO] Single tick complete (GitHub Actions mode). State saved.
2026-07-29 17:46:44,543 [INFO] === CAPITAL RULES ===
2026-07-29 17:46:44,543 [INFO] Total capital: 1000.00 USDT
2026-07-29 17:46:44,543 [INFO] Per-deal budget: 30.00 USDT (3.0% of capital)
2026-07-29 17:46:44,543 [INFO] Base order: 3.29 USDT, up to 4 safety orders
2026-07-29 17:46:44,543 [INFO] Worst-case loss per deal: 3.60 USDT (0.36% of capital)
2026-07-29 17:46:44,543 [INFO] Max total exposure: 6.0% of capital
2026-07-29 17:46:44,641 [WARNING] Bybit price failed (You have breached the ip rate limit or your ip is from the usa. (ErrCode: 403) (ErrTime: 17:46:44).
Request → GET https://api.bybit.com/v5/market/tickers: category=spot&symbol=BTCUSDT.); trying Coinbase
2026-07-29 17:46:45,587 [INFO] BTCUSDT px=63879.8950 avg=64911.5994 tp=65885.2734 sl=57122.2074 next_so=61770.2458 (SO 2/4)
2026-07-29 17:46:45,591 [WARNING] Bybit price failed (You have breached the ip rate limit or your ip is from the usa. (ErrCode: 403) (ErrTime: 17:46:45).
Request → GET https://api.bybit.com/v5/market/tickers: category=spot&symbol=ETHUSDT.); trying Coinbase
2026-07-29 17:46:45,887 [INFO] ETHUSDT px=1899.3650 avg=1908.3191 tp=1936.9439 sl=1679.3209 next_so=1820.7049 (SO 2/4)
2026-07-29 17:46:45,887 [INFO] Single tick complete (GitHub Actions mode). State saved.
2026-07-29 19:10:27,071 [INFO] === CAPITAL RULES ===
2026-07-29 19:10:27,071 [INFO] Total capital: 1000.00 USDT
2026-07-29 19:10:27,071 [INFO] Per-deal budget: 30.00 USDT (3.0% of capital)
2026-07-29 19:10:27,072 [INFO] Base order: 3.29 USDT, up to 4 safety orders
2026-07-29 19:10:27,072 [INFO] Worst-case loss per deal: 3.60 USDT (0.36% of capital)
2026-07-29 19:10:27,072 [INFO] Max total exposure: 6.0% of capital
2026-07-29 19:10:27,274 [WARNING] Bybit price failed (You have breached the ip rate limit or your ip is from the usa. (ErrCode: 403) (ErrTime: 19:10:27).
Request → GET https://api.bybit.com/v5/market/tickers: category=spot&symbol=BTCUSDT.); trying Coinbase
2026-07-29 19:10:27,494 [INFO] BTCUSDT px=64131.2750 avg=64911.5994 tp=65885.2734 sl=57122.2074 next_so=61770.2458 (SO 2/4)
2026-07-29 19:10:27,508 [WARNING] Bybit price failed (You have breached the ip rate limit or your ip is from the usa. (ErrCode: 403) (ErrTime: 19:10:27).
Request → GET https://api.bybit.com/v5/market/tickers: category=spot&symbol=ETHUSDT.); trying Coinbase
2026-07-29 19:10:27,590 [INFO] ETHUSDT px=1907.6200 avg=1908.3191 tp=1936.9439 sl=1679.3209 next_so=1820.7049 (SO 2/4)
2026-07-29 19:10:27,590 [INFO] Single tick complete (GitHub Actions mode). State saved.
2026-07-29 20:17:23,274 [INFO] === CAPITAL RULES ===
2026-07-29 20:17:23,274 [INFO] Total capital: 1000.00 USDT
2026-07-29 20:17:23,275 [INFO] Per-deal budget: 30.00 USDT (3.0% of capital)
2026-07-29 20:17:23,275 [INFO] Base order: 3.29 USDT, up to 4 safety orders
2026-07-29 20:17:23,275 [INFO] Worst-case loss per deal: 3.60 USDT (0.36% of capital)
2026-07-29 20:17:23,275 [INFO] Max total exposure: 6.0% of capital
2026-07-29 20:17:23,352 [WARNING] Bybit price failed (You have breached the ip rate limit or your ip is from the usa. (ErrCode: 403) (ErrTime: 20:17:23).
Request → GET https://api.bybit.com/v5/market/tickers: category=spot&symbol=BTCUSDT.); trying Coinbase
2026-07-29 20:17:23,631 [INFO] BTCUSDT px=63602.6050 avg=64911.5994 tp=65885.2734 sl=57122.2074 next_so=61770.2458 (SO 2/4)
2026-07-29 20:17:23,634 [WARNING] Bybit price failed (You have breached the ip rate limit or your ip is from the usa. (ErrCode: 403) (ErrTime: 20:17:23).
Request → GET https://api.bybit.com/v5/market/tickers: category=spot&symbol=ETHUSDT.); trying Coinbase
2026-07-29 20:17:23,899 [INFO] ETHUSDT px=1887.8500 avg=1908.3191 tp=1936.9439 sl=1679.3209 next_so=1820.7049 (SO 2/4)
2026-07-29 20:17:23,899 [INFO] Single tick complete (GitHub Actions mode). State saved.
2026-07-29 21:25:42,947 [INFO] === CAPITAL RULES ===
2026-07-29 21:25:42,947 [INFO] Total capital: 1000.00 USDT
2026-07-29 21:25:42,947 [INFO] Per-deal budget: 30.00 USDT (3.0% of capital)
2026-07-29 21:25:42,947 [INFO] Base order: 3.29 USDT, up to 4 safety orders
2026-07-29 21:25:42,947 [INFO] Worst-case loss per deal: 3.60 USDT (0.36% of capital)
2026-07-29 21:25:42,947 [INFO] Max total exposure: 6.0% of capital
2026-07-29 21:25:43,055 [WARNING] Bybit price failed (You have breached the ip rate limit or your ip is from the usa. (ErrCode: 403) (ErrTime: 21:25:43).
Request → GET https://api.bybit.com/v5/market/tickers: category=spot&symbol=BTCUSDT.); trying Coinbase
2026-07-29 21:25:43,297 [INFO] BTCUSDT px=63417.0650 avg=64911.5994 tp=65885.2734 sl=57122.2074 next_so=61770.2458 (SO 2/4)
2026-07-29 21:25:43,302 [WARNING] Bybit price failed (You have breached the ip rate limit or your ip is from the usa. (ErrCode: 403) (ErrTime: 21:25:43).
Request → GET https://api.bybit.com/v5/market/tickers: category=spot&symbol=ETHUSDT.); trying Coinbase
2026-07-29 21:25:43,530 [INFO] ETHUSDT px=1884.4650 avg=1908.3191 tp=1936.9439 sl=1679.3209 next_so=1820.7049 (SO 2/4)
2026-07-29 21:25:43,531 [INFO] Single tick complete (GitHub Actions mode). State saved.
2026-07-29 22:28:25,087 [INFO] === CAPITAL RULES ===
2026-07-29 22:28:25,087 [INFO] Total capital: 1000.00 USDT
2026-07-29 22:28:25,087 [INFO] Per-deal budget: 30.00 USDT (3.0% of capital)
2026-07-29 22:28:25,087 [INFO] Base order: 3.29 USDT, up to 4 safety orders
2026-07-29 22:28:25,087 [INFO] Worst-case loss per deal: 3.60 USDT (0.36% of capital)
2026-07-29 22:28:25,087 [INFO] Max total exposure: 6.0% of capital
2026-07-29 22:28:29,074 [WARNING] Bybit price failed (You have breached the ip rate limit or your ip is from the usa. (ErrCode: 403) (ErrTime: 22:28:29).
Request → GET https://api.bybit.com/v5/market/tickers: category=spot&symbol=BTCUSDT.); trying Coinbase
2026-07-29 22:28:29,155 [INFO] BTCUSDT px=63955.7050 avg=64911.5994 tp=65885.2734 sl=57122.2074 next_so=61770.2458 (SO 2/4)
2026-07-29 22:28:29,160 [WARNING] Bybit price failed (You have breached the ip rate limit or your ip is from the usa. (ErrCode: 403) (ErrTime: 22:28:29).
Request → GET https://api.bybit.com/v5/market/tickers: category=spot&symbol=ETHUSDT.); trying Coinbase
2026-07-29 22:28:29,193 [INFO] ETHUSDT px=1906.5550 avg=1908.3191 tp=1936.9439 sl=1679.3209 next_so=1820.7049 (SO 2/4)
2026-07-29 22:28:29,193 [INFO] Single tick complete (GitHub Actions mode). State saved.
2026-07-29 23:32:27,220 [INFO] === CAPITAL RULES ===
2026-07-29 23:32:27,220 [INFO] Total capital: 1000.00 USDT
2026-07-29 23:32:27,220 [INFO] Per-deal budget: 30.00 USDT (3.0% of capital)
2026-07-29 23:32:27,220 [INFO] Base order: 3.29 USDT, up to 4 safety orders
2026-07-29 23:32:27,220 [INFO] Worst-case loss per deal: 3.60 USDT (0.36% of capital)
2026-07-29 23:32:27,220 [INFO] Max total exposure: 6.0% of capital
2026-07-29 23:32:27,398 [WARNING] Bybit price failed (You have breached the ip rate limit or your ip is from the usa. (ErrCode: 403) (ErrTime: 23:32:27).
Request → GET https://api.bybit.com/v5/market/tickers: category=spot&symbol=BTCUSDT.); trying Coinbase
2026-07-29 23:32:27,459 [INFO] BTCUSDT px=63943.7550 avg=64911.5994 tp=65885.2734 sl=57122.2074 next_so=61770.2458 (SO 2/4)
2026-07-29 23:32:27,467 [WARNING] Bybit price failed (You have breached the ip rate limit or your ip is from the usa. (ErrCode: 403) (ErrTime: 23:32:27).
Request → GET https://api.bybit.com/v5/market/tickers: category=spot&symbol=ETHUSDT.); trying Coinbase
2026-07-29 23:32:27,516 [INFO] ETHUSDT px=1907.3050 avg=1908.3191 tp=1936.9439 sl=1679.3209 next_so=1820.7049 (SO 2/4)
2026-07-29 23:32:27,516 [INFO] Single tick complete (GitHub Actions mode). State saved.
2026-07-30 01:01:29,018 [INFO] === CAPITAL RULES ===
2026-07-30 01:01:29,018 [INFO] Total capital: 1000.00 USDT
2026-07-30 01:01:29,018 [INFO] Per-deal budget: 30.00 USDT (3.0% of capital)
2026-07-30 01:01:29,018 [INFO] Base order: 3.29 USDT, up to 4 safety orders
2026-07-30 01:01:29,018 [INFO] Worst-case loss per deal: 3.60 USDT (0.36% of capital)
2026-07-30 01:01:29,018 [INFO] Max total exposure: 6.0% of capital
2026-07-30 01:01:29,141 [WARNING] Bybit price failed (You have breached the ip rate limit or your ip is from the usa. (ErrCode: 403) (ErrTime: 01:01:29).
Request → GET https://api.bybit.com/v5/market/tickers: category=spot&symbol=BTCUSDT.); trying Coinbase
2026-07-30 01:01:29,309 [INFO] BTCUSDT px=63607.2150 avg=64911.5994 tp=65885.2734 sl=57122.2074 next_so=61770.2458 (SO 2/4)
2026-07-30 01:01:29,312 [WARNING] Bybit price failed (You have breached the ip rate limit or your ip is from the usa. (ErrCode: 403) (ErrTime: 01:01:29).
Request → GET https://api.bybit.com/v5/market/tickers: category=spot&symbol=ETHUSDT.); trying Coinbase
2026-07-30 01:01:29,450 [INFO] ETHUSDT px=1895.4500 avg=1908.3191 tp=1936.9439 sl=1679.3209 next_so=1820.7049 (SO 2/4)
2026-07-30 01:01:29,451 [INFO] Single tick complete (GitHub Actions mode). State saved.
2026-07-30 04:19:05,015 [INFO] === CAPITAL RULES ===
2026-07-30 04:19:05,015 [INFO] Total capital: 1000.00 USDT
2026-07-30 04:19:05,015 [INFO] Per-deal budget: 30.00 USDT (3.0% of capital)
2026-07-30 04:19:05,015 [INFO] Base order: 3.29 USDT, up to 4 safety orders
2026-07-30 04:19:05,015 [INFO] Worst-case loss per deal: 3.60 USDT (0.36% of capital)
2026-07-30 04:19:05,015 [INFO] Max total exposure: 6.0% of capital
2026-07-30 04:19:05,151 [WARNING] Bybit price failed (You have breached the ip rate limit or your ip is from the usa. (ErrCode: 403) (ErrTime: 04:19:05).
Request → GET https://api.bybit.com/v5/market/tickers: category=spot&symbol=BTCUSDT.); trying Coinbase
2026-07-30 04:19:05,309 [INFO] BTCUSDT px=64019.4650 avg=64911.5994 tp=65885.2734 sl=57122.2074 next_so=61770.2458 (SO 2/4)
2026-07-30 04:19:05,315 [WARNING] Bybit price failed (You have breached the ip rate limit or your ip is from the usa. (ErrCode: 403) (ErrTime: 04:19:05).
Request → GET https://api.bybit.com/v5/market/tickers: category=spot&symbol=ETHUSDT.); trying Coinbase
2026-07-30 04:19:05,531 [INFO] ETHUSDT px=1903.6100 avg=1908.3191 tp=1936.9439 sl=1679.3209 next_so=1820.7049 (SO 2/4)
2026-07-30 04:19:05,531 [INFO] Single tick complete (GitHub Actions mode). State saved.
2026-07-30 07:10:03,432 [INFO] === CAPITAL RULES ===
2026-07-30 07:10:03,432 [INFO] Total capital: 1000.00 USDT
2026-07-30 07:10:03,432 [INFO] Per-deal budget: 30.00 USDT (3.0% of capital)
2026-07-30 07:10:03,432 [INFO] Base order: 3.29 USDT, up to 4 safety orders
2026-07-30 07:10:03,432 [INFO] Worst-case loss per deal: 3.60 USDT (0.36% of capital)
2026-07-30 07:10:03,432 [INFO] Max total exposure: 6.0% of capital
2026-07-30 07:10:03,531 [WARNING] Bybit price failed (You have breached the ip rate limit or your ip is from the usa. (ErrCode: 403) (ErrTime: 07:10:03).
Request → GET https://api.bybit.com/v5/market/tickers: category=spot&symbol=BTCUSDT.); trying Coinbase
2026-07-30 07:10:03,763 [INFO] BTCUSDT px=63959.6950 avg=64911.5994 tp=65885.2734 sl=57122.2074 next_so=61770.2458 (SO 2/4)
2026-07-30 07:10:03,767 [WARNING] Bybit price failed (You have breached the ip rate limit or your ip is from the usa. (ErrCode: 403) (ErrTime: 07:10:03).
Request → GET https://api.bybit.com/v5/market/tickers: category=spot&symbol=ETHUSDT.); trying Coinbase
2026-07-30 07:10:03,921 [INFO] ETHUSDT px=1901.4350 avg=1908.3191 tp=1936.9439 sl=1679.3209 next_so=1820.7049 (SO 2/4)
2026-07-30 07:10:03,922 [INFO] Single tick complete (GitHub Actions mode). State saved.
2026-07-30 09:41:00,053 [INFO] === CAPITAL RULES ===
2026-07-30 09:41:00,053 [INFO] Total capital: 1000.00 USDT
2026-07-30 09:41:00,053 [INFO] Per-deal budget: 30.00 USDT (3.0% of capital)
2026-07-30 09:41:00,053 [INFO] Base order: 3.29 USDT, up to 4 safety orders
2026-07-30 09:41:00,053 [INFO] Worst-case loss per deal: 3.60 USDT (0.36% of capital)
2026-07-30 09:41:00,053 [INFO] Max total exposure: 6.0% of capital
2026-07-30 09:41:00,158 [WARNING] Bybit price failed (You have breached the ip rate limit or your ip is from the usa. (ErrCode: 403) (ErrTime: 09:41:00).
Request → GET https://api.bybit.com/v5/market/tickers: category=spot&symbol=BTCUSDT.); trying Coinbase
2026-07-30 09:41:00,205 [INFO] BTCUSDT px=64474.7750 avg=64911.5994 tp=65885.2734 sl=57122.2074 next_so=61770.2458 (SO 2/4)
2026-07-30 09:41:00,208 [WARNING] Bybit price failed (You have breached the ip rate limit or your ip is from the usa. (ErrCode: 403) (ErrTime: 09:41:00).
Request → GET https://api.bybit.com/v5/market/tickers: category=spot&symbol=ETHUSDT.); trying Coinbase
2026-07-30 09:41:00,240 [INFO] ETHUSDT px=1917.1500 avg=1908.3191 tp=1936.9439 sl=1679.3209 next_so=1820.7049 (SO 2/4)
2026-07-30 09:41:00,240 [INFO] Single tick complete (GitHub Actions mode). State saved.
2026-07-30 11:32:46,770 [INFO] === CAPITAL RULES ===
2026-07-30 11:32:46,770 [INFO] Total capital: 1000.00 USDT
2026-07-30 11:32:46,770 [INFO] Per-deal budget: 30.00 USDT (3.0% of capital)
2026-07-30 11:32:46,770 [INFO] Base order: 3.29 USDT, up to 4 safety orders
2026-07-30 11:32:46,770 [INFO] Worst-case loss per deal: 3.60 USDT (0.36% of capital)
2026-07-30 11:32:46,771 [INFO] Max total exposure: 6.0% of capital
2026-07-30 11:32:46,940 [WARNING] Bybit price failed (You have breached the ip rate limit or your ip is from the usa. (ErrCode: 403) (ErrTime: 11:32:46).
Request → GET https://api.bybit.com/v5/market/tickers: category=spot&symbol=BTCUSDT.); trying Coinbase
2026-07-30 11:32:47,085 [INFO] BTCUSDT px=64496.3950 avg=64911.5994 tp=65885.2734 sl=57122.2074 next_so=61770.2458 (SO 2/4)
2026-07-30 11:32:47,089 [WARNING] Bybit price failed (You have breached the ip rate limit or your ip is from the usa. (ErrCode: 403) (ErrTime: 11:32:47).
Request → GET https://api.bybit.com/v5/market/tickers: category=spot&symbol=ETHUSDT.); trying Coinbase
2026-07-30 11:32:47,126 [INFO] ETHUSDT px=1917.5950 avg=1908.3191 tp=1936.9439 sl=1679.3209 next_so=1820.7049 (SO 2/4)
2026-07-30 11:32:47,126 [INFO] Single tick complete (GitHub Actions mode). State saved.
2026-07-30 13:14:14,476 [INFO] === CAPITAL RULES ===
2026-07-30 13:14:14,476 [INFO] Total capital: 1000.00 USDT
2026-07-30 13:14:14,476 [INFO] Per-deal budget: 30.00 USDT (3.0% of capital)
2026-07-30 13:14:14,476 [INFO] Base order: 3.29 USDT, up to 4 safety orders
2026-07-30 13:14:14,476 [INFO] Worst-case loss per deal: 3.60 USDT (0.36% of capital)
2026-07-30 13:14:14,476 [INFO] Max total exposure: 6.0% of capital
2026-07-30 13:14:14,678 [WARNING] Bybit price failed (You have breached the ip rate limit or your ip is from the usa. (ErrCode: 403) (ErrTime: 13:14:14).
Request → GET https://api.bybit.com/v5/market/tickers: category=spot&symbol=BTCUSDT.); trying Coinbase
2026-07-30 13:14:14,737 [INFO] BTCUSDT px=64793.2450 avg=64911.5994 tp=65885.2734 sl=57122.2074 next_so=61770.2458 (SO 2/4)
2026-07-30 13:14:14,745 [WARNING] Bybit price failed (You have breached the ip rate limit or your ip is from the usa. (ErrCode: 403) (ErrTime: 13:14:14).
Request → GET https://api.bybit.com/v5/market/tickers: category=spot&symbol=ETHUSDT.); trying Coinbase
2026-07-30 13:14:14,797 [INFO] ETHUSDT px=1924.5350 avg=1908.3191 tp=1936.9439 sl=1679.3209 next_so=1820.7049 (SO 2/4)
2026-07-30 13:14:14,797 [INFO] Single tick complete (GitHub Actions mode). State saved.
2026-07-30 15:24:44,293 [INFO] === CAPITAL RULES ===
2026-07-30 15:24:44,293 [INFO] Total capital: 1000.00 USDT
2026-07-30 15:24:44,293 [INFO] Per-deal budget: 30.00 USDT (3.0% of capital)
2026-07-30 15:24:44,293 [INFO] Base order: 3.29 USDT, up to 4 safety orders
2026-07-30 15:24:44,293 [INFO] Worst-case loss per deal: 3.60 USDT (0.36% of capital)
2026-07-30 15:24:44,293 [INFO] Max total exposure: 6.0% of capital
2026-07-30 15:24:44,435 [WARNING] Bybit price failed (You have breached the ip rate limit or your ip is from the usa. (ErrCode: 403) (ErrTime: 15:24:44).
Request → GET https://api.bybit.com/v5/market/tickers: category=spot&symbol=BTCUSDT.); trying Coinbase
2026-07-30 15:24:44,526 [INFO] BTCUSDT px=64727.2050 avg=64911.5994 tp=65885.2734 sl=57122.2074 next_so=61770.2458 (SO 2/4)
2026-07-30 15:24:44,537 [WARNING] Bybit price failed (You have breached the ip rate limit or your ip is from the usa. (ErrCode: 403) (ErrTime: 15:24:44).
Request → GET https://api.bybit.com/v5/market/tickers: category=spot&symbol=ETHUSDT.); trying Coinbase
2026-07-30 15:24:44,573 [INFO] ETHUSDT px=1918.4050 avg=1908.3191 tp=1936.9439 sl=1679.3209 next_so=1820.7049 (SO 2/4)
2026-07-30 15:24:44,573 [INFO] Single tick complete (GitHub Actions mode). State saved.
2026-07-30 16:58:46,588 [INFO] === CAPITAL RULES ===
2026-07-30 16:58:46,588 [INFO] Total capital: 1000.00 USDT
2026-07-30 16:58:46,588 [INFO] Per-deal budget: 30.00 USDT (3.0% of capital)
2026-07-30 16:58:46,588 [INFO] Base order: 3.29 USDT, up to 4 safety orders
2026-07-30 16:58:46,588 [INFO] Worst-case loss per deal: 3.60 USDT (0.36% of capital)
2026-07-30 16:58:46,588 [INFO] Max total exposure: 6.0% of capital
2026-07-30 16:58:46,675 [WARNING] Bybit price failed (You have breached the ip rate limit or your ip is from the usa. (ErrCode: 403) (ErrTime: 16:58:46).
Request → GET https://api.bybit.com/v5/market/tickers: category=spot&symbol=BTCUSDT.); trying Coinbase
2026-07-30 16:58:46,945 [INFO] BTCUSDT px=64759.0150 avg=64911.5994 tp=65885.2734 sl=57122.2074 next_so=61770.2458 (SO 2/4)
2026-07-30 16:58:46,948 [WARNING] Bybit price failed (You have breached the ip rate limit or your ip is from the usa. (ErrCode: 403) (ErrTime: 16:58:46).
Request → GET https://api.bybit.com/v5/market/tickers: category=spot&symbol=ETHUSDT.); trying Coinbase
2026-07-30 16:58:47,159 [INFO] ETHUSDT px=1917.5650 avg=1908.3191 tp=1936.9439 sl=1679.3209 next_so=1820.7049 (SO 2/4)
2026-07-30 16:58:47,159 [INFO] Single tick complete (GitHub Actions mode). State saved.
2026-07-30 18:21:51,681 [INFO] === CAPITAL RULES ===
2026-07-30 18:21:51,681 [INFO] Total capital: 1000.00 USDT
2026-07-30 18:21:51,682 [INFO] Per-deal budget: 30.00 USDT (3.0% of capital)
2026-07-30 18:21:51,682 [INFO] Base order: 3.29 USDT, up to 4 safety orders
2026-07-30 18:21:51,682 [INFO] Worst-case loss per deal: 3.60 USDT (0.36% of capital)
2026-07-30 18:21:51,682 [INFO] Max total exposure: 6.0% of capital
2026-07-30 18:21:51,839 [WARNING] Bybit price failed (You have breached the ip rate limit or your ip is from the usa. (ErrCode: 403) (ErrTime: 18:21:51).
Request → GET https://api.bybit.com/v5/market/tickers: category=spot&symbol=BTCUSDT.); trying Coinbase
2026-07-30 18:21:51,884 [INFO] BTCUSDT px=64717.1150 avg=64911.5994 tp=65885.2734 sl=57122.2074 next_so=61770.2458 (SO 2/4)
2026-07-30 18:21:51,889 [WARNING] Bybit price failed (You have breached the ip rate limit or your ip is from the usa. (ErrCode: 403) (ErrTime: 18:21:51).
Request → GET https://api.bybit.com/v5/market/tickers: category=spot&symbol=ETHUSDT.); trying Coinbase
2026-07-30 18:21:51,933 [INFO] ETHUSDT px=1917.7900 avg=1908.3191 tp=1936.9439 sl=1679.3209 next_so=1820.7049 (SO 2/4)
2026-07-30 18:21:51,933 [INFO] Single tick complete (GitHub Actions mode). State saved.
2026-07-30 20:00:42,045 [INFO] === CAPITAL RULES ===
2026-07-30 20:00:42,045 [INFO] Total capital: 1000.00 USDT
2026-07-30 20:00:42,045 [INFO] Per-deal budget: 30.00 USDT (3.0% of capital)
2026-07-30 20:00:42,045 [INFO] Base order: 3.29 USDT, up to 4 safety orders
2026-07-30 20:00:42,045 [INFO] Worst-case loss per deal: 3.60 USDT (0.36% of capital)
2026-07-30 20:00:42,046 [INFO] Max total exposure: 6.0% of capital
2026-07-30 20:00:42,150 [WARNING] Bybit price failed (You have breached the ip rate limit or your ip is from the usa. (ErrCode: 403) (ErrTime: 20:00:42).
Request → GET https://api.bybit.com/v5/market/tickers: category=spot&symbol=BTCUSDT.); trying Coinbase
2026-07-30 20:00:42,232 [INFO] BTCUSDT px=64725.8050 avg=64911.5994 tp=65885.2734 sl=57122.2074 next_so=61770.2458 (SO 2/4)
2026-07-30 20:00:42,237 [WARNING] Bybit price failed (You have breached the ip rate limit or your ip is from the usa. (ErrCode: 403) (ErrTime: 20:00:42).
Request → GET https://api.bybit.com/v5/market/tickers: category=spot&symbol=ETHUSDT.); trying Coinbase
2026-07-30 20:00:42,308 [INFO] ETHUSDT px=1921.5500 avg=1908.3191 tp=1936.9439 sl=1679.3209 next_so=1820.7049 (SO 2/4)
2026-07-30 20:00:42,308 [INFO] Single tick complete (GitHub Actions mode). State saved.
2026-07-30 21:30:48,587 [INFO] === CAPITAL RULES ===
2026-07-30 21:30:48,587 [INFO] Total capital: 1000.00 USDT
2026-07-30 21:30:48,588 [INFO] Per-deal budget: 30.00 USDT (3.0% of capital)
2026-07-30 21:30:48,588 [INFO] Base order: 3.29 USDT, up to 4 safety orders
2026-07-30 21:30:48,588 [INFO] Worst-case loss per deal: 3.60 USDT (0.36% of capital)
2026-07-30 21:30:48,588 [INFO] Max total exposure: 6.0% of capital
2026-07-30 21:30:48,830 [WARNING] Bybit price failed (You have breached the ip rate limit or your ip is from the usa. (ErrCode: 403) (ErrTime: 21:30:48).
Request → GET https://api.bybit.com/v5/market/tickers: category=spot&symbol=BTCUSDT.); trying Coinbase
2026-07-30 21:30:48,978 [INFO] BTCUSDT px=64684.0250 avg=64911.5994 tp=65885.2734 sl=57122.2074 next_so=61770.2458 (SO 2/4)
2026-07-30 21:30:48,992 [WARNING] Bybit price failed (You have breached the ip rate limit or your ip is from the usa. (ErrCode: 403) (ErrTime: 21:30:48).
Request → GET https://api.bybit.com/v5/market/tickers: category=spot&symbol=ETHUSDT.); trying Coinbase
2026-07-30 21:30:49,084 [INFO] ETHUSDT px=1920.4950 avg=1908.3191 tp=1936.9439 sl=1679.3209 next_so=1820.7049 (SO 2/4)
2026-07-30 21:30:49,084 [INFO] Single tick complete (GitHub Actions mode). State saved.
2026-07-30 22:46:00,406 [INFO] === CAPITAL RULES ===
2026-07-30 22:46:00,406 [INFO] Total capital: 1000.00 USDT
2026-07-30 22:46:00,406 [INFO] Per-deal budget: 30.00 USDT (3.0% of capital)
2026-07-30 22:46:00,406 [INFO] Base order: 3.29 USDT, up to 4 safety orders
2026-07-30 22:46:00,406 [INFO] Worst-case loss per deal: 3.60 USDT (0.36% of capital)
2026-07-30 22:46:00,406 [INFO] Max total exposure: 6.0% of capital
2026-07-30 22:46:00,526 [WARNING] Bybit price failed (You have breached the ip rate limit or your ip is from the usa. (ErrCode: 403) (ErrTime: 22:46:00).
Request → GET https://api.bybit.com/v5/market/tickers: category=spot&symbol=BTCUSDT.); trying Coinbase
2026-07-30 22:46:00,748 [INFO] BTCUSDT px=64861.5250 avg=64911.5994 tp=65885.2734 sl=57122.2074 next_so=61770.2458 (SO 2/4)
2026-07-30 22:46:00,764 [WARNING] Bybit price failed (You have breached the ip rate limit or your ip is from the usa. (ErrCode: 403) (ErrTime: 22:46:00).
Request → GET https://api.bybit.com/v5/market/tickers: category=spot&symbol=ETHUSDT.); trying Coinbase
2026-07-30 22:46:00,852 [INFO] ETHUSDT px=1928.5950 avg=1908.3191 tp=1936.9439 sl=1679.3209 next_so=1820.7049 (SO 2/4)
2026-07-30 22:46:00,852 [INFO] Single tick complete (GitHub Actions mode). State saved.
2026-07-30 23:59:00,142 [INFO] === CAPITAL RULES ===
2026-07-30 23:59:00,142 [INFO] Total capital: 1000.00 USDT
2026-07-30 23:59:00,142 [INFO] Per-deal budget: 30.00 USDT (3.0% of capital)
2026-07-30 23:59:00,143 [INFO] Base order: 3.29 USDT, up to 4 safety orders
2026-07-30 23:59:00,143 [INFO] Worst-case loss per deal: 3.60 USDT (0.36% of capital)
2026-07-30 23:59:00,143 [INFO] Max total exposure: 6.0% of capital
2026-07-30 23:59:00,229 [WARNING] Bybit price failed (You have breached the ip rate limit or your ip is from the usa. (ErrCode: 403) (ErrTime: 23:59:00).
Request → GET https://api.bybit.com/v5/market/tickers: category=spot&symbol=BTCUSDT.); trying Coinbase
2026-07-30 23:59:00,282 [INFO] BTCUSDT px=64723.7450 avg=64911.5994 tp=65885.2734 sl=57122.2074 next_so=61770.2458 (SO 2/4)
2026-07-30 23:59:00,287 [WARNING] Bybit price failed (You have breached the ip rate limit or your ip is from the usa. (ErrCode: 403) (ErrTime: 23:59:00).
Request → GET https://api.bybit.com/v5/market/tickers: category=spot&symbol=ETHUSDT.); trying Coinbase
2026-07-30 23:59:00,326 [INFO] ETHUSDT px=1916.9700 avg=1908.3191 tp=1936.9439 sl=1679.3209 next_so=1820.7049 (SO 2/4)
2026-07-30 23:59:00,326 [INFO] Single tick complete (GitHub Actions mode). State saved.
2026-07-31 03:37:17,565 [INFO] === CAPITAL RULES ===
2026-07-31 03:37:17,566 [INFO] Total capital: 1000.00 USDT
2026-07-31 03:37:17,566 [INFO] Per-deal budget: 30.00 USDT (3.0% of capital)
2026-07-31 03:37:17,566 [INFO] Base order: 3.29 USDT, up to 4 safety orders
2026-07-31 03:37:17,566 [INFO] Worst-case loss per deal: 3.60 USDT (0.36% of capital)
2026-07-31 03:37:17,566 [INFO] Max total exposure: 6.0% of capital
2026-07-31 03:37:17,651 [WARNING] Bybit price failed (You have breached the ip rate limit or your ip is from the usa. (ErrCode: 403) (ErrTime: 03:37:17).
Request → GET https://api.bybit.com/v5/market/tickers: category=spot&symbol=BTCUSDT.); trying Coinbase
2026-07-31 03:37:17,776 [INFO] BTCUSDT px=64300.4450 avg=64911.5994 tp=65885.2734 sl=57122.2074 next_so=61770.2458 (SO 2/4)
2026-07-31 03:37:17,780 [WARNING] Bybit price failed (You have breached the ip rate limit or your ip is from the usa. (ErrCode: 403) (ErrTime: 03:37:17).
Request → GET https://api.bybit.com/v5/market/tickers: category=spot&symbol=ETHUSDT.); trying Coinbase
2026-07-31 03:37:17,815 [INFO] ETHUSDT px=1905.4650 avg=1908.3191 tp=1936.9439 sl=1679.3209 next_so=1820.7049 (SO 2/4)
2026-07-31 03:37:17,816 [INFO] Single tick complete (GitHub Actions mode). State saved.
2026-07-31 06:32:28,990 [INFO] === CAPITAL RULES ===
2026-07-31 06:32:28,990 [INFO] Total capital: 1000.00 USDT
2026-07-31 06:32:28,990 [INFO] Per-deal budget: 30.00 USDT (3.0% of capital)
2026-07-31 06:32:28,990 [INFO] Base order: 3.29 USDT, up to 4 safety orders
2026-07-31 06:32:28,990 [INFO] Worst-case loss per deal: 3.60 USDT (0.36% of capital)
2026-07-31 06:32:28,990 [INFO] Max total exposure: 6.0% of capital
2026-07-31 06:32:29,077 [WARNING] Bybit price failed (You have breached the ip rate limit or your ip is from the usa. (ErrCode: 403) (ErrTime: 06:32:29).
Request → GET https://api.bybit.com/v5/market/tickers: category=spot&symbol=BTCUSDT.); trying Coinbase
2026-07-31 06:32:29,198 [INFO] BTCUSDT px=64384.5850 avg=64911.5994 tp=65885.2734 sl=57122.2074 next_so=61770.2458 (SO 2/4)
2026-07-31 06:32:29,202 [WARNING] Bybit price failed (You have breached the ip rate limit or your ip is from the usa. (ErrCode: 403) (ErrTime: 06:32:29).
Request → GET https://api.bybit.com/v5/market/tickers: category=spot&symbol=ETHUSDT.); trying Coinbase
2026-07-31 06:32:29,243 [INFO] ETHUSDT px=1907.1700 avg=1908.3191 tp=1936.9439 sl=1679.3209 next_so=1820.7049 (SO 2/4)
2026-07-31 06:32:29,243 [INFO] Single tick complete (GitHub Actions mode). State saved.
2026-07-31 09:32:11,062 [INFO] === CAPITAL RULES ===
2026-07-31 09:32:11,063 [INFO] Total capital: 1000.00 USDT
2026-07-31 09:32:11,063 [INFO] Per-deal budget: 30.00 USDT (3.0% of capital)
2026-07-31 09:32:11,063 [INFO] Base order: 3.29 USDT, up to 4 safety orders
2026-07-31 09:32:11,063 [INFO] Worst-case loss per deal: 3.60 USDT (0.36% of capital)
2026-07-31 09:32:11,063 [INFO] Max total exposure: 6.0% of capital
2026-07-31 09:32:11,161 [WARNING] Bybit price failed (You have breached the ip rate limit or your ip is from the usa. (ErrCode: 403) (ErrTime: 09:32:11).
Request → GET https://api.bybit.com/v5/market/tickers: category=spot&symbol=BTCUSDT.); trying Coinbase
2026-07-31 09:32:11,206 [INFO] BTCUSDT px=63585.0050 avg=64911.5994 tp=65885.2734 sl=57122.2074 next_so=61770.2458 (SO 2/4)
2026-07-31 09:32:11,210 [WARNING] Bybit price failed (You have breached the ip rate limit or your ip is from the usa. (ErrCode: 403) (ErrTime: 09:32:11).
Request → GET https://api.bybit.com/v5/market/tickers: category=spot&symbol=ETHUSDT.); trying Coinbase
2026-07-31 09:32:11,247 [INFO] ETHUSDT px=1880.9800 avg=1908.3191 tp=1936.9439 sl=1679.3209 next_so=1820.7049 (SO 2/4)
2026-07-31 09:32:11,248 [INFO] Single tick complete (GitHub Actions mode). State saved.
2026-07-31 11:47:23,433 [INFO] === CAPITAL RULES ===
2026-07-31 11:47:23,433 [INFO] Total capital: 1000.00 USDT
2026-07-31 11:47:23,433 [INFO] Per-deal budget: 30.00 USDT (3.0% of capital)
2026-07-31 11:47:23,433 [INFO] Base order: 3.29 USDT, up to 4 safety orders
2026-07-31 11:47:23,433 [INFO] Worst-case loss per deal: 3.60 USDT (0.36% of capital)
2026-07-31 11:47:23,433 [INFO] Max total exposure: 6.0% of capital
2026-07-31 11:47:23,657 [WARNING] Bybit price failed (You have breached the ip rate limit or your ip is from the usa. (ErrCode: 403) (ErrTime: 11:47:23).
Request → GET https://api.bybit.com/v5/market/tickers: category=spot&symbol=BTCUSDT.); trying Coinbase
2026-07-31 11:47:23,710 [INFO] BTCUSDT px=63770.8850 avg=64911.5994 tp=65885.2734 sl=57122.2074 next_so=61770.2458 (SO 2/4)
2026-07-31 11:47:23,714 [WARNING] Bybit price failed (You have breached the ip rate limit or your ip is from the usa. (ErrCode: 403) (ErrTime: 11:47:23).
Request → GET https://api.bybit.com/v5/market/tickers: category=spot&symbol=ETHUSDT.); trying Coinbase
2026-07-31 11:47:23,757 [INFO] ETHUSDT px=1881.8350 avg=1908.3191 tp=1936.9439 sl=1679.3209 next_so=1820.7049 (SO 2/4)
2026-07-31 11:47:23,757 [INFO] Single tick complete (GitHub Actions mode). State saved.
2026-07-31 13:57:42,228 [INFO] === CAPITAL RULES ===
2026-07-31 13:57:42,228 [INFO] Total capital: 1000.00 USDT
2026-07-31 13:57:42,228 [INFO] Per-deal budget: 30.00 USDT (3.0% of capital)
2026-07-31 13:57:42,228 [INFO] Base order: 3.29 USDT, up to 4 safety orders
2026-07-31 13:57:42,228 [INFO] Worst-case loss per deal: 3.60 USDT (0.36% of capital)
2026-07-31 13:57:42,228 [INFO] Max total exposure: 6.0% of capital
2026-07-31 13:57:42,408 [WARNING] Bybit price failed (You have breached the ip rate limit or your ip is from the usa. (ErrCode: 403) (ErrTime: 13:57:42).
Request → GET https://api.bybit.com/v5/market/tickers: category=spot&symbol=BTCUSDT.); trying Coinbase
2026-07-31 13:57:42,606 [INFO] BTCUSDT px=63251.2750 avg=64911.5994 tp=65885.2734 sl=57122.2074 next_so=61770.2458 (SO 2/4)
2026-07-31 13:57:42,613 [WARNING] Bybit price failed (You have breached the ip rate limit or your ip is from the usa. (ErrCode: 403) (ErrTime: 13:57:42).
Request → GET https://api.bybit.com/v5/market/tickers: category=spot&symbol=ETHUSDT.); trying Coinbase
2026-07-31 13:57:42,749 [INFO] ETHUSDT px=1867.3500 avg=1908.3191 tp=1936.9439 sl=1679.3209 next_so=1820.7049 (SO 2/4)
2026-07-31 13:57:42,749 [INFO] Single tick complete (GitHub Actions mode). State saved.
2026-07-31 16:02:24,946 [INFO] === CAPITAL RULES ===
2026-07-31 16:02:24,946 [INFO] Total capital: 1000.00 USDT
2026-07-31 16:02:24,946 [INFO] Per-deal budget: 30.00 USDT (3.0% of capital)
2026-07-31 16:02:24,946 [INFO] Base order: 3.29 USDT, up to 4 safety orders
2026-07-31 16:02:24,946 [INFO] Worst-case loss per deal: 3.60 USDT (0.36% of capital)
2026-07-31 16:02:24,946 [INFO] Max total exposure: 6.0% of capital
2026-07-31 16:02:25,073 [WARNING] Bybit price failed (You have breached the ip rate limit or your ip is from the usa. (ErrCode: 403) (ErrTime: 16:02:25).
Request → GET https://api.bybit.com/v5/market/tickers: category=spot&symbol=BTCUSDT.); trying Coinbase
2026-07-31 16:02:25,207 [INFO] BTCUSDT px=62716.3550 avg=64911.5994 tp=65885.2734 sl=57122.2074 next_so=61770.2458 (SO 2/4)
2026-07-31 16:02:25,211 [WARNING] Bybit price failed (You have breached the ip rate limit or your ip is from the usa. (ErrCode: 403) (ErrTime: 16:02:25).
Request → GET https://api.bybit.com/v5/market/tickers: category=spot&symbol=ETHUSDT.); trying Coinbase
2026-07-31 16:02:25,257 [INFO] ETHUSDT px=1862.1950 avg=1908.3191 tp=1936.9439 sl=1679.3209 next_so=1820.7049 (SO 2/4)
2026-07-31 16:02:25,257 [INFO] Single tick complete (GitHub Actions mode). State saved.
2026-07-31 17:51:18,055 [INFO] === CAPITAL RULES ===
2026-07-31 17:51:18,055 [INFO] Total capital: 1000.00 USDT
2026-07-31 17:51:18,055 [INFO] Per-deal budget: 30.00 USDT (3.0% of capital)
2026-07-31 17:51:18,055 [INFO] Base order: 3.29 USDT, up to 4 safety orders
2026-07-31 17:51:18,055 [INFO] Worst-case loss per deal: 3.60 USDT (0.36% of capital)
2026-07-31 17:51:18,055 [INFO] Max total exposure: 6.0% of capital
2026-07-31 17:51:18,161 [WARNING] Bybit price failed (You have breached the ip rate limit or your ip is from the usa. (ErrCode: 403) (ErrTime: 17:51:18).
Request → GET https://api.bybit.com/v5/market/tickers: category=spot&symbol=BTCUSDT.); trying Coinbase
2026-07-31 17:51:18,222 [INFO] BTCUSDT px=63088.4950 avg=64911.5994 tp=65885.2734 sl=57122.2074 next_so=61770.2458 (SO 2/4)
2026-07-31 17:51:18,229 [WARNING] Bybit price failed (You have breached the ip rate limit or your ip is from the usa. (ErrCode: 403) (ErrTime: 17:51:18).
Request → GET https://api.bybit.com/v5/market/tickers: category=spot&symbol=ETHUSDT.); trying Coinbase
2026-07-31 17:51:18,289 [INFO] ETHUSDT px=1874.2350 avg=1908.3191 tp=1936.9439 sl=1679.3209 next_so=1820.7049 (SO 2/4)
2026-07-31 17:51:18,289 [INFO] Single tick complete (GitHub Actions mode). State saved.
2026-07-31 19:19:56,377 [INFO] === CAPITAL RULES ===
2026-07-31 19:19:56,377 [INFO] Total capital: 1000.00 USDT
2026-07-31 19:19:56,377 [INFO] Per-deal budget: 30.00 USDT (3.0% of capital)
2026-07-31 19:19:56,377 [INFO] Base order: 3.29 USDT, up to 4 safety orders
2026-07-31 19:19:56,377 [INFO] Worst-case loss per deal: 3.60 USDT (0.36% of capital)
2026-07-31 19:19:56,377 [INFO] Max total exposure: 6.0% of capital
2026-07-31 19:20:00,892 [WARNING] Bybit price failed (You have breached the ip rate limit or your ip is from the usa. (ErrCode: 403) (ErrTime: 19:20:00).
Request → GET https://api.bybit.com/v5/market/tickers: category=spot&symbol=BTCUSDT.); trying Coinbase
2026-07-31 19:20:00,944 [INFO] BTCUSDT px=62981.0250 avg=64911.5994 tp=65885.2734 sl=57122.2074 next_so=61770.2458 (SO 2/4)
2026-07-31 19:20:00,948 [WARNING] Bybit price failed (You have breached the ip rate limit or your ip is from the usa. (ErrCode: 403) (ErrTime: 19:20:00).
Request → GET https://api.bybit.com/v5/market/tickers: category=spot&symbol=ETHUSDT.); trying Coinbase
2026-07-31 19:20:01,040 [INFO] ETHUSDT px=1867.9150 avg=1908.3191 tp=1936.9439 sl=1679.3209 next_so=1820.7049 (SO 2/4)
2026-07-31 19:20:01,040 [INFO] Single tick complete (GitHub Actions mode). State saved.
2026-07-31 20:41:10,712 [INFO] === CAPITAL RULES ===
2026-07-31 20:41:10,712 [INFO] Total capital: 1000.00 USDT
2026-07-31 20:41:10,712 [INFO] Per-deal budget: 30.00 USDT (3.0% of capital)
2026-07-31 20:41:10,712 [INFO] Base order: 3.29 USDT, up to 4 safety orders
2026-07-31 20:41:10,713 [INFO] Worst-case loss per deal: 3.60 USDT (0.36% of capital)
2026-07-31 20:41:10,713 [INFO] Max total exposure: 6.0% of capital
2026-07-31 20:41:10,953 [WARNING] Bybit price failed (You have breached the ip rate limit or your ip is from the usa. (ErrCode: 403) (ErrTime: 20:41:10).
Request → GET https://api.bybit.com/v5/market/tickers: category=spot&symbol=BTCUSDT.); trying Coinbase
2026-07-31 20:41:11,017 [INFO] BTCUSDT px=62922.1250 avg=64911.5994 tp=65885.2734 sl=57122.2074 next_so=61770.2458 (SO 2/4)
2026-07-31 20:41:11,025 [WARNING] Bybit price failed (You have breached the ip rate limit or your ip is from the usa. (ErrCode: 403) (ErrTime: 20:41:11).
Request → GET https://api.bybit.com/v5/market/tickers: category=spot&symbol=ETHUSDT.); trying Coinbase
2026-07-31 20:41:11,076 [INFO] ETHUSDT px=1863.8850 avg=1908.3191 tp=1936.9439 sl=1679.3209 next_so=1820.7049 (SO 2/4)
2026-07-31 20:41:11,076 [INFO] Single tick complete (GitHub Actions mode). State saved.
2026-07-31 21:45:51,293 [INFO] === CAPITAL RULES ===
2026-07-31 21:45:51,293 [INFO] Total capital: 1000.00 USDT
2026-07-31 21:45:51,294 [INFO] Per-deal budget: 30.00 USDT (3.0% of capital)
2026-07-31 21:45:51,294 [INFO] Base order: 3.29 USDT, up to 4 safety orders
2026-07-31 21:45:51,294 [INFO] Worst-case loss per deal: 3.60 USDT (0.36% of capital)
2026-07-31 21:45:51,294 [INFO] Max total exposure: 6.0% of capital
2026-07-31 21:45:51,412 [WARNING] Bybit price failed (You have breached the ip rate limit or your ip is from the usa. (ErrCode: 403) (ErrTime: 21:45:51).
Request → GET https://api.bybit.com/v5/market/tickers: category=spot&symbol=BTCUSDT.); trying Coinbase
2026-07-31 21:45:51,568 [INFO] BTCUSDT px=62981.0950 avg=64911.5994 tp=65885.2734 sl=57122.2074 next_so=61770.2458 (SO 2/4)
2026-07-31 21:45:51,574 [WARNING] Bybit price failed (You have breached the ip rate limit or your ip is from the usa. (ErrCode: 403) (ErrTime: 21:45:51).
Request → GET https://api.bybit.com/v5/market/tickers: category=spot&symbol=ETHUSDT.); trying Coinbase
2026-07-31 21:45:51,620 [INFO] ETHUSDT px=1861.2450 avg=1908.3191 tp=1936.9439 sl=1679.3209 next_so=1820.7049 (SO 2/4)
2026-07-31 21:45:51,620 [INFO] Single tick complete (GitHub Actions mode). State saved.
2026-07-31 22:56:59,608 [INFO] === CAPITAL RULES ===
2026-07-31 22:56:59,608 [INFO] Total capital: 1000.00 USDT
2026-07-31 22:56:59,608 [INFO] Per-deal budget: 30.00 USDT (3.0% of capital)
2026-07-31 22:56:59,608 [INFO] Base order: 3.29 USDT, up to 4 safety orders
2026-07-31 22:56:59,608 [INFO] Worst-case loss per deal: 3.60 USDT (0.36% of capital)
2026-07-31 22:56:59,608 [INFO] Max total exposure: 6.0% of capital
2026-07-31 22:56:59,683 [WARNING] Bybit price failed (You have breached the ip rate limit or your ip is from the usa. (ErrCode: 403) (ErrTime: 22:56:59).
Request → GET https://api.bybit.com/v5/market/tickers: category=spot&symbol=BTCUSDT.); trying Coinbase
2026-07-31 22:56:59,769 [INFO] BTCUSDT px=62872.6250 avg=64911.5994 tp=65885.2734 sl=57122.2074 next_so=61770.2458 (SO 2/4)
2026-07-31 22:56:59,774 [WARNING] Bybit price failed (You have breached the ip rate limit or your ip is from the usa. (ErrCode: 403) (ErrTime: 22:56:59).
Request → GET https://api.bybit.com/v5/market/tickers: category=spot&symbol=ETHUSDT.); trying Coinbase
2026-07-31 22:56:59,815 [INFO] ETHUSDT px=1860.1050 avg=1908.3191 tp=1936.9439 sl=1679.3209 next_so=1820.7049 (SO 2/4)
2026-07-31 22:56:59,815 [INFO] Single tick complete (GitHub Actions mode). State saved.
2026-08-01 00:02:54,274 [INFO] === CAPITAL RULES ===
2026-08-01 00:02:54,275 [INFO] Total capital: 1000.00 USDT
2026-08-01 00:02:54,275 [INFO] Per-deal budget: 30.00 USDT (3.0% of capital)
2026-08-01 00:02:54,275 [INFO] Base order: 3.29 USDT, up to 4 safety orders
2026-08-01 00:02:54,275 [INFO] Worst-case loss per deal: 3.60 USDT (0.36% of capital)
2026-08-01 00:02:54,275 [INFO] Max total exposure: 6.0% of capital
2026-08-01 00:02:54,537 [WARNING] Bybit price failed (You have breached the ip rate limit or your ip is from the usa. (ErrCode: 403) (ErrTime: 00:02:54).
Request → GET https://api.bybit.com/v5/market/tickers: category=spot&symbol=BTCUSDT.); trying Coinbase
2026-08-01 00:02:54,643 [INFO] BTCUSDT px=62896.4850 avg=64911.5994 tp=65885.2734 sl=57122.2074 next_so=61770.2458 (SO 2/4)
2026-08-01 00:02:54,657 [WARNING] Bybit price failed (You have breached the ip rate limit or your ip is from the usa. (ErrCode: 403) (ErrTime: 00:02:54).
Request → GET https://api.bybit.com/v5/market/tickers: category=spot&symbol=ETHUSDT.); trying Coinbase
2026-08-01 00:02:54,742 [INFO] ETHUSDT px=1863.2700 avg=1908.3191 tp=1936.9439 sl=1679.3209 next_so=1820.7049 (SO 2/4)
2026-08-01 00:02:54,742 [INFO] Single tick complete (GitHub Actions mode). State saved.
2026-08-01 03:48:24,280 [INFO] === CAPITAL RULES ===
2026-08-01 03:48:24,280 [INFO] Total capital: 1000.00 USDT
2026-08-01 03:48:24,281 [INFO] Per-deal budget: 30.00 USDT (3.0% of capital)
2026-08-01 03:48:24,281 [INFO] Base order: 3.29 USDT, up to 4 safety orders
2026-08-01 03:48:24,281 [INFO] Worst-case loss per deal: 3.60 USDT (0.36% of capital)
2026-08-01 03:48:24,281 [INFO] Max total exposure: 6.0% of capital
2026-08-01 03:48:24,470 [WARNING] Bybit price failed (You have breached the ip rate limit or your ip is from the usa. (ErrCode: 403) (ErrTime: 03:48:24).
Request → GET https://api.bybit.com/v5/market/tickers: category=spot&symbol=BTCUSDT.); trying Coinbase
2026-08-01 03:48:24,623 [INFO] BTCUSDT px=62934.9250 avg=64911.5994 tp=65885.2734 sl=57122.2074 next_so=61770.2458 (SO 2/4)
2026-08-01 03:48:24,643 [WARNING] Bybit price failed (You have breached the ip rate limit or your ip is from the usa. (ErrCode: 403) (ErrTime: 03:48:24).
Request → GET https://api.bybit.com/v5/market/tickers: category=spot&symbol=ETHUSDT.); trying Coinbase
2026-08-01 03:48:24,730 [INFO] ETHUSDT px=1867.1250 avg=1908.3191 tp=1936.9439 sl=1679.3209 next_so=1820.7049 (SO 2/4)
2026-08-01 03:48:24,730 [INFO] Single tick complete (GitHub Actions mode). State saved.
2026-08-01 06:25:59,693 [INFO] === CAPITAL RULES ===
2026-08-01 06:25:59,693 [INFO] Total capital: 1000.00 USDT
2026-08-01 06:25:59,693 [INFO] Per-deal budget: 30.00 USDT (3.0% of capital)
2026-08-01 06:25:59,693 [INFO] Base order: 3.29 USDT, up to 4 safety orders
2026-08-01 06:25:59,693 [INFO] Worst-case loss per deal: 3.60 USDT (0.36% of capital)
2026-08-01 06:25:59,693 [INFO] Max total exposure: 6.0% of capital
2026-08-01 06:25:59,856 [WARNING] Bybit price failed (You have breached the ip rate limit or your ip is from the usa. (ErrCode: 403) (ErrTime: 06:25:59).
Request → GET https://api.bybit.com/v5/market/tickers: category=spot&symbol=BTCUSDT.); trying Coinbase
2026-08-01 06:26:00,058 [INFO] BTCUSDT px=63009.4750 avg=64911.5994 tp=65885.2734 sl=57122.2074 next_so=61770.2458 (SO 2/4)
2026-08-01 06:26:00,072 [WARNING] Bybit price failed (You have breached the ip rate limit or your ip is from the usa. (ErrCode: 403) (ErrTime: 06:26:00).
Request → GET https://api.bybit.com/v5/market/tickers: category=spot&symbol=ETHUSDT.); trying Coinbase
2026-08-01 06:26:00,165 [INFO] ETHUSDT px=1867.7950 avg=1908.3191 tp=1936.9439 sl=1679.3209 next_so=1820.7049 (SO 2/4)
2026-08-01 06:26:00,165 [INFO] Single tick complete (GitHub Actions mode). State saved.
2026-08-01 08:39:56,593 [INFO] === CAPITAL RULES ===
2026-08-01 08:39:56,593 [INFO] Total capital: 1000.00 USDT
2026-08-01 08:39:56,593 [INFO] Per-deal budget: 30.00 USDT (3.0% of capital)
2026-08-01 08:39:56,593 [INFO] Base order: 3.29 USDT, up to 4 safety orders
2026-08-01 08:39:56,593 [INFO] Worst-case loss per deal: 3.60 USDT (0.36% of capital)
2026-08-01 08:39:56,594 [INFO] Max total exposure: 6.0% of capital
2026-08-01 08:39:56,767 [WARNING] Bybit price failed (You have breached the ip rate limit or your ip is from the usa. (ErrCode: 403) (ErrTime: 08:39:56).
Request → GET https://api.bybit.com/v5/market/tickers: category=spot&symbol=BTCUSDT.); trying Coinbase
2026-08-01 08:39:56,838 [INFO] BTCUSDT px=63038.1850 avg=64911.5994 tp=65885.2734 sl=57122.2074 next_so=61770.2458 (SO 2/4)
2026-08-01 08:39:56,846 [WARNING] Bybit price failed (You have breached the ip rate limit or your ip is from the usa. (ErrCode: 403) (ErrTime: 08:39:56).
Request → GET https://api.bybit.com/v5/market/tickers: category=spot&symbol=ETHUSDT.); trying Coinbase
2026-08-01 08:39:56,894 [INFO] ETHUSDT px=1866.0100 avg=1908.3191 tp=1936.9439 sl=1679.3209 next_so=1820.7049 (SO 2/4)
2026-08-01 08:39:56,894 [INFO] Single tick complete (GitHub Actions mode). State saved.
2026-08-01 10:21:26,663 [INFO] === CAPITAL RULES ===
2026-08-01 10:21:26,663 [INFO] Total capital: 1000.00 USDT
2026-08-01 10:21:26,664 [INFO] Per-deal budget: 30.00 USDT (3.0% of capital)
2026-08-01 10:21:26,664 [INFO] Base order: 3.29 USDT, up to 4 safety orders
2026-08-01 10:21:26,664 [INFO] Worst-case loss per deal: 3.60 USDT (0.36% of capital)
2026-08-01 10:21:26,664 [INFO] Max total exposure: 6.0% of capital
2026-08-01 10:21:26,815 [WARNING] Bybit price failed (You have breached the ip rate limit or your ip is from the usa. (ErrCode: 403) (ErrTime: 10:21:26).
Request → GET https://api.bybit.com/v5/market/tickers: category=spot&symbol=BTCUSDT.); trying Coinbase
2026-08-01 10:21:26,891 [INFO] BTCUSDT px=63004.0150 avg=64911.5994 tp=65885.2734 sl=57122.2074 next_so=61770.2458 (SO 2/4)
2026-08-01 10:21:26,899 [WARNING] Bybit price failed (You have breached the ip rate limit or your ip is from the usa. (ErrCode: 403) (ErrTime: 10:21:26).
Request → GET https://api.bybit.com/v5/market/tickers: category=spot&symbol=ETHUSDT.); trying Coinbase
2026-08-01 10:21:26,945 [INFO] ETHUSDT px=1864.3350 avg=1908.3191 tp=1936.9439 sl=1679.3209 next_so=1820.7049 (SO 2/4)
2026-08-01 10:21:26,945 [INFO] Single tick complete (GitHub Actions mode). State saved.
2026-08-01 11:41:31,775 [INFO] === CAPITAL RULES ===
2026-08-01 11:41:31,775 [INFO] Total capital: 1000.00 USDT
2026-08-01 11:41:31,776 [INFO] Per-deal budget: 30.00 USDT (3.0% of capital)
2026-08-01 11:41:31,776 [INFO] Base order: 3.29 USDT, up to 4 safety orders
2026-08-01 11:41:31,776 [INFO] Worst-case loss per deal: 3.60 USDT (0.36% of capital)
2026-08-01 11:41:31,776 [INFO] Max total exposure: 6.0% of capital
2026-08-01 11:41:31,962 [WARNING] Bybit price failed (You have breached the ip rate limit or your ip is from the usa. (ErrCode: 403) (ErrTime: 11:41:31).
Request → GET https://api.bybit.com/v5/market/tickers: category=spot&symbol=BTCUSDT.); trying Coinbase
2026-08-01 11:41:32,098 [INFO] BTCUSDT px=63010.9450 avg=64911.5994 tp=65885.2734 sl=57122.2074 next_so=61770.2458 (SO 2/4)
2026-08-01 11:41:32,118 [WARNING] Bybit price failed (You have breached the ip rate limit or your ip is from the usa. (ErrCode: 403) (ErrTime: 11:41:32).
Request → GET https://api.bybit.com/v5/market/tickers: category=spot&symbol=ETHUSDT.); trying Coinbase
2026-08-01 11:41:32,204 [INFO] ETHUSDT px=1865.0050 avg=1908.3191 tp=1936.9439 sl=1679.3209 next_so=1820.7049 (SO 2/4)
2026-08-01 11:41:32,205 [INFO] Single tick complete (GitHub Actions mode). State saved.
2026-08-01 12:39:39,380 [INFO] === CAPITAL RULES ===
2026-08-01 12:39:39,380 [INFO] Total capital: 1000.00 USDT
2026-08-01 12:39:39,380 [INFO] Per-deal budget: 30.00 USDT (3.0% of capital)
2026-08-01 12:39:39,380 [INFO] Base order: 3.29 USDT, up to 4 safety orders
2026-08-01 12:39:39,380 [INFO] Worst-case loss per deal: 3.60 USDT (0.36% of capital)
2026-08-01 12:39:39,380 [INFO] Max total exposure: 6.0% of capital
2026-08-01 12:39:39,468 [WARNING] Bybit price failed (You have breached the ip rate limit or your ip is from the usa. (ErrCode: 403) (ErrTime: 12:39:39).
Request → GET https://api.bybit.com/v5/market/tickers: category=spot&symbol=BTCUSDT.); trying Coinbase
2026-08-01 12:39:39,518 [INFO] BTCUSDT px=63017.0350 avg=64911.5994 tp=65885.2734 sl=57122.2074 next_so=61770.2458 (SO 2/4)
2026-08-01 12:39:39,522 [WARNING] Bybit price failed (You have breached the ip rate limit or your ip is from the usa. (ErrCode: 403) (ErrTime: 12:39:39).
Request → GET https://api.bybit.com/v5/market/tickers: category=spot&symbol=ETHUSDT.); trying Coinbase
2026-08-01 12:39:39,561 [INFO] ETHUSDT px=1865.6050 avg=1908.3191 tp=1936.9439 sl=1679.3209 next_so=1820.7049 (SO 2/4)
2026-08-01 12:39:39,561 [INFO] Single tick complete (GitHub Actions mode). State saved.
2026-08-01 14:12:13,163 [INFO] === CAPITAL RULES ===
2026-08-01 14:12:13,163 [INFO] Total capital: 1000.00 USDT
2026-08-01 14:12:13,163 [INFO] Per-deal budget: 30.00 USDT (3.0% of capital)
2026-08-01 14:12:13,163 [INFO] Base order: 3.29 USDT, up to 4 safety orders
2026-08-01 14:12:13,163 [INFO] Worst-case loss per deal: 3.60 USDT (0.36% of capital)
2026-08-01 14:12:13,163 [INFO] Max total exposure: 6.0% of capital
2026-08-01 14:12:13,300 [WARNING] Bybit price failed (You have breached the ip rate limit or your ip is from the usa. (ErrCode: 403) (ErrTime: 14:12:13).
Request → GET https://api.bybit.com/v5/market/tickers: category=spot&symbol=BTCUSDT.); trying Coinbase
2026-08-01 14:12:13,361 [INFO] BTCUSDT px=63021.3550 avg=64911.5994 tp=65885.2734 sl=57122.2074 next_so=61770.2458 (SO 2/4)
2026-08-01 14:12:13,372 [WARNING] Bybit price failed (You have breached the ip rate limit or your ip is from the usa. (ErrCode: 403) (ErrTime: 14:12:13).
Request → GET https://api.bybit.com/v5/market/tickers: category=spot&symbol=ETHUSDT.); trying Coinbase
2026-08-01 14:12:13,488 [INFO] ETHUSDT px=1867.9250 avg=1908.3191 tp=1936.9439 sl=1679.3209 next_so=1820.7049 (SO 2/4)
2026-08-01 14:12:13,488 [INFO] Single tick complete (GitHub Actions mode). State saved.
2026-08-01 15:19:53,696 [INFO] === CAPITAL RULES ===
2026-08-01 15:19:53,696 [INFO] Total capital: 1000.00 USDT
2026-08-01 15:19:53,696 [INFO] Per-deal budget: 30.00 USDT (3.0% of capital)
2026-08-01 15:19:53,696 [INFO] Base order: 3.29 USDT, up to 4 safety orders
2026-08-01 15:19:53,696 [INFO] Worst-case loss per deal: 3.60 USDT (0.36% of capital)
2026-08-01 15:19:53,696 [INFO] Max total exposure: 6.0% of capital
2026-08-01 15:19:53,945 [WARNING] Bybit price failed (You have breached the ip rate limit or your ip is from the usa. (ErrCode: 403) (ErrTime: 15:19:53).
Request → GET https://api.bybit.com/v5/market/tickers: category=spot&symbol=BTCUSDT.); trying Coinbase
2026-08-01 15:19:53,993 [INFO] BTCUSDT px=63007.0550 avg=64911.5994 tp=65885.2734 sl=57122.2074 next_so=61770.2458 (SO 2/4)
2026-08-01 15:19:54,011 [WARNING] Bybit price failed (You have breached the ip rate limit or your ip is from the usa. (ErrCode: 403) (ErrTime: 15:19:54).
Request → GET https://api.bybit.com/v5/market/tickers: category=spot&symbol=ETHUSDT.); trying Coinbase
2026-08-01 15:19:54,064 [INFO] ETHUSDT px=1870.8950 avg=1908.3191 tp=1936.9439 sl=1679.3209 next_so=1820.7049 (SO 2/4)
2026-08-01 15:19:54,064 [INFO] Single tick complete (GitHub Actions mode). State saved.
2026-08-01 16:28:19,926 [INFO] === CAPITAL RULES ===
2026-08-01 16:28:19,926 [INFO] Total capital: 1000.00 USDT
2026-08-01 16:28:19,926 [INFO] Per-deal budget: 30.00 USDT (3.0% of capital)
2026-08-01 16:28:19,926 [INFO] Base order: 3.29 USDT, up to 4 safety orders
2026-08-01 16:28:19,926 [INFO] Worst-case loss per deal: 3.60 USDT (0.36% of capital)
2026-08-01 16:28:19,926 [INFO] Max total exposure: 6.0% of capital
2026-08-01 16:28:20,099 [WARNING] Bybit price failed (You have breached the ip rate limit or your ip is from the usa. (ErrCode: 403) (ErrTime: 16:28:20).
Request → GET https://api.bybit.com/v5/market/tickers: category=spot&symbol=BTCUSDT.); trying Coinbase
2026-08-01 16:28:20,153 [INFO] BTCUSDT px=62887.2850 avg=64911.5994 tp=65885.2734 sl=57122.2074 next_so=61770.2458 (SO 2/4)
2026-08-01 16:28:20,157 [WARNING] Bybit price failed (You have breached the ip rate limit or your ip is from the usa. (ErrCode: 403) (ErrTime: 16:28:20).
Request → GET https://api.bybit.com/v5/market/tickers: category=spot&symbol=ETHUSDT.); trying Coinbase
2026-08-01 16:28:20,220 [INFO] ETHUSDT px=1869.2650 avg=1908.3191 tp=1936.9439 sl=1679.3209 next_so=1820.7049 (SO 2/4)
2026-08-01 16:28:20,220 [INFO] Single tick complete (GitHub Actions mode). State saved.
2026-08-01 17:32:50,491 [INFO] === CAPITAL RULES ===
2026-08-01 17:32:50,491 [INFO] Total capital: 1000.00 USDT
2026-08-01 17:32:50,491 [INFO] Per-deal budget: 30.00 USDT (3.0% of capital)
2026-08-01 17:32:50,491 [INFO] Base order: 3.29 USDT, up to 4 safety orders
2026-08-01 17:32:50,491 [INFO] Worst-case loss per deal: 3.60 USDT (0.36% of capital)
2026-08-01 17:32:50,491 [INFO] Max total exposure: 6.0% of capital
2026-08-01 17:32:50,596 [WARNING] Bybit price failed (You have breached the ip rate limit or your ip is from the usa. (ErrCode: 403) (ErrTime: 17:32:50).
Request → GET https://api.bybit.com/v5/market/tickers: category=spot&symbol=BTCUSDT.); trying Coinbase
2026-08-01 17:32:50,639 [INFO] BTCUSDT px=62738.0000 avg=64911.5994 tp=65885.2734 sl=57122.2074 next_so=61770.2458 (SO 2/4)
2026-08-01 17:32:50,643 [WARNING] Bybit price failed (You have breached the ip rate limit or your ip is from the usa. (ErrCode: 403) (ErrTime: 17:32:50).
Request → GET https://api.bybit.com/v5/market/tickers: category=spot&symbol=ETHUSDT.); trying Coinbase
2026-08-01 17:32:50,688 [INFO] ETHUSDT px=1861.3700 avg=1908.3191 tp=1936.9439 sl=1679.3209 next_so=1820.7049 (SO 2/4)
2026-08-01 17:32:50,688 [INFO] Single tick complete (GitHub Actions mode). State saved.
2026-08-01 18:40:12,917 [INFO] === CAPITAL RULES ===
2026-08-01 18:40:12,917 [INFO] Total capital: 1000.00 USDT
2026-08-01 18:40:12,917 [INFO] Per-deal budget: 30.00 USDT (3.0% of capital)
2026-08-01 18:40:12,917 [INFO] Base order: 3.29 USDT, up to 4 safety orders
2026-08-01 18:40:12,917 [INFO] Worst-case loss per deal: 3.60 USDT (0.36% of capital)
2026-08-01 18:40:12,917 [INFO] Max total exposure: 6.0% of capital
2026-08-01 18:40:13,119 [WARNING] Bybit price failed (You have breached the ip rate limit or your ip is from the usa. (ErrCode: 403) (ErrTime: 18:40:13).
Request → GET https://api.bybit.com/v5/market/tickers: category=spot&symbol=BTCUSDT.); trying Coinbase
2026-08-01 18:40:13,162 [INFO] BTCUSDT px=62367.2050 avg=64911.5994 tp=65885.2734 sl=57122.2074 next_so=61770.2458 (SO 2/4)
2026-08-01 18:40:13,167 [WARNING] Bybit price failed (You have breached the ip rate limit or your ip is from the usa. (ErrCode: 403) (ErrTime: 18:40:13).
Request → GET https://api.bybit.com/v5/market/tickers: category=spot&symbol=ETHUSDT.); trying Coinbase
2026-08-01 18:40:13,223 [INFO] ETHUSDT px=1838.4550 avg=1908.3191 tp=1936.9439 sl=1679.3209 next_so=1820.7049 (SO 2/4)
2026-08-01 18:40:13,223 [INFO] Single tick complete (GitHub Actions mode). State saved.
2026-08-01 19:54:08,883 [INFO] === CAPITAL RULES ===
2026-08-01 19:54:08,884 [INFO] Total capital: 1000.00 USDT
2026-08-01 19:54:08,884 [INFO] Per-deal budget: 30.00 USDT (3.0% of capital)
2026-08-01 19:54:08,884 [INFO] Base order: 3.29 USDT, up to 4 safety orders
2026-08-01 19:54:08,884 [INFO] Worst-case loss per deal: 3.60 USDT (0.36% of capital)
2026-08-01 19:54:08,884 [INFO] Max total exposure: 6.0% of capital
2026-08-01 19:54:09,065 [WARNING] Bybit price failed (You have breached the ip rate limit or your ip is from the usa. (ErrCode: 403) (ErrTime: 19:54:09).
Request → GET https://api.bybit.com/v5/market/tickers: category=spot&symbol=BTCUSDT.); trying Coinbase
2026-08-01 19:54:09,177 [INFO] BTCUSDT px=62456.9550 avg=64911.5994 tp=65885.2734 sl=57122.2074 next_so=61770.2458 (SO 2/4)
2026-08-01 19:54:09,194 [WARNING] Bybit price failed (You have breached the ip rate limit or your ip is from the usa. (ErrCode: 403) (ErrTime: 19:54:09).
Request → GET https://api.bybit.com/v5/market/tickers: category=spot&symbol=ETHUSDT.); trying Coinbase
2026-08-01 19:54:09,268 [INFO] ETHUSDT px=1836.4950 avg=1908.3191 tp=1936.9439 sl=1679.3209 next_so=1820.7049 (SO 2/4)
2026-08-01 19:54:09,268 [INFO] Single tick complete (GitHub Actions mode). State saved.
2026-08-01 20:47:33,784 [INFO] === CAPITAL RULES ===
2026-08-01 20:47:33,784 [INFO] Total capital: 1000.00 USDT
2026-08-01 20:47:33,784 [INFO] Per-deal budget: 30.00 USDT (3.0% of capital)
2026-08-01 20:47:33,784 [INFO] Base order: 3.29 USDT, up to 4 safety orders
2026-08-01 20:47:33,784 [INFO] Worst-case loss per deal: 3.60 USDT (0.36% of capital)
2026-08-01 20:47:33,784 [INFO] Max total exposure: 6.0% of capital
2026-08-01 20:47:33,912 [WARNING] Bybit price failed (You have breached the ip rate limit or your ip is from the usa. (ErrCode: 403) (ErrTime: 20:47:33).
Request → GET https://api.bybit.com/v5/market/tickers: category=spot&symbol=BTCUSDT.); trying Coinbase
2026-08-01 20:47:33,983 [INFO] BTCUSDT px=62535.5550 avg=64911.5994 tp=65885.2734 sl=57122.2074 next_so=61770.2458 (SO 2/4)
2026-08-01 20:47:33,986 [WARNING] Bybit price failed (You have breached the ip rate limit or your ip is from the usa. (ErrCode: 403) (ErrTime: 20:47:33).
Request → GET https://api.bybit.com/v5/market/tickers: category=spot&symbol=ETHUSDT.); trying Coinbase
2026-08-01 20:47:34,044 [INFO] ETHUSDT px=1832.7550 avg=1908.3191 tp=1936.9439 sl=1679.3209 next_so=1820.7049 (SO 2/4)
2026-08-01 20:47:34,045 [INFO] Single tick complete (GitHub Actions mode). State saved.
2026-08-01 21:52:18,889 [INFO] === CAPITAL RULES ===
2026-08-01 21:52:18,889 [INFO] Total capital: 1000.00 USDT
2026-08-01 21:52:18,889 [INFO] Per-deal budget: 30.00 USDT (3.0% of capital)
2026-08-01 21:52:18,889 [INFO] Base order: 3.29 USDT, up to 4 safety orders
2026-08-01 21:52:18,889 [INFO] Worst-case loss per deal: 3.60 USDT (0.36% of capital)
2026-08-01 21:52:18,889 [INFO] Max total exposure: 6.0% of capital
2026-08-01 21:52:18,993 [WARNING] Bybit price failed (You have breached the ip rate limit or your ip is from the usa. (ErrCode: 403) (ErrTime: 21:52:18).
Request → GET https://api.bybit.com/v5/market/tickers: category=spot&symbol=BTCUSDT.); trying Coinbase
2026-08-01 21:52:19,108 [INFO] BTCUSDT px=62765.0350 avg=64911.5994 tp=65885.2734 sl=57122.2074 next_so=61770.2458 (SO 2/4)
2026-08-01 21:52:19,111 [WARNING] Bybit price failed (You have breached the ip rate limit or your ip is from the usa. (ErrCode: 403) (ErrTime: 21:52:19).
Request → GET https://api.bybit.com/v5/market/tickers: category=spot&symbol=ETHUSDT.); trying Coinbase
2026-08-01 21:52:19,180 [INFO] ETHUSDT px=1843.6350 avg=1908.3191 tp=1936.9439 sl=1679.3209 next_so=1820.7049 (SO 2/4)
2026-08-01 21:52:19,180 [INFO] Single tick complete (GitHub Actions mode). State saved.
2026-08-01 22:51:59,954 [INFO] === CAPITAL RULES ===
2026-08-01 22:51:59,954 [INFO] Total capital: 1000.00 USDT
2026-08-01 22:51:59,954 [INFO] Per-deal budget: 30.00 USDT (3.0% of capital)
2026-08-01 22:51:59,954 [INFO] Base order: 3.29 USDT, up to 4 safety orders
2026-08-01 22:51:59,954 [INFO] Worst-case loss per deal: 3.60 USDT (0.36% of capital)
2026-08-01 22:51:59,955 [INFO] Max total exposure: 6.0% of capital
2026-08-01 22:52:00,173 [WARNING] Bybit price failed (You have breached the ip rate limit or your ip is from the usa. (ErrCode: 403) (ErrTime: 22:52:00).
Request → GET https://api.bybit.com/v5/market/tickers: category=spot&symbol=BTCUSDT.); trying Coinbase
2026-08-01 22:52:00,358 [INFO] BTCUSDT px=62781.9950 avg=64911.5994 tp=65885.2734 sl=57122.2074 next_so=61770.2458 (SO 2/4)
2026-08-01 22:52:00,372 [WARNING] Bybit price failed (You have breached the ip rate limit or your ip is from the usa. (ErrCode: 403) (ErrTime: 22:52:00).
Request → GET https://api.bybit.com/v5/market/tickers: category=spot&symbol=ETHUSDT.); trying Coinbase
2026-08-01 22:52:00,437 [INFO] ETHUSDT px=1846.0950 avg=1908.3191 tp=1936.9439 sl=1679.3209 next_so=1820.7049 (SO 2/4)
2026-08-01 22:52:00,437 [INFO] Single tick complete (GitHub Actions mode). State saved.
2026-08-01 23:54:27,281 [INFO] === CAPITAL RULES ===
2026-08-01 23:54:27,281 [INFO] Total capital: 1000.00 USDT
2026-08-01 23:54:27,281 [INFO] Per-deal budget: 30.00 USDT (3.0% of capital)
2026-08-01 23:54:27,281 [INFO] Base order: 3.29 USDT, up to 4 safety orders
2026-08-01 23:54:27,281 [INFO] Worst-case loss per deal: 3.60 USDT (0.36% of capital)
2026-08-01 23:54:27,281 [INFO] Max total exposure: 6.0% of capital
2026-08-01 23:54:27,531 [WARNING] Bybit price failed (You have breached the ip rate limit or your ip is from the usa. (ErrCode: 403) (ErrTime: 23:54:27).
Request → GET https://api.bybit.com/v5/market/tickers: category=spot&symbol=BTCUSDT.); trying Coinbase
2026-08-01 23:54:27,578 [INFO] BTCUSDT px=62758.3450 avg=64911.5994 tp=65885.2734 sl=57122.2074 next_so=61770.2458 (SO 2/4)
2026-08-01 23:54:27,583 [WARNING] Bybit price failed (You have breached the ip rate limit or your ip is from the usa. (ErrCode: 403) (ErrTime: 23:54:27).
Request → GET https://api.bybit.com/v5/market/tickers: category=spot&symbol=ETHUSDT.); trying Coinbase
2026-08-01 23:54:27,622 [INFO] ETHUSDT px=1843.0450 avg=1908.3191 tp=1936.9439 sl=1679.3209 next_so=1820.7049 (SO 2/4)
2026-08-01 23:54:27,623 [INFO] Single tick complete (GitHub Actions mode). State saved.
2026-08-02 02:29:09,934 [INFO] === CAPITAL RULES ===
2026-08-02 02:29:09,934 [INFO] Total capital: 1000.00 USDT
2026-08-02 02:29:09,934 [INFO] Per-deal budget: 30.00 USDT (3.0% of capital)
2026-08-02 02:29:09,934 [INFO] Base order: 3.29 USDT, up to 4 safety orders
2026-08-02 02:29:09,935 [INFO] Worst-case loss per deal: 3.60 USDT (0.36% of capital)
2026-08-02 02:29:09,935 [INFO] Max total exposure: 6.0% of capital
2026-08-02 02:29:10,024 [WARNING] Bybit price failed (You have breached the ip rate limit or your ip is from the usa. (ErrCode: 403) (ErrTime: 02:29:10).
Request → GET https://api.bybit.com/v5/market/tickers: category=spot&symbol=BTCUSDT.); trying Coinbase
2026-08-02 02:29:10,099 [INFO] BTCUSDT px=63354.2650 avg=64911.5994 tp=65885.2734 sl=57122.2074 next_so=61770.2458 (SO 2/4)
2026-08-02 02:29:10,102 [WARNING] Bybit price failed (You have breached the ip rate limit or your ip is from the usa. (ErrCode: 403) (ErrTime: 02:29:10).
Request → GET https://api.bybit.com/v5/market/tickers: category=spot&symbol=ETHUSDT.); trying Coinbase
2026-08-02 02:29:10,176 [INFO] ETHUSDT px=1874.2950 avg=1908.3191 tp=1936.9439 sl=1679.3209 next_so=1820.7049 (SO 2/4)
2026-08-02 02:29:10,176 [INFO] Single tick complete (GitHub Actions mode). State saved.
2026-08-02 05:41:59,474 [INFO] === CAPITAL RULES ===
2026-08-02 05:41:59,475 [INFO] Total capital: 1000.00 USDT
2026-08-02 05:41:59,475 [INFO] Per-deal budget: 30.00 USDT (3.0% of capital)
2026-08-02 05:41:59,475 [INFO] Base order: 3.29 USDT, up to 4 safety orders
2026-08-02 05:41:59,475 [INFO] Worst-case loss per deal: 3.60 USDT (0.36% of capital)
2026-08-02 05:41:59,475 [INFO] Max total exposure: 6.0% of capital
2026-08-02 05:41:59,598 [WARNING] Bybit price failed (You have breached the ip rate limit or your ip is from the usa. (ErrCode: 403) (ErrTime: 05:41:59).
Request → GET https://api.bybit.com/v5/market/tickers: category=spot&symbol=BTCUSDT.); trying Coinbase
2026-08-02 05:41:59,666 [INFO] BTCUSDT px=63382.2450 avg=64911.5994 tp=65885.2734 sl=57122.2074 next_so=61770.2458 (SO 2/4)
2026-08-02 05:41:59,671 [WARNING] Bybit price failed (You have breached the ip rate limit or your ip is from the usa. (ErrCode: 403) (ErrTime: 05:41:59).
Request → GET https://api.bybit.com/v5/market/tickers: category=spot&symbol=ETHUSDT.); trying Coinbase
2026-08-02 05:41:59,713 [INFO] ETHUSDT px=1874.6950 avg=1908.3191 tp=1936.9439 sl=1679.3209 next_so=1820.7049 (SO 2/4)
2026-08-02 05:41:59,713 [INFO] Single tick complete (GitHub Actions mode). State saved.
2026-08-02 07:53:02,611 [INFO] === CAPITAL RULES ===
2026-08-02 07:53:02,611 [INFO] Total capital: 1000.00 USDT
2026-08-02 07:53:02,611 [INFO] Per-deal budget: 30.00 USDT (3.0% of capital)
2026-08-02 07:53:02,611 [INFO] Base order: 3.29 USDT, up to 4 safety orders
2026-08-02 07:53:02,611 [INFO] Worst-case loss per deal: 3.60 USDT (0.36% of capital)
2026-08-02 07:53:02,611 [INFO] Max total exposure: 6.0% of capital
2026-08-02 07:53:02,860 [WARNING] Bybit price failed (You have breached the ip rate limit or your ip is from the usa. (ErrCode: 403) (ErrTime: 07:53:02).
Request → GET https://api.bybit.com/v5/market/tickers: category=spot&symbol=BTCUSDT.); trying Coinbase
2026-08-02 07:53:02,943 [INFO] BTCUSDT px=63433.5050 avg=64911.5994 tp=65885.2734 sl=57122.2074 next_so=61770.2458 (SO 2/4)
2026-08-02 07:53:02,954 [WARNING] Bybit price failed (You have breached the ip rate limit or your ip is from the usa. (ErrCode: 403) (ErrTime: 07:53:02).
Request → GET https://api.bybit.com/v5/market/tickers: category=spot&symbol=ETHUSDT.); trying Coinbase
2026-08-02 07:53:03,000 [INFO] ETHUSDT px=1874.6100 avg=1908.3191 tp=1936.9439 sl=1679.3209 next_so=1820.7049 (SO 2/4)
2026-08-02 07:53:03,001 [INFO] Single tick complete (GitHub Actions mode). State saved.
2026-08-02 09:53:35,011 [INFO] === CAPITAL RULES ===
2026-08-02 09:53:35,011 [INFO] Total capital: 1000.00 USDT
2026-08-02 09:53:35,012 [INFO] Per-deal budget: 30.00 USDT (3.0% of capital)
2026-08-02 09:53:35,012 [INFO] Base order: 3.29 USDT, up to 4 safety orders
2026-08-02 09:53:35,012 [INFO] Worst-case loss per deal: 3.60 USDT (0.36% of capital)
2026-08-02 09:53:35,012 [INFO] Max total exposure: 6.0% of capital
2026-08-02 09:53:35,128 [WARNING] Bybit price failed (You have breached the ip rate limit or your ip is from the usa. (ErrCode: 403) (ErrTime: 09:53:35).
Request → GET https://api.bybit.com/v5/market/tickers: category=spot&symbol=BTCUSDT.); trying Coinbase
2026-08-02 09:53:35,173 [INFO] BTCUSDT px=63198.3150 avg=64911.5994 tp=65885.2734 sl=57122.2074 next_so=61770.2458 (SO 2/4)
2026-08-02 09:53:35,177 [WARNING] Bybit price failed (You have breached the ip rate limit or your ip is from the usa. (ErrCode: 403) (ErrTime: 09:53:35).
Request → GET https://api.bybit.com/v5/market/tickers: category=spot&symbol=ETHUSDT.); trying Coinbase
2026-08-02 09:53:35,220 [INFO] ETHUSDT px=1869.3450 avg=1908.3191 tp=1936.9439 sl=1679.3209 next_so=1820.7049 (SO 2/4)
2026-08-02 09:53:35,220 [INFO] Single tick complete (GitHub Actions mode). State saved.
2026-08-02 11:14:02,477 [INFO] === CAPITAL RULES ===
2026-08-02 11:14:02,478 [INFO] Total capital: 1000.00 USDT
2026-08-02 11:14:02,478 [INFO] Per-deal budget: 30.00 USDT (3.0% of capital)
2026-08-02 11:14:02,478 [INFO] Base order: 3.29 USDT, up to 4 safety orders
2026-08-02 11:14:02,478 [INFO] Worst-case loss per deal: 3.60 USDT (0.36% of capital)
2026-08-02 11:14:02,478 [INFO] Max total exposure: 6.0% of capital
2026-08-02 11:14:02,757 [WARNING] Bybit price failed (You have breached the ip rate limit or your ip is from the usa. (ErrCode: 403) (ErrTime: 11:14:02).
Request → GET https://api.bybit.com/v5/market/tickers: category=spot&symbol=BTCUSDT.); trying Coinbase
2026-08-02 11:14:02,819 [INFO] BTCUSDT px=63072.3950 avg=64911.5994 tp=65885.2734 sl=57122.2074 next_so=61770.2458 (SO 2/4)
2026-08-02 11:14:02,832 [WARNING] Bybit price failed (You have breached the ip rate limit or your ip is from the usa. (ErrCode: 403) (ErrTime: 11:14:02).
Request → GET https://api.bybit.com/v5/market/tickers: category=spot&symbol=ETHUSDT.); trying Coinbase
2026-08-02 11:14:02,915 [INFO] ETHUSDT px=1865.1150 avg=1908.3191 tp=1936.9439 sl=1679.3209 next_so=1820.7049 (SO 2/4)
2026-08-02 11:14:02,916 [INFO] Single tick complete (GitHub Actions mode). State saved.
2026-08-02 12:16:21,537 [INFO] === CAPITAL RULES ===
2026-08-02 12:16:21,538 [INFO] Total capital: 1000.00 USDT
2026-08-02 12:16:21,538 [INFO] Per-deal budget: 30.00 USDT (3.0% of capital)
2026-08-02 12:16:21,538 [INFO] Base order: 3.29 USDT, up to 4 safety orders
2026-08-02 12:16:21,538 [INFO] Worst-case loss per deal: 3.60 USDT (0.36% of capital)
2026-08-02 12:16:21,538 [INFO] Max total exposure: 6.0% of capital
2026-08-02 12:16:21,772 [WARNING] Bybit price failed (You have breached the ip rate limit or your ip is from the usa. (ErrCode: 403) (ErrTime: 12:16:21).
Request → GET https://api.bybit.com/v5/market/tickers: category=spot&symbol=BTCUSDT.); trying Coinbase
2026-08-02 12:16:21,849 [INFO] BTCUSDT px=63107.9350 avg=64911.5994 tp=65885.2734 sl=57122.2074 next_so=61770.2458 (SO 2/4)
2026-08-02 12:16:21,854 [WARNING] Bybit price failed (You have breached the ip rate limit or your ip is from the usa. (ErrCode: 403) (ErrTime: 12:16:21).
Request → GET https://api.bybit.com/v5/market/tickers: category=spot&symbol=ETHUSDT.); trying Coinbase
2026-08-02 12:16:21,892 [INFO] ETHUSDT px=1855.8100 avg=1908.3191 tp=1936.9439 sl=1679.3209 next_so=1820.7049 (SO 2/4)
2026-08-02 12:16:21,893 [INFO] Single tick complete (GitHub Actions mode). State saved.
2026-08-02 14:07:01,203 [INFO] === CAPITAL RULES ===
2026-08-02 14:07:01,203 [INFO] Total capital: 1000.00 USDT
2026-08-02 14:07:01,203 [INFO] Per-deal budget: 30.00 USDT (3.0% of capital)
2026-08-02 14:07:01,203 [INFO] Base order: 3.29 USDT, up to 4 safety orders
2026-08-02 14:07:01,203 [INFO] Worst-case loss per deal: 3.60 USDT (0.36% of capital)
2026-08-02 14:07:01,203 [INFO] Max total exposure: 6.0% of capital
2026-08-02 14:07:01,373 [WARNING] Bybit price failed (You have breached the ip rate limit or your ip is from the usa. (ErrCode: 403) (ErrTime: 14:07:01).
Request → GET https://api.bybit.com/v5/market/tickers: category=spot&symbol=BTCUSDT.); trying Coinbase
2026-08-02 14:07:01,562 [INFO] BTCUSDT px=62996.7250 avg=64911.5994 tp=65885.2734 sl=57122.2074 next_so=61770.2458 (SO 2/4)
2026-08-02 14:07:01,582 [WARNING] Bybit price failed (You have breached the ip rate limit or your ip is from the usa. (ErrCode: 403) (ErrTime: 14:07:01).
Request → GET https://api.bybit.com/v5/market/tickers: category=spot&symbol=ETHUSDT.); trying Coinbase
2026-08-02 14:07:01,666 [INFO] ETHUSDT px=1851.0350 avg=1908.3191 tp=1936.9439 sl=1679.3209 next_so=1820.7049 (SO 2/4)
2026-08-02 14:07:01,666 [INFO] Single tick complete (GitHub Actions mode). State saved.
2026-08-02 15:18:38,125 [INFO] === CAPITAL RULES ===
2026-08-02 15:18:38,125 [INFO] Total capital: 1000.00 USDT
2026-08-02 15:18:38,125 [INFO] Per-deal budget: 30.00 USDT (3.0% of capital)
2026-08-02 15:18:38,125 [INFO] Base order: 3.29 USDT, up to 4 safety orders
2026-08-02 15:18:38,125 [INFO] Worst-case loss per deal: 3.60 USDT (0.36% of capital)
2026-08-02 15:18:38,125 [INFO] Max total exposure: 6.0% of capital
2026-08-02 15:18:38,309 [WARNING] Bybit price failed (You have breached the ip rate limit or your ip is from the usa. (ErrCode: 403) (ErrTime: 15:18:38).
Request → GET https://api.bybit.com/v5/market/tickers: category=spot&symbol=BTCUSDT.); trying Coinbase
2026-08-02 15:18:38,377 [INFO] BTCUSDT px=63035.3450 avg=64911.5994 tp=65885.2734 sl=57122.2074 next_so=61770.2458 (SO 2/4)
2026-08-02 15:18:38,388 [WARNING] Bybit price failed (You have breached the ip rate limit or your ip is from the usa. (ErrCode: 403) (ErrTime: 15:18:38).
Request → GET https://api.bybit.com/v5/market/tickers: category=spot&symbol=ETHUSDT.); trying Coinbase
2026-08-02 15:18:38,437 [INFO] ETHUSDT px=1856.1750 avg=1908.3191 tp=1936.9439 sl=1679.3209 next_so=1820.7049 (SO 2/4)
2026-08-02 15:18:38,437 [INFO] Single tick complete (GitHub Actions mode). State saved.
2026-08-02 16:27:54,506 [INFO] === CAPITAL RULES ===
2026-08-02 16:27:54,506 [INFO] Total capital: 1000.00 USDT
2026-08-02 16:27:54,507 [INFO] Per-deal budget: 30.00 USDT (3.0% of capital)
2026-08-02 16:27:54,507 [INFO] Base order: 3.29 USDT, up to 4 safety orders
2026-08-02 16:27:54,507 [INFO] Worst-case loss per deal: 3.60 USDT (0.36% of capital)
2026-08-02 16:27:54,507 [INFO] Max total exposure: 6.0% of capital
2026-08-02 16:27:54,613 [WARNING] Bybit price failed (You have breached the ip rate limit or your ip is from the usa. (ErrCode: 403) (ErrTime: 16:27:54).
Request → GET https://api.bybit.com/v5/market/tickers: category=spot&symbol=BTCUSDT.); trying Coinbase
2026-08-02 16:27:54,664 [INFO] BTCUSDT px=63032.0550 avg=64911.5994 tp=65885.2734 sl=57122.2074 next_so=61770.2458 (SO 2/4)
2026-08-02 16:27:54,668 [WARNING] Bybit price failed (You have breached the ip rate limit or your ip is from the usa. (ErrCode: 403) (ErrTime: 16:27:54).
Request → GET https://api.bybit.com/v5/market/tickers: category=spot&symbol=ETHUSDT.); trying Coinbase
2026-08-02 16:27:54,705 [INFO] ETHUSDT px=1855.8350 avg=1908.3191 tp=1936.9439 sl=1679.3209 next_so=1820.7049 (SO 2/4)
2026-08-02 16:27:54,705 [INFO] Single tick complete (GitHub Actions mode). State saved.
2026-08-02 17:33:36,086 [INFO] === CAPITAL RULES ===
2026-08-02 17:33:36,086 [INFO] Total capital: 1000.00 USDT
2026-08-02 17:33:36,086 [INFO] Per-deal budget: 30.00 USDT (3.0% of capital)
2026-08-02 17:33:36,086 [INFO] Base order: 3.29 USDT, up to 4 safety orders
2026-08-02 17:33:36,087 [INFO] Worst-case loss per deal: 3.60 USDT (0.36% of capital)
2026-08-02 17:33:36,087 [INFO] Max total exposure: 6.0% of capital
2026-08-02 17:33:36,234 [WARNING] Bybit price failed (You have breached the ip rate limit or your ip is from the usa. (ErrCode: 403) (ErrTime: 17:33:36).
Request → GET https://api.bybit.com/v5/market/tickers: category=spot&symbol=BTCUSDT.); trying Coinbase
2026-08-02 17:33:36,288 [INFO] BTCUSDT px=63224.8800 avg=64911.5994 tp=65885.2734 sl=57122.2074 next_so=61770.2458 (SO 2/4)
2026-08-02 17:33:36,292 [WARNING] Bybit price failed (You have breached the ip rate limit or your ip is from the usa. (ErrCode: 403) (ErrTime: 17:33:36).
Request → GET https://api.bybit.com/v5/market/tickers: category=spot&symbol=ETHUSDT.); trying Coinbase
2026-08-02 17:33:36,339 [INFO] ETHUSDT px=1865.3850 avg=1908.3191 tp=1936.9439 sl=1679.3209 next_so=1820.7049 (SO 2/4)
2026-08-02 17:33:36,339 [INFO] Single tick complete (GitHub Actions mode). State saved.
2026-08-02 18:40:30,798 [INFO] === CAPITAL RULES ===
2026-08-02 18:40:30,798 [INFO] Total capital: 1000.00 USDT
2026-08-02 18:40:30,798 [INFO] Per-deal budget: 30.00 USDT (3.0% of capital)
2026-08-02 18:40:30,798 [INFO] Base order: 3.29 USDT, up to 4 safety orders
2026-08-02 18:40:30,798 [INFO] Worst-case loss per deal: 3.60 USDT (0.36% of capital)
2026-08-02 18:40:30,798 [INFO] Max total exposure: 6.0% of capital
2026-08-02 18:40:30,932 [WARNING] Bybit price failed (You have breached the ip rate limit or your ip is from the usa. (ErrCode: 403) (ErrTime: 18:40:30).
Request → GET https://api.bybit.com/v5/market/tickers: category=spot&symbol=BTCUSDT.); trying Coinbase
2026-08-02 18:40:31,073 [INFO] BTCUSDT px=63379.4950 avg=64911.5994 tp=65885.2734 sl=57122.2074 next_so=61770.2458 (SO 2/4)
2026-08-02 18:40:31,081 [WARNING] Bybit price failed (You have breached the ip rate limit or your ip is from the usa. (ErrCode: 403) (ErrTime: 18:40:31).
Request → GET https://api.bybit.com/v5/market/tickers: category=spot&symbol=ETHUSDT.); trying Coinbase
2026-08-02 18:40:31,139 [INFO] ETHUSDT px=1875.9600 avg=1908.3191 tp=1936.9439 sl=1679.3209 next_so=1820.7049 (SO 2/4)
2026-08-02 18:40:31,139 [INFO] Single tick complete (GitHub Actions mode). State saved.
2026-08-02 19:53:16,149 [INFO] === CAPITAL RULES ===
2026-08-02 19:53:16,149 [INFO] Total capital: 1000.00 USDT
2026-08-02 19:53:16,149 [INFO] Per-deal budget: 30.00 USDT (3.0% of capital)
2026-08-02 19:53:16,149 [INFO] Base order: 3.29 USDT, up to 4 safety orders
2026-08-02 19:53:16,149 [INFO] Worst-case loss per deal: 3.60 USDT (0.36% of capital)
2026-08-02 19:53:16,149 [INFO] Max total exposure: 6.0% of capital
2026-08-02 19:53:16,298 [WARNING] Bybit price failed (You have breached the ip rate limit or your ip is from the usa. (ErrCode: 403) (ErrTime: 19:53:16).
Request → GET https://api.bybit.com/v5/market/tickers: category=spot&symbol=BTCUSDT.); trying Coinbase
2026-08-02 19:53:16,444 [INFO] BTCUSDT px=63380.4450 avg=64911.5994 tp=65885.2734 sl=57122.2074 next_so=61770.2458 (SO 2/4)
2026-08-02 19:53:16,464 [WARNING] Bybit price failed (You have breached the ip rate limit or your ip is from the usa. (ErrCode: 403) (ErrTime: 19:53:16).
Request → GET https://api.bybit.com/v5/market/tickers: category=spot&symbol=ETHUSDT.); trying Coinbase
2026-08-02 19:53:16,546 [INFO] ETHUSDT px=1880.3450 avg=1908.3191 tp=1936.9439 sl=1679.3209 next_so=1820.7049 (SO 2/4)
2026-08-02 19:53:16,546 [INFO] Single tick complete (GitHub Actions mode). State saved.
2026-08-02 20:51:23,129 [INFO] === CAPITAL RULES ===
2026-08-02 20:51:23,129 [INFO] Total capital: 1000.00 USDT
2026-08-02 20:51:23,129 [INFO] Per-deal budget: 30.00 USDT (3.0% of capital)
2026-08-02 20:51:23,129 [INFO] Base order: 3.29 USDT, up to 4 safety orders
2026-08-02 20:51:23,129 [INFO] Worst-case loss per deal: 3.60 USDT (0.36% of capital)
2026-08-02 20:51:23,129 [INFO] Max total exposure: 6.0% of capital
2026-08-02 20:51:23,388 [WARNING] Bybit price failed (You have breached the ip rate limit or your ip is from the usa. (ErrCode: 403) (ErrTime: 20:51:23).
Request → GET https://api.bybit.com/v5/market/tickers: category=spot&symbol=BTCUSDT.); trying Coinbase
2026-08-02 20:51:23,433 [INFO] BTCUSDT px=63388.8850 avg=64911.5994 tp=65885.2734 sl=57122.2074 next_so=61770.2458 (SO 2/4)
2026-08-02 20:51:23,437 [WARNING] Bybit price failed (You have breached the ip rate limit or your ip is from the usa. (ErrCode: 403) (ErrTime: 20:51:23).
Request → GET https://api.bybit.com/v5/market/tickers: category=spot&symbol=ETHUSDT.); trying Coinbase
2026-08-02 20:51:23,474 [INFO] ETHUSDT px=1880.9050 avg=1908.3191 tp=1936.9439 sl=1679.3209 next_so=1820.7049 (SO 2/4)
2026-08-02 20:51:23,475 [INFO] Single tick complete (GitHub Actions mode). State saved.
2026-08-02 21:52:48,330 [INFO] === CAPITAL RULES ===
2026-08-02 21:52:48,330 [INFO] Total capital: 1000.00 USDT
2026-08-02 21:52:48,330 [INFO] Per-deal budget: 30.00 USDT (3.0% of capital)
2026-08-02 21:52:48,331 [INFO] Base order: 3.29 USDT, up to 4 safety orders
2026-08-02 21:52:48,331 [INFO] Worst-case loss per deal: 3.60 USDT (0.36% of capital)
2026-08-02 21:52:48,331 [INFO] Max total exposure: 6.0% of capital
2026-08-02 21:52:48,418 [WARNING] Bybit price failed (You have breached the ip rate limit or your ip is from the usa. (ErrCode: 403) (ErrTime: 21:52:48).
Request → GET https://api.bybit.com/v5/market/tickers: category=spot&symbol=BTCUSDT.); trying Coinbase
2026-08-02 21:52:48,461 [INFO] BTCUSDT px=63569.9850 avg=64911.5994 tp=65885.2734 sl=57122.2074 next_so=61770.2458 (SO 2/4)
2026-08-02 21:52:48,465 [WARNING] Bybit price failed (You have breached the ip rate limit or your ip is from the usa. (ErrCode: 403) (ErrTime: 21:52:48).
Request → GET https://api.bybit.com/v5/market/tickers: category=spot&symbol=ETHUSDT.); trying Coinbase
2026-08-02 21:52:48,562 [INFO] ETHUSDT px=1890.3100 avg=1908.3191 tp=1936.9439 sl=1679.3209 next_so=1820.7049 (SO 2/4)
2026-08-02 21:52:48,563 [INFO] Single tick complete (GitHub Actions mode). State saved.
2026-08-02 22:53:20,680 [INFO] === CAPITAL RULES ===
2026-08-02 22:53:20,681 [INFO] Total capital: 1000.00 USDT
2026-08-02 22:53:20,681 [INFO] Per-deal budget: 30.00 USDT (3.0% of capital)
2026-08-02 22:53:20,681 [INFO] Base order: 3.29 USDT, up to 4 safety orders
2026-08-02 22:53:20,681 [INFO] Worst-case loss per deal: 3.60 USDT (0.36% of capital)
2026-08-02 22:53:20,681 [INFO] Max total exposure: 6.0% of capital
2026-08-02 22:53:20,873 [WARNING] Bybit price failed (You have breached the ip rate limit or your ip is from the usa. (ErrCode: 403) (ErrTime: 22:53:20).
Request → GET https://api.bybit.com/v5/market/tickers: category=spot&symbol=BTCUSDT.); trying Coinbase
2026-08-02 22:53:20,923 [INFO] BTCUSDT px=63377.4650 avg=64911.5994 tp=65885.2734 sl=57122.2074 next_so=61770.2458 (SO 2/4)
2026-08-02 22:53:20,927 [WARNING] Bybit price failed (You have breached the ip rate limit or your ip is from the usa. (ErrCode: 403) (ErrTime: 22:53:20).
Request → GET https://api.bybit.com/v5/market/tickers: category=spot&symbol=ETHUSDT.); trying Coinbase
2026-08-02 22:53:20,972 [INFO] ETHUSDT px=1880.6850 avg=1908.3191 tp=1936.9439 sl=1679.3209 next_so=1820.7049 (SO 2/4)
2026-08-02 22:53:20,972 [INFO] Single tick complete (GitHub Actions mode). State saved.
2026-08-02 23:55:44,223 [INFO] === CAPITAL RULES ===
2026-08-02 23:55:44,223 [INFO] Total capital: 1000.00 USDT
2026-08-02 23:55:44,223 [INFO] Per-deal budget: 30.00 USDT (3.0% of capital)
2026-08-02 23:55:44,224 [INFO] Base order: 3.29 USDT, up to 4 safety orders
2026-08-02 23:55:44,224 [INFO] Worst-case loss per deal: 3.60 USDT (0.36% of capital)
2026-08-02 23:55:44,224 [INFO] Max total exposure: 6.0% of capital
2026-08-02 23:55:44,323 [WARNING] Bybit price failed (You have breached the ip rate limit or your ip is from the usa. (ErrCode: 403) (ErrTime: 23:55:44).
Request → GET https://api.bybit.com/v5/market/tickers: category=spot&symbol=BTCUSDT.); trying Coinbase
2026-08-02 23:55:44,410 [INFO] BTCUSDT px=63439.0550 avg=64911.5994 tp=65885.2734 sl=57122.2074 next_so=61770.2458 (SO 2/4)
2026-08-02 23:55:44,414 [WARNING] Bybit price failed (You have breached the ip rate limit or your ip is from the usa. (ErrCode: 403) (ErrTime: 23:55:44).
Request → GET https://api.bybit.com/v5/market/tickers: category=spot&symbol=ETHUSDT.); trying Coinbase
2026-08-02 23:55:44,488 [INFO] ETHUSDT px=1881.9850 avg=1908.3191 tp=1936.9439 sl=1679.3209 next_so=1820.7049 (SO 2/4)
2026-08-02 23:55:44,489 [INFO] Single tick complete (GitHub Actions mode). State saved.
2026-08-03 02:37:25,538 [INFO] === CAPITAL RULES ===
2026-08-03 02:37:25,538 [INFO] Total capital: 1000.00 USDT
2026-08-03 02:37:25,539 [INFO] Per-deal budget: 30.00 USDT (3.0% of capital)
2026-08-03 02:37:25,539 [INFO] Base order: 3.29 USDT, up to 4 safety orders
2026-08-03 02:37:25,539 [INFO] Worst-case loss per deal: 3.60 USDT (0.36% of capital)
2026-08-03 02:37:25,539 [INFO] Max total exposure: 6.0% of capital
2026-08-03 02:37:25,629 [WARNING] Bybit price failed (You have breached the ip rate limit or your ip is from the usa. (ErrCode: 403) (ErrTime: 02:37:25).
Request → GET https://api.bybit.com/v5/market/tickers: category=spot&symbol=BTCUSDT.); trying Coinbase
2026-08-03 02:37:25,735 [INFO] BTCUSDT px=63084.5950 avg=64911.5994 tp=65885.2734 sl=57122.2074 next_so=61770.2458 (SO 2/4)
2026-08-03 02:37:25,739 [WARNING] Bybit price failed (You have breached the ip rate limit or your ip is from the usa. (ErrCode: 403) (ErrTime: 02:37:25).
Request → GET https://api.bybit.com/v5/market/tickers: category=spot&symbol=ETHUSDT.); trying Coinbase
2026-08-03 02:37:25,776 [INFO] ETHUSDT px=1865.0250 avg=1908.3191 tp=1936.9439 sl=1679.3209 next_so=1820.7049 (SO 2/4)
2026-08-03 02:37:25,776 [INFO] Single tick complete (GitHub Actions mode). State saved.
2026-08-03 05:59:10,146 [INFO] === CAPITAL RULES ===
2026-08-03 05:59:10,146 [INFO] Total capital: 1000.00 USDT
2026-08-03 05:59:10,146 [INFO] Per-deal budget: 30.00 USDT (3.0% of capital)
2026-08-03 05:59:10,146 [INFO] Base order: 3.29 USDT, up to 4 safety orders
2026-08-03 05:59:10,146 [INFO] Worst-case loss per deal: 3.60 USDT (0.36% of capital)
2026-08-03 05:59:10,146 [INFO] Max total exposure: 6.0% of capital
2026-08-03 05:59:10,391 [WARNING] Bybit price failed (You have breached the ip rate limit or your ip is from the usa. (ErrCode: 403) (ErrTime: 05:59:10).
Request → GET https://api.bybit.com/v5/market/tickers: category=spot&symbol=BTCUSDT.); trying Coinbase
2026-08-03 05:59:10,499 [INFO] BTCUSDT px=62730.7650 avg=64911.5994 tp=65885.2734 sl=57122.2074 next_so=61770.2458 (SO 2/4)
2026-08-03 05:59:10,502 [WARNING] Bybit price failed (You have breached the ip rate limit or your ip is from the usa. (ErrCode: 403) (ErrTime: 05:59:10).
Request → GET https://api.bybit.com/v5/market/tickers: category=spot&symbol=ETHUSDT.); trying Coinbase
2026-08-03 05:59:10,576 [INFO] ETHUSDT px=1857.2350 avg=1908.3191 tp=1936.9439 sl=1679.3209 next_so=1820.7049 (SO 2/4)
2026-08-03 05:59:10,576 [INFO] Single tick complete (GitHub Actions mode). State saved.
2026-08-03 10:00:18,338 [INFO] === CAPITAL RULES ===
2026-08-03 10:00:18,338 [INFO] Total capital: 1000.00 USDT
2026-08-03 10:00:18,338 [INFO] Per-deal budget: 30.00 USDT (3.0% of capital)
2026-08-03 10:00:18,338 [INFO] Base order: 3.29 USDT, up to 4 safety orders
2026-08-03 10:00:18,338 [INFO] Worst-case loss per deal: 3.60 USDT (0.36% of capital)
2026-08-03 10:00:18,338 [INFO] Max total exposure: 6.0% of capital
2026-08-03 10:00:18,573 [WARNING] Bybit price failed (You have breached the ip rate limit or your ip is from the usa. (ErrCode: 403) (ErrTime: 10:00:18).
Request → GET https://api.bybit.com/v5/market/tickers: category=spot&symbol=BTCUSDT.); trying Coinbase
2026-08-03 10:00:18,630 [INFO] BTCUSDT px=62749.3550 avg=64911.5994 tp=65885.2734 sl=57122.2074 next_so=61770.2458 (SO 2/4)
2026-08-03 10:00:18,638 [WARNING] Bybit price failed (You have breached the ip rate limit or your ip is from the usa. (ErrCode: 403) (ErrTime: 10:00:18).
Request → GET https://api.bybit.com/v5/market/tickers: category=spot&symbol=ETHUSDT.); trying Coinbase
2026-08-03 10:00:18,685 [INFO] ETHUSDT px=1850.1050 avg=1908.3191 tp=1936.9439 sl=1679.3209 next_so=1820.7049 (SO 2/4)
2026-08-03 10:00:18,685 [INFO] Single tick complete (GitHub Actions mode). State saved.
2026-08-03 13:19:56,159 [INFO] === CAPITAL RULES ===
2026-08-03 13:19:56,159 [INFO] Total capital: 1000.00 USDT
2026-08-03 13:19:56,159 [INFO] Per-deal budget: 30.00 USDT (3.0% of capital)
2026-08-03 13:19:56,159 [INFO] Base order: 3.29 USDT, up to 4 safety orders
2026-08-03 13:19:56,159 [INFO] Worst-case loss per deal: 3.60 USDT (0.36% of capital)
2026-08-03 13:19:56,159 [INFO] Max total exposure: 6.0% of capital
2026-08-03 13:19:56,299 [WARNING] Bybit price failed (You have breached the ip rate limit or your ip is from the usa. (ErrCode: 403) (ErrTime: 13:19:56).
Request → GET https://api.bybit.com/v5/market/tickers: category=spot&symbol=BTCUSDT.); trying Coinbase
2026-08-03 13:19:56,521 [INFO] BTCUSDT px=62873.4500 avg=64911.5994 tp=65885.2734 sl=57122.2074 next_so=61770.2458 (SO 2/4)
2026-08-03 13:19:56,525 [WARNING] Bybit price failed (You have breached the ip rate limit or your ip is from the usa. (ErrCode: 403) (ErrTime: 13:19:56).
Request → GET https://api.bybit.com/v5/market/tickers: category=spot&symbol=ETHUSDT.); trying Coinbase
2026-08-03 13:19:56,587 [INFO] ETHUSDT px=1847.7950 avg=1908.3191 tp=1936.9439 sl=1679.3209 next_so=1820.7049 (SO 2/4)
2026-08-03 13:19:56,587 [INFO] Single tick complete (GitHub Actions mode). State saved.
2026-08-03 16:00:37,434 [INFO] === CAPITAL RULES ===
2026-08-03 16:00:37,434 [INFO] Total capital: 1000.00 USDT
2026-08-03 16:00:37,434 [INFO] Per-deal budget: 30.00 USDT (3.0% of capital)
2026-08-03 16:00:37,434 [INFO] Base order: 3.29 USDT, up to 4 safety orders
2026-08-03 16:00:37,434 [INFO] Worst-case loss per deal: 3.60 USDT (0.36% of capital)
2026-08-03 16:00:37,434 [INFO] Max total exposure: 6.0% of capital
2026-08-03 16:00:37,601 [WARNING] Bybit price failed (You have breached the ip rate limit or your ip is from the usa. (ErrCode: 403) (ErrTime: 16:00:37).
Request → GET https://api.bybit.com/v5/market/tickers: category=spot&symbol=BTCUSDT.); trying Coinbase
2026-08-03 16:00:37,648 [INFO] BTCUSDT px=63632.5750 avg=64911.5994 tp=65885.2734 sl=57122.2074 next_so=61770.2458 (SO 2/4)
2026-08-03 16:00:37,653 [WARNING] Bybit price failed (You have breached the ip rate limit or your ip is from the usa. (ErrCode: 403) (ErrTime: 16:00:37).
Request → GET https://api.bybit.com/v5/market/tickers: category=spot&symbol=ETHUSDT.); trying Coinbase
2026-08-03 16:00:37,700 [INFO] ETHUSDT px=1861.5100 avg=1908.3191 tp=1936.9439 sl=1679.3209 next_so=1820.7049 (SO 2/4)
2026-08-03 16:00:37,700 [INFO] Single tick complete (GitHub Actions mode). State saved.
2026-08-03 18:03:30,979 [INFO] === CAPITAL RULES ===
2026-08-03 18:03:30,979 [INFO] Total capital: 1000.00 USDT
2026-08-03 18:03:30,979 [INFO] Per-deal budget: 30.00 USDT (3.0% of capital)
2026-08-03 18:03:30,979 [INFO] Base order: 3.29 USDT, up to 4 safety orders
2026-08-03 18:03:30,979 [INFO] Worst-case loss per deal: 3.60 USDT (0.36% of capital)
2026-08-03 18:03:30,979 [INFO] Max total exposure: 6.0% of capital
2026-08-03 18:03:31,216 [WARNING] Bybit price failed (You have breached the ip rate limit or your ip is from the usa. (ErrCode: 403) (ErrTime: 18:03:31).
Request → GET https://api.bybit.com/v5/market/tickers: category=spot&symbol=BTCUSDT.); trying Coinbase
2026-08-03 18:03:31,317 [INFO] BTCUSDT px=63849.5150 avg=64911.5994 tp=65885.2734 sl=57122.2074 next_so=61770.2458 (SO 2/4)
2026-08-03 18:03:31,329 [WARNING] Bybit price failed (You have breached the ip rate limit or your ip is from the usa. (ErrCode: 403) (ErrTime: 18:03:31).
Request → GET https://api.bybit.com/v5/market/tickers: category=spot&symbol=ETHUSDT.); trying Coinbase
2026-08-03 18:03:31,431 [INFO] ETHUSDT px=1868.0250 avg=1908.3191 tp=1936.9439 sl=1679.3209 next_so=1820.7049 (SO 2/4)
2026-08-03 18:03:31,432 [INFO] Single tick complete (GitHub Actions mode). State saved.
2026-08-03 19:56:13,064 [INFO] === CAPITAL RULES ===
2026-08-03 19:56:13,064 [INFO] Total capital: 1000.00 USDT
2026-08-03 19:56:13,064 [INFO] Per-deal budget: 30.00 USDT (3.0% of capital)
2026-08-03 19:56:13,065 [INFO] Base order: 3.29 USDT, up to 4 safety orders
2026-08-03 19:56:13,065 [INFO] Worst-case loss per deal: 3.60 USDT (0.36% of capital)
2026-08-03 19:56:13,065 [INFO] Max total exposure: 6.0% of capital
2026-08-03 19:56:13,168 [WARNING] Bybit price failed (You have breached the ip rate limit or your ip is from the usa. (ErrCode: 403) (ErrTime: 19:56:13).
Request → GET https://api.bybit.com/v5/market/tickers: category=spot&symbol=BTCUSDT.); trying Coinbase
2026-08-03 19:56:13,212 [INFO] BTCUSDT px=63850.7750 avg=64911.5994 tp=65885.2734 sl=57122.2074 next_so=61770.2458 (SO 2/4)
2026-08-03 19:56:13,217 [WARNING] Bybit price failed (You have breached the ip rate limit or your ip is from the usa. (ErrCode: 403) (ErrTime: 19:56:13).
Request → GET https://api.bybit.com/v5/market/tickers: category=spot&symbol=ETHUSDT.); trying Coinbase
2026-08-03 19:56:13,256 [INFO] ETHUSDT px=1869.1850 avg=1908.3191 tp=1936.9439 sl=1679.3209 next_so=1820.7049 (SO 2/4)
2026-08-03 19:56:13,256 [INFO] Single tick complete (GitHub Actions mode). State saved.
2026-08-03 21:01:25,303 [INFO] === CAPITAL RULES ===
2026-08-03 21:01:25,303 [INFO] Total capital: 1000.00 USDT
2026-08-03 21:01:25,303 [INFO] Per-deal budget: 30.00 USDT (3.0% of capital)
2026-08-03 21:01:25,303 [INFO] Base order: 3.29 USDT, up to 4 safety orders
2026-08-03 21:01:25,303 [INFO] Worst-case loss per deal: 3.60 USDT (0.36% of capital)
2026-08-03 21:01:25,303 [INFO] Max total exposure: 6.0% of capital
2026-08-03 21:01:25,413 [WARNING] Bybit price failed (You have breached the ip rate limit or your ip is from the usa. (ErrCode: 403) (ErrTime: 21:01:25).
Request → GET https://api.bybit.com/v5/market/tickers: category=spot&symbol=BTCUSDT.); trying Coinbase
2026-08-03 21:01:25,460 [INFO] BTCUSDT px=63712.2550 avg=64911.5994 tp=65885.2734 sl=57122.2074 next_so=61770.2458 (SO 2/4)
2026-08-03 21:01:25,465 [WARNING] Bybit price failed (You have breached the ip rate limit or your ip is from the usa. (ErrCode: 403) (ErrTime: 21:01:25).
Request → GET https://api.bybit.com/v5/market/tickers: category=spot&symbol=ETHUSDT.); trying Coinbase
2026-08-03 21:01:25,508 [INFO] ETHUSDT px=1866.9800 avg=1908.3191 tp=1936.9439 sl=1679.3209 next_so=1820.7049 (SO 2/4)
2026-08-03 21:01:25,509 [INFO] Single tick complete (GitHub Actions mode). State saved.
2026-08-03 22:16:46,088 [INFO] === CAPITAL RULES ===
2026-08-03 22:16:46,088 [INFO] Total capital: 1000.00 USDT
2026-08-03 22:16:46,088 [INFO] Per-deal budget: 30.00 USDT (3.0% of capital)
2026-08-03 22:16:46,088 [INFO] Base order: 3.29 USDT, up to 4 safety orders
2026-08-03 22:16:46,089 [INFO] Worst-case loss per deal: 3.60 USDT (0.36% of capital)
2026-08-03 22:16:46,089 [INFO] Max total exposure: 6.0% of capital
2026-08-03 22:16:46,241 [WARNING] Bybit price failed (You have breached the ip rate limit or your ip is from the usa. (ErrCode: 403) (ErrTime: 22:16:46).
Request → GET https://api.bybit.com/v5/market/tickers: category=spot&symbol=BTCUSDT.); trying Coinbase
2026-08-03 22:16:46,286 [INFO] BTCUSDT px=63512.7600 avg=64911.5994 tp=65885.2734 sl=57122.2074 next_so=61770.2458 (SO 2/4)
2026-08-03 22:16:46,290 [WARNING] Bybit price failed (You have breached the ip rate limit or your ip is from the usa. (ErrCode: 403) (ErrTime: 22:16:46).
Request → GET https://api.bybit.com/v5/market/tickers: category=spot&symbol=ETHUSDT.); trying Coinbase
2026-08-03 22:16:46,326 [INFO] ETHUSDT px=1860.8050 avg=1908.3191 tp=1936.9439 sl=1679.3209 next_so=1820.7049 (SO 2/4)
2026-08-03 22:16:46,327 [INFO] Single tick complete (GitHub Actions mode). State saved.
2026-08-03 23:34:32,777 [INFO] === CAPITAL RULES ===
2026-08-03 23:34:32,778 [INFO] Total capital: 1000.00 USDT
2026-08-03 23:34:32,778 [INFO] Per-deal budget: 30.00 USDT (3.0% of capital)
2026-08-03 23:34:32,778 [INFO] Base order: 3.29 USDT, up to 4 safety orders
2026-08-03 23:34:32,778 [INFO] Worst-case loss per deal: 3.60 USDT (0.36% of capital)
2026-08-03 23:34:32,778 [INFO] Max total exposure: 6.0% of capital
2026-08-03 23:34:32,833 [WARNING] Bybit price failed (You have breached the ip rate limit or your ip is from the usa. (ErrCode: 403) (ErrTime: 23:34:32).
Request → GET https://api.bybit.com/v5/market/tickers: category=spot&symbol=BTCUSDT.); trying Coinbase
2026-08-03 23:34:32,889 [INFO] BTCUSDT px=63467.1550 avg=64911.5994 tp=65885.2734 sl=57122.2074 next_so=61770.2458 (SO 2/4)
2026-08-03 23:34:32,893 [WARNING] Bybit price failed (You have breached the ip rate limit or your ip is from the usa. (ErrCode: 403) (ErrTime: 23:34:32).
Request → GET https://api.bybit.com/v5/market/tickers: category=spot&symbol=ETHUSDT.); trying Coinbase
2026-08-03 23:34:32,973 [INFO] ETHUSDT px=1857.4850 avg=1908.3191 tp=1936.9439 sl=1679.3209 next_so=1820.7049 (SO 2/4)
2026-08-03 23:34:32,973 [INFO] Single tick complete (GitHub Actions mode). State saved.
2026-08-04 01:05:38,731 [INFO] === CAPITAL RULES ===
2026-08-04 01:05:38,731 [INFO] Total capital: 1000.00 USDT
2026-08-04 01:05:38,731 [INFO] Per-deal budget: 30.00 USDT (3.0% of capital)
2026-08-04 01:05:38,731 [INFO] Base order: 3.29 USDT, up to 4 safety orders
2026-08-04 01:05:38,731 [INFO] Worst-case loss per deal: 3.60 USDT (0.36% of capital)
2026-08-04 01:05:38,731 [INFO] Max total exposure: 6.0% of capital
2026-08-04 01:05:38,969 [WARNING] Bybit price failed (You have breached the ip rate limit or your ip is from the usa. (ErrCode: 403) (ErrTime: 01:05:38).
Request → GET https://api.bybit.com/v5/market/tickers: category=spot&symbol=BTCUSDT.); trying Coinbase
2026-08-04 01:05:39,034 [INFO] BTCUSDT px=63399.9950 avg=64911.5994 tp=65885.2734 sl=57122.2074 next_so=61770.2458 (SO 2/4)
2026-08-04 01:05:39,043 [WARNING] Bybit price failed (You have breached the ip rate limit or your ip is from the usa. (ErrCode: 403) (ErrTime: 01:05:39).
Request → GET https://api.bybit.com/v5/market/tickers: category=spot&symbol=ETHUSDT.); trying Coinbase
2026-08-04 01:05:39,091 [INFO] ETHUSDT px=1850.2500 avg=1908.3191 tp=1936.9439 sl=1679.3209 next_so=1820.7049 (SO 2/4)
2026-08-04 01:05:39,091 [INFO] Single tick complete (GitHub Actions mode). State saved.
2026-08-04 04:29:38,259 [INFO] === CAPITAL RULES ===
2026-08-04 04:29:38,259 [INFO] Total capital: 1000.00 USDT
2026-08-04 04:29:38,259 [INFO] Per-deal budget: 30.00 USDT (3.0% of capital)
2026-08-04 04:29:38,259 [INFO] Base order: 3.29 USDT, up to 4 safety orders
2026-08-04 04:29:38,259 [INFO] Worst-case loss per deal: 3.60 USDT (0.36% of capital)
2026-08-04 04:29:38,259 [INFO] Max total exposure: 6.0% of capital
2026-08-04 04:29:38,518 [WARNING] Bybit price failed (You have breached the ip rate limit or your ip is from the usa. (ErrCode: 403) (ErrTime: 04:29:38).
Request → GET https://api.bybit.com/v5/market/tickers: category=spot&symbol=BTCUSDT.); trying Coinbase
2026-08-04 04:29:38,589 [INFO] BTCUSDT px=63775.2850 avg=64911.5994 tp=65885.2734 sl=57122.2074 next_so=61770.2458 (SO 2/4)
2026-08-04 04:29:38,606 [WARNING] Bybit price failed (You have breached the ip rate limit or your ip is from the usa. (ErrCode: 403) (ErrTime: 04:29:38).
Request → GET https://api.bybit.com/v5/market/tickers: category=spot&symbol=ETHUSDT.); trying Coinbase
2026-08-04 04:29:38,701 [INFO] ETHUSDT px=1864.7650 avg=1908.3191 tp=1936.9439 sl=1679.3209 next_so=1820.7049 (SO 2/4)
2026-08-04 04:29:38,701 [INFO] Single tick complete (GitHub Actions mode). State saved.
2026-08-04 07:16:42,988 [INFO] === CAPITAL RULES ===
2026-08-04 07:16:42,988 [INFO] Total capital: 1000.00 USDT
2026-08-04 07:16:42,988 [INFO] Per-deal budget: 30.00 USDT (3.0% of capital)
2026-08-04 07:16:42,988 [INFO] Base order: 3.29 USDT, up to 4 safety orders
2026-08-04 07:16:42,988 [INFO] Worst-case loss per deal: 3.60 USDT (0.36% of capital)
2026-08-04 07:16:42,988 [INFO] Max total exposure: 6.0% of capital
2026-08-04 07:16:43,128 [WARNING] Bybit price failed (You have breached the ip rate limit or your ip is from the usa. (ErrCode: 403) (ErrTime: 07:16:43).
Request → GET https://api.bybit.com/v5/market/tickers: category=spot&symbol=BTCUSDT.); trying Coinbase
2026-08-04 07:16:43,264 [INFO] BTCUSDT px=63512.7750 avg=64911.5994 tp=65885.2734 sl=57122.2074 next_so=61770.2458 (SO 2/4)
2026-08-04 07:16:43,268 [WARNING] Bybit price failed (You have breached the ip rate limit or your ip is from the usa. (ErrCode: 403) (ErrTime: 07:16:43).
Request → GET https://api.bybit.com/v5/market/tickers: category=spot&symbol=ETHUSDT.); trying Coinbase
2026-08-04 07:16:43,304 [INFO] ETHUSDT px=1854.0450 avg=1908.3191 tp=1936.9439 sl=1679.3209 next_so=1820.7049 (SO 2/4)
2026-08-04 07:16:43,304 [INFO] Single tick complete (GitHub Actions mode). State saved.
2026-08-04 10:08:02,929 [INFO] === CAPITAL RULES ===
2026-08-04 10:08:02,929 [INFO] Total capital: 1000.00 USDT
2026-08-04 10:08:02,929 [INFO] Per-deal budget: 30.00 USDT (3.0% of capital)
2026-08-04 10:08:02,929 [INFO] Base order: 3.29 USDT, up to 4 safety orders
2026-08-04 10:08:02,929 [INFO] Worst-case loss per deal: 3.60 USDT (0.36% of capital)
2026-08-04 10:08:02,929 [INFO] Max total exposure: 6.0% of capital
2026-08-04 10:08:02,985 [WARNING] Bybit price failed (You have breached the ip rate limit or your ip is from the usa. (ErrCode: 403) (ErrTime: 10:08:02).
Request → GET https://api.bybit.com/v5/market/tickers: category=spot&symbol=BTCUSDT.); trying Coinbase
2026-08-04 10:08:03,033 [INFO] BTCUSDT px=63470.3450 avg=64911.5994 tp=65885.2734 sl=57122.2074 next_so=61770.2458 (SO 2/4)
2026-08-04 10:08:03,038 [WARNING] Bybit price failed (You have breached the ip rate limit or your ip is from the usa. (ErrCode: 403) (ErrTime: 10:08:03).
Request → GET https://api.bybit.com/v5/market/tickers: category=spot&symbol=ETHUSDT.); trying Coinbase
2026-08-04 10:08:03,073 [INFO] ETHUSDT px=1854.9050 avg=1908.3191 tp=1936.9439 sl=1679.3209 next_so=1820.7049 (SO 2/4)
2026-08-04 10:08:03,073 [INFO] Single tick complete (GitHub Actions mode). State saved.
2026-08-04 12:17:31,792 [INFO] === CAPITAL RULES ===
2026-08-04 12:17:31,792 [INFO] Total capital: 1000.00 USDT
2026-08-04 12:17:31,792 [INFO] Per-deal budget: 30.00 USDT (3.0% of capital)
2026-08-04 12:17:31,793 [INFO] Base order: 3.29 USDT, up to 4 safety orders
2026-08-04 12:17:31,793 [INFO] Worst-case loss per deal: 3.60 USDT (0.36% of capital)
2026-08-04 12:17:31,793 [INFO] Max total exposure: 6.0% of capital
2026-08-04 12:17:32,001 [WARNING] Bybit price failed (You have breached the ip rate limit or your ip is from the usa. (ErrCode: 403) (ErrTime: 12:17:32).
Request → GET https://api.bybit.com/v5/market/tickers: category=spot&symbol=BTCUSDT.); trying Coinbase
2026-08-04 12:17:32,147 [INFO] BTCUSDT px=63742.3650 avg=64911.5994 tp=65885.2734 sl=57122.2074 next_so=61770.2458 (SO 2/4)
2026-08-04 12:17:32,151 [WARNING] Bybit price failed (You have breached the ip rate limit or your ip is from the usa. (ErrCode: 403) (ErrTime: 12:17:32).
Request → GET https://api.bybit.com/v5/market/tickers: category=spot&symbol=ETHUSDT.); trying Coinbase
2026-08-04 12:17:32,205 [INFO] ETHUSDT px=1867.0950 avg=1908.3191 tp=1936.9439 sl=1679.3209 next_so=1820.7049 (SO 2/4)
2026-08-04 12:17:32,206 [INFO] Single tick complete (GitHub Actions mode). State saved.
2026-08-04 14:59:02,329 [INFO] === CAPITAL RULES ===
2026-08-04 14:59:02,329 [INFO] Total capital: 1000.00 USDT
2026-08-04 14:59:02,330 [INFO] Per-deal budget: 30.00 USDT (3.0% of capital)
2026-08-04 14:59:02,330 [INFO] Base order: 3.29 USDT, up to 4 safety orders
2026-08-04 14:59:02,330 [INFO] Worst-case loss per deal: 3.60 USDT (0.36% of capital)
2026-08-04 14:59:02,330 [INFO] Max total exposure: 6.0% of capital
2026-08-04 14:59:02,593 [WARNING] Bybit price failed (You have breached the ip rate limit or your ip is from the usa. (ErrCode: 403) (ErrTime: 14:59:02).
Request → GET https://api.bybit.com/v5/market/tickers: category=spot&symbol=BTCUSDT.); trying Coinbase
2026-08-04 14:59:02,642 [INFO] BTCUSDT px=64106.2850 avg=64911.5994 tp=65885.2734 sl=57122.2074 next_so=61770.2458 (SO 2/4)
2026-08-04 14:59:02,669 [WARNING] Bybit price failed (You have breached the ip rate limit or your ip is from the usa. (ErrCode: 403) (ErrTime: 14:59:02).
Request → GET https://api.bybit.com/v5/market/tickers: category=spot&symbol=ETHUSDT.); trying Coinbase
2026-08-04 14:59:02,726 [INFO] ETHUSDT px=1872.5450 avg=1908.3191 tp=1936.9439 sl=1679.3209 next_so=1820.7049 (SO 2/4)
2026-08-04 14:59:02,726 [INFO] Single tick complete (GitHub Actions mode). State saved.
2026-08-04 16:57:54,848 [INFO] === CAPITAL RULES ===
2026-08-04 16:57:54,848 [INFO] Total capital: 1000.00 USDT
2026-08-04 16:57:54,848 [INFO] Per-deal budget: 30.00 USDT (3.0% of capital)
2026-08-04 16:57:54,848 [INFO] Base order: 3.29 USDT, up to 4 safety orders
2026-08-04 16:57:54,848 [INFO] Worst-case loss per deal: 3.60 USDT (0.36% of capital)
2026-08-04 16:57:54,848 [INFO] Max total exposure: 6.0% of capital
2026-08-04 16:57:54,989 [WARNING] Bybit price failed (You have breached the ip rate limit or your ip is from the usa. (ErrCode: 403) (ErrTime: 16:57:54).
Request → GET https://api.bybit.com/v5/market/tickers: category=spot&symbol=BTCUSDT.); trying Coinbase
2026-08-04 16:57:55,063 [INFO] BTCUSDT px=63880.7750 avg=64911.5994 tp=65885.2734 sl=57122.2074 next_so=61770.2458 (SO 2/4)
2026-08-04 16:57:55,071 [WARNING] Bybit price failed (You have breached the ip rate limit or your ip is from the usa. (ErrCode: 403) (ErrTime: 16:57:55).
Request → GET https://api.bybit.com/v5/market/tickers: category=spot&symbol=ETHUSDT.); trying Coinbase
2026-08-04 16:57:55,132 [INFO] ETHUSDT px=1866.8350 avg=1908.3191 tp=1936.9439 sl=1679.3209 next_so=1820.7049 (SO 2/4)
2026-08-04 16:57:55,133 [INFO] Single tick complete (GitHub Actions mode). State saved.
2026-08-04 18:40:33,781 [INFO] === CAPITAL RULES ===
2026-08-04 18:40:33,781 [INFO] Total capital: 1000.00 USDT
2026-08-04 18:40:33,781 [INFO] Per-deal budget: 30.00 USDT (3.0% of capital)
2026-08-04 18:40:33,781 [INFO] Base order: 3.29 USDT, up to 4 safety orders
2026-08-04 18:40:33,781 [INFO] Worst-case loss per deal: 3.60 USDT (0.36% of capital)
2026-08-04 18:40:33,781 [INFO] Max total exposure: 6.0% of capital
2026-08-04 18:40:33,955 [WARNING] Bybit price failed (You have breached the ip rate limit or your ip is from the usa. (ErrCode: 403) (ErrTime: 18:40:33).
Request → GET https://api.bybit.com/v5/market/tickers: category=spot&symbol=BTCUSDT.); trying Coinbase
2026-08-04 18:40:34,073 [INFO] BTCUSDT px=64194.1450 avg=64911.5994 tp=65885.2734 sl=57122.2074 next_so=61770.2458 (SO 2/4)
2026-08-04 18:40:34,085 [WARNING] Bybit price failed (You have breached the ip rate limit or your ip is from the usa. (ErrCode: 403) (ErrTime: 18:40:34).
Request → GET https://api.bybit.com/v5/market/tickers: category=spot&symbol=ETHUSDT.); trying Coinbase
2026-08-04 18:40:34,182 [INFO] ETHUSDT px=1872.9650 avg=1908.3191 tp=1936.9439 sl=1679.3209 next_so=1820.7049 (SO 2/4)
2026-08-04 18:40:34,183 [INFO] Single tick complete (GitHub Actions mode). State saved.
2026-08-04 20:12:24,717 [INFO] === CAPITAL RULES ===
2026-08-04 20:12:24,717 [INFO] Total capital: 1000.00 USDT
2026-08-04 20:12:24,717 [INFO] Per-deal budget: 30.00 USDT (3.0% of capital)
2026-08-04 20:12:24,717 [INFO] Base order: 3.29 USDT, up to 4 safety orders
2026-08-04 20:12:24,717 [INFO] Worst-case loss per deal: 3.60 USDT (0.36% of capital)
2026-08-04 20:12:24,717 [INFO] Max total exposure: 6.0% of capital
2026-08-04 20:12:24,804 [WARNING] Bybit price failed (You have breached the ip rate limit or your ip is from the usa. (ErrCode: 403) (ErrTime: 20:12:24).
Request → GET https://api.bybit.com/v5/market/tickers: category=spot&symbol=BTCUSDT.); trying Coinbase
2026-08-04 20:12:25,068 [INFO] BTCUSDT px=64119.0150 avg=64911.5994 tp=65885.2734 sl=57122.2074 next_so=61770.2458 (SO 2/4)
2026-08-04 20:12:25,071 [WARNING] Bybit price failed (You have breached the ip rate limit or your ip is from the usa. (ErrCode: 403) (ErrTime: 20:12:25).
Request → GET https://api.bybit.com/v5/market/tickers: category=spot&symbol=ETHUSDT.); trying Coinbase
2026-08-04 20:12:25,291 [INFO] ETHUSDT px=1872.0250 avg=1908.3191 tp=1936.9439 sl=1679.3209 next_so=1820.7049 (SO 2/4)
2026-08-04 20:12:25,291 [INFO] Single tick complete (GitHub Actions mode). State saved.
2026-08-04 21:36:40,411 [INFO] === CAPITAL RULES ===
2026-08-04 21:36:40,411 [INFO] Total capital: 1000.00 USDT
2026-08-04 21:36:40,411 [INFO] Per-deal budget: 30.00 USDT (3.0% of capital)
2026-08-04 21:36:40,411 [INFO] Base order: 3.29 USDT, up to 4 safety orders
2026-08-04 21:36:40,411 [INFO] Worst-case loss per deal: 3.60 USDT (0.36% of capital)
2026-08-04 21:36:40,411 [INFO] Max total exposure: 6.0% of capital
2026-08-04 21:36:40,584 [WARNING] Bybit price failed (You have breached the ip rate limit or your ip is from the usa. (ErrCode: 403) (ErrTime: 21:36:40).
Request → GET https://api.bybit.com/v5/market/tickers: category=spot&symbol=BTCUSDT.); trying Coinbase
2026-08-04 21:36:40,631 [INFO] BTCUSDT px=64188.6750 avg=64911.5994 tp=65885.2734 sl=57122.2074 next_so=61770.2458 (SO 2/4)
2026-08-04 21:36:40,637 [WARNING] Bybit price failed (You have breached the ip rate limit or your ip is from the usa. (ErrCode: 403) (ErrTime: 21:36:40).
Request → GET https://api.bybit.com/v5/market/tickers: category=spot&symbol=ETHUSDT.); trying Coinbase
2026-08-04 21:36:40,679 [INFO] ETHUSDT px=1871.9550 avg=1908.3191 tp=1936.9439 sl=1679.3209 next_so=1820.7049 (SO 2/4)
2026-08-04 21:36:40,679 [INFO] Single tick complete (GitHub Actions mode). State saved.
2026-08-04 22:43:33,388 [INFO] === CAPITAL RULES ===
2026-08-04 22:43:33,388 [INFO] Total capital: 1000.00 USDT
2026-08-04 22:43:33,388 [INFO] Per-deal budget: 30.00 USDT (3.0% of capital)
2026-08-04 22:43:33,388 [INFO] Base order: 3.29 USDT, up to 4 safety orders
2026-08-04 22:43:33,388 [INFO] Worst-case loss per deal: 3.60 USDT (0.36% of capital)
2026-08-04 22:43:33,388 [INFO] Max total exposure: 6.0% of capital
2026-08-04 22:43:33,512 [WARNING] Bybit price failed (You have breached the ip rate limit or your ip is from the usa. (ErrCode: 403) (ErrTime: 22:43:33).
Request → GET https://api.bybit.com/v5/market/tickers: category=spot&symbol=BTCUSDT.); trying Coinbase
2026-08-04 22:43:33,784 [INFO] BTCUSDT px=64169.6750 avg=64911.5994 tp=65885.2734 sl=57122.2074 next_so=61770.2458 (SO 2/4)
2026-08-04 22:43:33,803 [WARNING] Bybit price failed (You have breached the ip rate limit or your ip is from the usa. (ErrCode: 403) (ErrTime: 22:43:33).
Request → GET https://api.bybit.com/v5/market/tickers: category=spot&symbol=ETHUSDT.); trying Coinbase
2026-08-04 22:43:34,049 [INFO] ETHUSDT px=1873.6050 avg=1908.3191 tp=1936.9439 sl=1679.3209 next_so=1820.7049 (SO 2/4)
2026-08-04 22:43:34,050 [INFO] Single tick complete (GitHub Actions mode). State saved.
2026-08-04 23:44:30,596 [INFO] === CAPITAL RULES ===
2026-08-04 23:44:30,597 [INFO] Total capital: 1000.00 USDT
2026-08-04 23:44:30,597 [INFO] Per-deal budget: 30.00 USDT (3.0% of capital)
2026-08-04 23:44:30,597 [INFO] Base order: 3.29 USDT, up to 4 safety orders
2026-08-04 23:44:30,597 [INFO] Worst-case loss per deal: 3.60 USDT (0.36% of capital)
2026-08-04 23:44:30,597 [INFO] Max total exposure: 6.0% of capital
2026-08-04 23:44:30,770 [WARNING] Bybit price failed (You have breached the ip rate limit or your ip is from the usa. (ErrCode: 403) (ErrTime: 23:44:30).
Request → GET https://api.bybit.com/v5/market/tickers: category=spot&symbol=BTCUSDT.); trying Coinbase
2026-08-04 23:44:30,824 [INFO] BTCUSDT px=64191.9950 avg=64911.5994 tp=65885.2734 sl=57122.2074 next_so=61770.2458 (SO 2/4)
2026-08-04 23:44:30,828 [WARNING] Bybit price failed (You have breached the ip rate limit or your ip is from the usa. (ErrCode: 403) (ErrTime: 23:44:30).
Request → GET https://api.bybit.com/v5/market/tickers: category=spot&symbol=ETHUSDT.); trying Coinbase
2026-08-04 23:44:30,867 [INFO] ETHUSDT px=1870.7650 avg=1908.3191 tp=1936.9439 sl=1679.3209 next_so=1820.7049 (SO 2/4)
2026-08-04 23:44:30,867 [INFO] Single tick complete (GitHub Actions mode). State saved.
2026-08-05 01:07:28,180 [INFO] === CAPITAL RULES ===
2026-08-05 01:07:28,180 [INFO] Total capital: 1000.00 USDT
2026-08-05 01:07:28,180 [INFO] Per-deal budget: 30.00 USDT (3.0% of capital)
2026-08-05 01:07:28,180 [INFO] Base order: 3.29 USDT, up to 4 safety orders
2026-08-05 01:07:28,180 [INFO] Worst-case loss per deal: 3.60 USDT (0.36% of capital)
2026-08-05 01:07:28,180 [INFO] Max total exposure: 6.0% of capital
2026-08-05 01:07:28,377 [WARNING] Bybit price failed (You have breached the ip rate limit or your ip is from the usa. (ErrCode: 403) (ErrTime: 01:07:28).
Request → GET https://api.bybit.com/v5/market/tickers: category=spot&symbol=BTCUSDT.); trying Coinbase
2026-08-05 01:07:28,445 [INFO] BTCUSDT px=63927.5000 avg=64911.5994 tp=65885.2734 sl=57122.2074 next_so=61770.2458 (SO 2/4)
2026-08-05 01:07:28,450 [WARNING] Bybit price failed (You have breached the ip rate limit or your ip is from the usa. (ErrCode: 403) (ErrTime: 01:07:28).
Request → GET https://api.bybit.com/v5/market/tickers: category=spot&symbol=ETHUSDT.); trying Coinbase
2026-08-05 01:07:28,490 [INFO] ETHUSDT px=1862.1350 avg=1908.3191 tp=1936.9439 sl=1679.3209 next_so=1820.7049 (SO 2/4)
2026-08-05 01:07:28,490 [INFO] Single tick complete (GitHub Actions mode). State saved.
2026-08-05 04:28:14,425 [INFO] === CAPITAL RULES ===
2026-08-05 04:28:14,425 [INFO] Total capital: 1000.00 USDT
2026-08-05 04:28:14,425 [INFO] Per-deal budget: 30.00 USDT (3.0% of capital)
2026-08-05 04:28:14,425 [INFO] Base order: 3.29 USDT, up to 4 safety orders
2026-08-05 04:28:14,425 [INFO] Worst-case loss per deal: 3.60 USDT (0.36% of capital)
2026-08-05 04:28:14,425 [INFO] Max total exposure: 6.0% of capital
2026-08-05 04:28:14,598 [WARNING] Bybit price failed (You have breached the ip rate limit or your ip is from the usa. (ErrCode: 403) (ErrTime: 04:28:14).
Request → GET https://api.bybit.com/v5/market/tickers: category=spot&symbol=BTCUSDT.); trying Coinbase
2026-08-05 04:28:14,667 [INFO] BTCUSDT px=64080.4450 avg=64911.5994 tp=65885.2734 sl=57122.2074 next_so=61770.2458 (SO 2/4)
2026-08-05 04:28:14,679 [WARNING] Bybit price failed (You have breached the ip rate limit or your ip is from the usa. (ErrCode: 403) (ErrTime: 04:28:14).
Request → GET https://api.bybit.com/v5/market/tickers: category=spot&symbol=ETHUSDT.); trying Coinbase
2026-08-05 04:28:14,729 [INFO] ETHUSDT px=1866.0150 avg=1908.3191 tp=1936.9439 sl=1679.3209 next_so=1820.7049 (SO 2/4)
2026-08-05 04:28:14,729 [INFO] Single tick complete (GitHub Actions mode). State saved.
2026-08-05 07:16:32,338 [INFO] === CAPITAL RULES ===
2026-08-05 07:16:32,338 [INFO] Total capital: 1000.00 USDT
2026-08-05 07:16:32,338 [INFO] Per-deal budget: 30.00 USDT (3.0% of capital)
2026-08-05 07:16:32,338 [INFO] Base order: 3.29 USDT, up to 4 safety orders
2026-08-05 07:16:32,338 [INFO] Worst-case loss per deal: 3.60 USDT (0.36% of capital)
2026-08-05 07:16:32,338 [INFO] Max total exposure: 6.0% of capital
2026-08-05 07:16:32,534 [WARNING] Bybit price failed (You have breached the ip rate limit or your ip is from the usa. (ErrCode: 403) (ErrTime: 07:16:32).
Request → GET https://api.bybit.com/v5/market/tickers: category=spot&symbol=BTCUSDT.); trying Coinbase
2026-08-05 07:16:32,597 [INFO] BTCUSDT px=64101.3450 avg=64911.5994 tp=65885.2734 sl=57122.2074 next_so=61770.2458 (SO 2/4)
2026-08-05 07:16:32,606 [WARNING] Bybit price failed (You have breached the ip rate limit or your ip is from the usa. (ErrCode: 403) (ErrTime: 07:16:32).
Request → GET https://api.bybit.com/v5/market/tickers: category=spot&symbol=ETHUSDT.); trying Coinbase
2026-08-05 07:16:32,654 [INFO] ETHUSDT px=1864.8150 avg=1908.3191 tp=1936.9439 sl=1679.3209 next_so=1820.7049 (SO 2/4)
2026-08-05 07:16:32,654 [INFO] Single tick complete (GitHub Actions mode). State saved.
2026-08-05 10:05:05,234 [INFO] === CAPITAL RULES ===
2026-08-05 10:05:05,234 [INFO] Total capital: 1000.00 USDT
2026-08-05 10:05:05,234 [INFO] Per-deal budget: 30.00 USDT (3.0% of capital)
2026-08-05 10:05:05,234 [INFO] Base order: 3.29 USDT, up to 4 safety orders
2026-08-05 10:05:05,234 [INFO] Worst-case loss per deal: 3.60 USDT (0.36% of capital)
2026-08-05 10:05:05,235 [INFO] Max total exposure: 6.0% of capital
2026-08-05 10:05:05,449 [WARNING] Bybit price failed (You have breached the ip rate limit or your ip is from the usa. (ErrCode: 403) (ErrTime: 10:05:05).
Request → GET https://api.bybit.com/v5/market/tickers: category=spot&symbol=BTCUSDT.); trying Coinbase
2026-08-05 10:05:05,540 [INFO] BTCUSDT px=64092.9550 avg=64911.5994 tp=65885.2734 sl=57122.2074 next_so=61770.2458 (SO 2/4)
2026-08-05 10:05:05,545 [WARNING] Bybit price failed (You have breached the ip rate limit or your ip is from the usa. (ErrCode: 403) (ErrTime: 10:05:05).
Request → GET https://api.bybit.com/v5/market/tickers: category=spot&symbol=ETHUSDT.); trying Coinbase
2026-08-05 10:05:05,585 [INFO] ETHUSDT px=1870.4850 avg=1908.3191 tp=1936.9439 sl=1679.3209 next_so=1820.7049 (SO 2/4)
2026-08-05 10:05:05,585 [INFO] Single tick complete (GitHub Actions mode). State saved.
2026-08-05 12:15:13,647 [INFO] === CAPITAL RULES ===
2026-08-05 12:15:13,647 [INFO] Total capital: 1000.00 USDT
2026-08-05 12:15:13,647 [INFO] Per-deal budget: 30.00 USDT (3.0% of capital)
2026-08-05 12:15:13,647 [INFO] Base order: 3.29 USDT, up to 4 safety orders
2026-08-05 12:15:13,647 [INFO] Worst-case loss per deal: 3.60 USDT (0.36% of capital)
2026-08-05 12:15:13,647 [INFO] Max total exposure: 6.0% of capital
2026-08-05 12:15:13,885 [WARNING] Bybit price failed (You have breached the ip rate limit or your ip is from the usa. (ErrCode: 403) (ErrTime: 12:15:13).
Request → GET https://api.bybit.com/v5/market/tickers: category=spot&symbol=BTCUSDT.); trying Coinbase
2026-08-05 12:15:13,969 [INFO] BTCUSDT px=64146.6350 avg=64911.5994 tp=65885.2734 sl=57122.2074 next_so=61770.2458 (SO 2/4)
2026-08-05 12:15:13,977 [WARNING] Bybit price failed (You have breached the ip rate limit or your ip is from the usa. (ErrCode: 403) (ErrTime: 12:15:13).
Request → GET https://api.bybit.com/v5/market/tickers: category=spot&symbol=ETHUSDT.); trying Coinbase
2026-08-05 12:15:14,058 [INFO] ETHUSDT px=1870.4450 avg=1908.3191 tp=1936.9439 sl=1679.3209 next_so=1820.7049 (SO 2/4)
2026-08-05 12:15:14,058 [INFO] Single tick complete (GitHub Actions mode). State saved.
2026-08-05 14:53:01,584 [INFO] === CAPITAL RULES ===
2026-08-05 14:53:01,585 [INFO] Total capital: 1000.00 USDT
2026-08-05 14:53:01,585 [INFO] Per-deal budget: 30.00 USDT (3.0% of capital)
2026-08-05 14:53:01,585 [INFO] Base order: 3.29 USDT, up to 4 safety orders
2026-08-05 14:53:01,585 [INFO] Worst-case loss per deal: 3.60 USDT (0.36% of capital)
2026-08-05 14:53:01,585 [INFO] Max total exposure: 6.0% of capital
2026-08-05 14:53:01,706 [WARNING] Bybit price failed (You have breached the ip rate limit or your ip is from the usa. (ErrCode: 403) (ErrTime: 14:53:01).
Request → GET https://api.bybit.com/v5/market/tickers: category=spot&symbol=BTCUSDT.); trying Coinbase
2026-08-05 14:53:01,762 [INFO] BTCUSDT px=64317.4200 avg=64911.5994 tp=65885.2734 sl=57122.2074 next_so=61770.2458 (SO 2/4)
2026-08-05 14:53:01,767 [WARNING] Bybit price failed (You have breached the ip rate limit or your ip is from the usa. (ErrCode: 403) (ErrTime: 14:53:01).
Request → GET https://api.bybit.com/v5/market/tickers: category=spot&symbol=ETHUSDT.); trying Coinbase
2026-08-05 14:53:01,809 [INFO] ETHUSDT px=1871.9800 avg=1908.3191 tp=1936.9439 sl=1679.3209 next_so=1820.7049 (SO 2/4)
2026-08-05 14:53:01,809 [INFO] Single tick complete (GitHub Actions mode). State saved.
2026-08-05 16:38:59,210 [INFO] === CAPITAL RULES ===
2026-08-05 16:38:59,210 [INFO] Total capital: 1000.00 USDT
2026-08-05 16:38:59,210 [INFO] Per-deal budget: 30.00 USDT (3.0% of capital)
2026-08-05 16:38:59,210 [INFO] Base order: 3.29 USDT, up to 4 safety orders
2026-08-05 16:38:59,210 [INFO] Worst-case loss per deal: 3.60 USDT (0.36% of capital)
2026-08-05 16:38:59,210 [INFO] Max total exposure: 6.0% of capital
2026-08-05 16:38:59,284 [WARNING] Bybit price failed (You have breached the ip rate limit or your ip is from the usa. (ErrCode: 403) (ErrTime: 16:38:59).
Request → GET https://api.bybit.com/v5/market/tickers: category=spot&symbol=BTCUSDT.); trying Coinbase
2026-08-05 16:38:59,325 [INFO] BTCUSDT px=64663.5250 avg=64911.5994 tp=65885.2734 sl=57122.2074 next_so=61770.2458 (SO 2/4)
2026-08-05 16:38:59,329 [WARNING] Bybit price failed (You have breached the ip rate limit or your ip is from the usa. (ErrCode: 403) (ErrTime: 16:38:59).
Request → GET https://api.bybit.com/v5/market/tickers: category=spot&symbol=ETHUSDT.); trying Coinbase
2026-08-05 16:38:59,378 [INFO] ETHUSDT px=1892.2350 avg=1908.3191 tp=1936.9439 sl=1679.3209 next_so=1820.7049 (SO 2/4)
2026-08-05 16:38:59,379 [INFO] Single tick complete (GitHub Actions mode). State saved.
2026-08-05 18:09:44,283 [INFO] === CAPITAL RULES ===
2026-08-05 18:09:44,283 [INFO] Total capital: 1000.00 USDT
2026-08-05 18:09:44,283 [INFO] Per-deal budget: 30.00 USDT (3.0% of capital)
2026-08-05 18:09:44,283 [INFO] Base order: 3.29 USDT, up to 4 safety orders
2026-08-05 18:09:44,284 [INFO] Worst-case loss per deal: 3.60 USDT (0.36% of capital)
2026-08-05 18:09:44,284 [INFO] Max total exposure: 6.0% of capital
2026-08-05 18:09:44,527 [WARNING] Bybit price failed (You have breached the ip rate limit or your ip is from the usa. (ErrCode: 403) (ErrTime: 18:09:44).
Request → GET https://api.bybit.com/v5/market/tickers: category=spot&symbol=BTCUSDT.); trying Coinbase
2026-08-05 18:09:44,671 [INFO] BTCUSDT px=64624.2650 avg=64911.5994 tp=65885.2734 sl=57122.2074 next_so=61770.2458 (SO 2/4)
2026-08-05 18:09:44,694 [WARNING] Bybit price failed (You have breached the ip rate limit or your ip is from the usa. (ErrCode: 403) (ErrTime: 18:09:44).
Request → GET https://api.bybit.com/v5/market/tickers: category=spot&symbol=ETHUSDT.); trying Coinbase
2026-08-05 18:09:44,771 [INFO] ETHUSDT px=1913.0150 avg=1908.3191 tp=1936.9439 sl=1679.3209 next_so=1820.7049 (SO 2/4)
2026-08-05 18:09:44,771 [INFO] Single tick complete (GitHub Actions mode). State saved.
2026-08-05 19:53:21,581 [INFO] === CAPITAL RULES ===
2026-08-05 19:53:21,581 [INFO] Total capital: 1000.00 USDT
2026-08-05 19:53:21,581 [INFO] Per-deal budget: 30.00 USDT (3.0% of capital)
2026-08-05 19:53:21,581 [INFO] Base order: 3.29 USDT, up to 4 safety orders
2026-08-05 19:53:21,581 [INFO] Worst-case loss per deal: 3.60 USDT (0.36% of capital)
2026-08-05 19:53:21,581 [INFO] Max total exposure: 6.0% of capital
2026-08-05 19:53:21,807 [WARNING] Bybit price failed (You have breached the ip rate limit or your ip is from the usa. (ErrCode: 403) (ErrTime: 19:53:21).
Request → GET https://api.bybit.com/v5/market/tickers: category=spot&symbol=BTCUSDT.); trying Coinbase
2026-08-05 19:53:21,875 [INFO] BTCUSDT px=64873.5250 avg=64911.5994 tp=65885.2734 sl=57122.2074 next_so=61770.2458 (SO 2/4)
2026-08-05 19:53:21,879 [WARNING] Bybit price failed (You have breached the ip rate limit or your ip is from the usa. (ErrCode: 403) (ErrTime: 19:53:21).
Request → GET https://api.bybit.com/v5/market/tickers: category=spot&symbol=ETHUSDT.); trying Coinbase
2026-08-05 19:53:21,925 [INFO] ETHUSDT px=1919.3000 avg=1908.3191 tp=1936.9439 sl=1679.3209 next_so=1820.7049 (SO 2/4)
2026-08-05 19:53:21,925 [INFO] Single tick complete (GitHub Actions mode). State saved.
2026-08-05 21:03:58,278 [INFO] === CAPITAL RULES ===
2026-08-05 21:03:58,278 [INFO] Total capital: 1000.00 USDT
2026-08-05 21:03:58,278 [INFO] Per-deal budget: 30.00 USDT (3.0% of capital)
2026-08-05 21:03:58,279 [INFO] Base order: 3.29 USDT, up to 4 safety orders
2026-08-05 21:03:58,279 [INFO] Worst-case loss per deal: 3.60 USDT (0.36% of capital)
2026-08-05 21:03:58,279 [INFO] Max total exposure: 6.0% of capital
2026-08-05 21:03:58,357 [WARNING] Bybit price failed (You have breached the ip rate limit or your ip is from the usa. (ErrCode: 403) (ErrTime: 21:03:58).
Request → GET https://api.bybit.com/v5/market/tickers: category=spot&symbol=BTCUSDT.); trying Coinbase
2026-08-05 21:03:58,456 [INFO] BTCUSDT px=64752.1100 avg=64911.5994 tp=65885.2734 sl=57122.2074 next_so=61770.2458 (SO 2/4)
2026-08-05 21:03:58,460 [WARNING] Bybit price failed (You have breached the ip rate limit or your ip is from the usa. (ErrCode: 403) (ErrTime: 21:03:58).
Request → GET https://api.bybit.com/v5/market/tickers: category=spot&symbol=ETHUSDT.); trying Coinbase
2026-08-05 21:03:58,508 [INFO] ETHUSDT px=1908.6550 avg=1908.3191 tp=1936.9439 sl=1679.3209 next_so=1820.7049 (SO 2/4)
2026-08-05 21:03:58,508 [INFO] Single tick complete (GitHub Actions mode). State saved.
2026-08-05 22:19:32,422 [INFO] === CAPITAL RULES ===
2026-08-05 22:19:32,422 [INFO] Total capital: 1000.00 USDT
2026-08-05 22:19:32,422 [INFO] Per-deal budget: 30.00 USDT (3.0% of capital)
2026-08-05 22:19:32,422 [INFO] Base order: 3.29 USDT, up to 4 safety orders
2026-08-05 22:19:32,422 [INFO] Worst-case loss per deal: 3.60 USDT (0.36% of capital)
2026-08-05 22:19:32,422 [INFO] Max total exposure: 6.0% of capital
2026-08-05 22:19:32,596 [WARNING] Bybit price failed (You have breached the ip rate limit or your ip is from the usa. (ErrCode: 403) (ErrTime: 22:19:32).
Request → GET https://api.bybit.com/v5/market/tickers: category=spot&symbol=BTCUSDT.); trying Coinbase
2026-08-05 22:19:32,668 [INFO] BTCUSDT px=64638.9150 avg=64911.5994 tp=65885.2734 sl=57122.2074 next_so=61770.2458 (SO 2/4)
2026-08-05 22:19:32,679 [WARNING] Bybit price failed (You have breached the ip rate limit or your ip is from the usa. (ErrCode: 403) (ErrTime: 22:19:32).
Request → GET https://api.bybit.com/v5/market/tickers: category=spot&symbol=ETHUSDT.); trying Coinbase
2026-08-05 22:19:32,804 [INFO] ETHUSDT px=1910.8850 avg=1908.3191 tp=1936.9439 sl=1679.3209 next_so=1820.7049 (SO 2/4)
2026-08-05 22:19:32,805 [INFO] Single tick complete (GitHub Actions mode). State saved.
2026-08-05 23:28:25,047 [INFO] === CAPITAL RULES ===
2026-08-05 23:28:25,047 [INFO] Total capital: 1000.00 USDT
2026-08-05 23:28:25,047 [INFO] Per-deal budget: 30.00 USDT (3.0% of capital)
2026-08-05 23:28:25,047 [INFO] Base order: 3.29 USDT, up to 4 safety orders
2026-08-05 23:28:25,047 [INFO] Worst-case loss per deal: 3.60 USDT (0.36% of capital)
2026-08-05 23:28:25,047 [INFO] Max total exposure: 6.0% of capital
2026-08-05 23:28:25,276 [WARNING] Bybit price failed (You have breached the ip rate limit or your ip is from the usa. (ErrCode: 403) (ErrTime: 23:28:25).
Request → GET https://api.bybit.com/v5/market/tickers: category=spot&symbol=BTCUSDT.); trying Coinbase
2026-08-05 23:28:25,367 [INFO] BTCUSDT px=64662.3950 avg=64911.5994 tp=65885.2734 sl=57122.2074 next_so=61770.2458 (SO 2/4)
2026-08-05 23:28:25,375 [WARNING] Bybit price failed (You have breached the ip rate limit or your ip is from the usa. (ErrCode: 403) (ErrTime: 23:28:25).
Request → GET https://api.bybit.com/v5/market/tickers: category=spot&symbol=ETHUSDT.); trying Coinbase
2026-08-05 23:28:25,430 [INFO] ETHUSDT px=1909.1350 avg=1908.3191 tp=1936.9439 sl=1679.3209 next_so=1820.7049 (SO 2/4)
2026-08-05 23:28:25,430 [INFO] Single tick complete (GitHub Actions mode). State saved.
2026-08-06 00:53:12,625 [INFO] === CAPITAL RULES ===
2026-08-06 00:53:12,625 [INFO] Total capital: 1000.00 USDT
2026-08-06 00:53:12,625 [INFO] Per-deal budget: 30.00 USDT (3.0% of capital)
2026-08-06 00:53:12,625 [INFO] Base order: 3.29 USDT, up to 4 safety orders
2026-08-06 00:53:12,625 [INFO] Worst-case loss per deal: 3.60 USDT (0.36% of capital)
2026-08-06 00:53:12,625 [INFO] Max total exposure: 6.0% of capital
2026-08-06 00:53:12,731 [WARNING] Bybit price failed (You have breached the ip rate limit or your ip is from the usa. (ErrCode: 403) (ErrTime: 00:53:12).
Request → GET https://api.bybit.com/v5/market/tickers: category=spot&symbol=BTCUSDT.); trying Coinbase
2026-08-06 00:53:12,942 [INFO] BTCUSDT px=64592.9950 avg=64911.5994 tp=65885.2734 sl=57122.2074 next_so=61770.2458 (SO 2/4)
2026-08-06 00:53:12,946 [WARNING] Bybit price failed (You have breached the ip rate limit or your ip is from the usa. (ErrCode: 403) (ErrTime: 00:53:12).
Request → GET https://api.bybit.com/v5/market/tickers: category=spot&symbol=ETHUSDT.); trying Coinbase
2026-08-06 00:53:13,065 [INFO] ETHUSDT px=1908.8750 avg=1908.3191 tp=1936.9439 sl=1679.3209 next_so=1820.7049 (SO 2/4)
2026-08-06 00:53:13,065 [INFO] Single tick complete (GitHub Actions mode). State saved.
2026-08-06 04:08:54,730 [INFO] === CAPITAL RULES ===
2026-08-06 04:08:54,730 [INFO] Total capital: 1000.00 USDT
2026-08-06 04:08:54,730 [INFO] Per-deal budget: 30.00 USDT (3.0% of capital)
2026-08-06 04:08:54,730 [INFO] Base order: 3.29 USDT, up to 4 safety orders
2026-08-06 04:08:54,730 [INFO] Worst-case loss per deal: 3.60 USDT (0.36% of capital)
2026-08-06 04:08:54,730 [INFO] Max total exposure: 6.0% of capital
2026-08-06 04:08:54,936 [WARNING] Bybit price failed (You have breached the ip rate limit or your ip is from the usa. (ErrCode: 403) (ErrTime: 04:08:54).
Request → GET https://api.bybit.com/v5/market/tickers: category=spot&symbol=BTCUSDT.); trying Coinbase
2026-08-06 04:08:54,987 [INFO] BTCUSDT px=64475.9850 avg=64911.5994 tp=65885.2734 sl=57122.2074 next_so=61770.2458 (SO 2/4)
2026-08-06 04:08:54,991 [WARNING] Bybit price failed (You have breached the ip rate limit or your ip is from the usa. (ErrCode: 403) (ErrTime: 04:08:54).
Request → GET https://api.bybit.com/v5/market/tickers: category=spot&symbol=ETHUSDT.); trying Coinbase
2026-08-06 04:08:55,030 [INFO] ETHUSDT px=1896.7550 avg=1908.3191 tp=1936.9439 sl=1679.3209 next_so=1820.7049 (SO 2/4)
2026-08-06 04:08:55,031 [INFO] Single tick complete (GitHub Actions mode). State saved.
2026-08-06 06:44:38,980 [INFO] === CAPITAL RULES ===
2026-08-06 06:44:38,980 [INFO] Total capital: 1000.00 USDT
2026-08-06 06:44:38,980 [INFO] Per-deal budget: 30.00 USDT (3.0% of capital)
2026-08-06 06:44:38,980 [INFO] Base order: 3.29 USDT, up to 4 safety orders
2026-08-06 06:44:38,980 [INFO] Worst-case loss per deal: 3.60 USDT (0.36% of capital)
2026-08-06 06:44:38,980 [INFO] Max total exposure: 6.0% of capital
2026-08-06 06:44:39,126 [WARNING] Bybit price failed (You have breached the ip rate limit or your ip is from the usa. (ErrCode: 403) (ErrTime: 06:44:39).
Request → GET https://api.bybit.com/v5/market/tickers: category=spot&symbol=BTCUSDT.); trying Coinbase
2026-08-06 06:44:39,208 [INFO] BTCUSDT px=64764.8950 avg=64911.5994 tp=65885.2734 sl=57122.2074 next_so=61770.2458 (SO 2/4)
2026-08-06 06:44:39,215 [WARNING] Bybit price failed (You have breached the ip rate limit or your ip is from the usa. (ErrCode: 403) (ErrTime: 06:44:39).
Request → GET https://api.bybit.com/v5/market/tickers: category=spot&symbol=ETHUSDT.); trying Coinbase
2026-08-06 06:44:39,262 [INFO] ETHUSDT px=1911.4950 avg=1908.3191 tp=1936.9439 sl=1679.3209 next_so=1820.7049 (SO 2/4)
2026-08-06 06:44:39,263 [INFO] Single tick complete (GitHub Actions mode). State saved.
2026-08-06 09:31:18,175 [INFO] === CAPITAL RULES ===
2026-08-06 09:31:18,175 [INFO] Total capital: 1000.00 USDT
2026-08-06 09:31:18,176 [INFO] Per-deal budget: 30.00 USDT (3.0% of capital)
2026-08-06 09:31:18,176 [INFO] Base order: 3.29 USDT, up to 4 safety orders
2026-08-06 09:31:18,176 [INFO] Worst-case loss per deal: 3.60 USDT (0.36% of capital)
2026-08-06 09:31:18,176 [INFO] Max total exposure: 6.0% of capital
2026-08-06 09:31:18,245 [WARNING] Bybit price failed (You have breached the ip rate limit or your ip is from the usa. (ErrCode: 403) (ErrTime: 09:31:18).
Request → GET https://api.bybit.com/v5/market/tickers: category=spot&symbol=BTCUSDT.); trying Coinbase
2026-08-06 09:31:18,310 [INFO] BTCUSDT px=64631.8750 avg=64911.5994 tp=65885.2734 sl=57122.2074 next_so=61770.2458 (SO 2/4)
2026-08-06 09:31:18,314 [WARNING] Bybit price failed (You have breached the ip rate limit or your ip is from the usa. (ErrCode: 403) (ErrTime: 09:31:18).
Request → GET https://api.bybit.com/v5/market/tickers: category=spot&symbol=ETHUSDT.); trying Coinbase
2026-08-06 09:31:18,353 [INFO] ETHUSDT px=1905.8350 avg=1908.3191 tp=1936.9439 sl=1679.3209 next_so=1820.7049 (SO 2/4)
2026-08-06 09:31:18,353 [INFO] Single tick complete (GitHub Actions mode). State saved.
2026-08-06 11:50:22,316 [INFO] === CAPITAL RULES ===
2026-08-06 11:50:22,316 [INFO] Total capital: 1000.00 USDT
2026-08-06 11:50:22,316 [INFO] Per-deal budget: 30.00 USDT (3.0% of capital)
2026-08-06 11:50:22,316 [INFO] Base order: 3.29 USDT, up to 4 safety orders
2026-08-06 11:50:22,316 [INFO] Worst-case loss per deal: 3.60 USDT (0.36% of capital)
2026-08-06 11:50:22,316 [INFO] Max total exposure: 6.0% of capital
2026-08-06 11:50:22,380 [WARNING] Bybit price failed (You have breached the ip rate limit or your ip is from the usa. (ErrCode: 403) (ErrTime: 11:50:22).
Request → GET https://api.bybit.com/v5/market/tickers: category=spot&symbol=BTCUSDT.); trying Coinbase
2026-08-06 11:50:22,429 [INFO] BTCUSDT px=64550.8650 avg=64911.5994 tp=65885.2734 sl=57122.2074 next_so=61770.2458 (SO 2/4)
2026-08-06 11:50:22,433 [WARNING] Bybit price failed (You have breached the ip rate limit or your ip is from the usa. (ErrCode: 403) (ErrTime: 11:50:22).
Request → GET https://api.bybit.com/v5/market/tickers: category=spot&symbol=ETHUSDT.); trying Coinbase
2026-08-06 11:50:22,473 [INFO] ETHUSDT px=1905.2350 avg=1908.3191 tp=1936.9439 sl=1679.3209 next_so=1820.7049 (SO 2/4)
2026-08-06 11:50:22,474 [INFO] Single tick complete (GitHub Actions mode). State saved.
2026-08-06 13:59:16,476 [INFO] === CAPITAL RULES ===
2026-08-06 13:59:16,476 [INFO] Total capital: 1000.00 USDT
2026-08-06 13:59:16,476 [INFO] Per-deal budget: 30.00 USDT (3.0% of capital)
2026-08-06 13:59:16,476 [INFO] Base order: 3.29 USDT, up to 4 safety orders
2026-08-06 13:59:16,476 [INFO] Worst-case loss per deal: 3.60 USDT (0.36% of capital)
2026-08-06 13:59:16,476 [INFO] Max total exposure: 6.0% of capital
2026-08-06 13:59:16,664 [WARNING] Bybit price failed (You have breached the ip rate limit or your ip is from the usa. (ErrCode: 403) (ErrTime: 13:59:16).
Request → GET https://api.bybit.com/v5/market/tickers: category=spot&symbol=BTCUSDT.); trying Coinbase
2026-08-06 13:59:16,862 [INFO] BTCUSDT px=64445.4150 avg=64911.5994 tp=65885.2734 sl=57122.2074 next_so=61770.2458 (SO 2/4)
2026-08-06 13:59:16,866 [WARNING] Bybit price failed (You have breached the ip rate limit or your ip is from the usa. (ErrCode: 403) (ErrTime: 13:59:16).
Request → GET https://api.bybit.com/v5/market/tickers: category=spot&symbol=ETHUSDT.); trying Coinbase
2026-08-06 13:59:16,925 [INFO] ETHUSDT px=1908.2800 avg=1908.3191 tp=1936.9439 sl=1679.3209 next_so=1820.7049 (SO 2/4)
2026-08-06 13:59:16,926 [INFO] Single tick complete (GitHub Actions mode). State saved.
2026-08-07 00:14:38,879 [INFO] === CAPITAL RULES ===
2026-08-07 00:14:38,879 [INFO] Total capital: 1000.00 USDT
2026-08-07 00:14:38,879 [INFO] Per-deal budget: 30.00 USDT (3.0% of capital)
2026-08-07 00:14:38,879 [INFO] Base order: 3.29 USDT, up to 4 safety orders
2026-08-07 00:14:38,879 [INFO] Worst-case loss per deal: 3.60 USDT (0.36% of capital)
2026-08-07 00:14:38,880 [INFO] Max total exposure: 6.0% of capital
2026-08-07 00:14:38,948 [WARNING] Bybit price failed (You have breached the ip rate limit or your ip is from the usa. (ErrCode: 403) (ErrTime: 00:14:38).
Request → GET https://api.bybit.com/v5/market/tickers: category=spot&symbol=BTCUSDT.); trying Coinbase
2026-08-07 00:14:39,009 [INFO] BTCUSDT px=64222.3750 avg=64911.5994 tp=65885.2734 sl=57122.2074 next_so=61770.2458 (SO 2/4)
2026-08-07 00:14:39,013 [WARNING] Bybit price failed (You have breached the ip rate limit or your ip is from the usa. (ErrCode: 403) (ErrTime: 00:14:39).
Request → GET https://api.bybit.com/v5/market/tickers: category=spot&symbol=ETHUSDT.); trying Coinbase
2026-08-07 00:14:39,049 [INFO] ETHUSDT px=1899.2300 avg=1908.3191 tp=1936.9439 sl=1679.3209 next_so=1820.7049 (SO 2/4)
2026-08-07 00:14:39,049 [INFO] Single tick complete (GitHub Actions mode). State saved.
2026-08-07 03:18:07,363 [INFO] === CAPITAL RULES ===
2026-08-07 03:18:07,363 [INFO] Total capital: 1000.00 USDT
2026-08-07 03:18:07,363 [INFO] Per-deal budget: 30.00 USDT (3.0% of capital)
2026-08-07 03:18:07,363 [INFO] Base order: 3.29 USDT, up to 4 safety orders
2026-08-07 03:18:07,363 [INFO] Worst-case loss per deal: 3.60 USDT (0.36% of capital)
2026-08-07 03:18:07,363 [INFO] Max total exposure: 6.0% of capital
2026-08-07 03:18:07,573 [WARNING] Bybit price failed (You have breached the ip rate limit or your ip is from the usa. (ErrCode: 403) (ErrTime: 03:18:07).
Request → GET https://api.bybit.com/v5/market/tickers: category=spot&symbol=BTCUSDT.); trying Coinbase
2026-08-07 03:18:07,692 [INFO] BTCUSDT px=64277.8750 avg=64911.5994 tp=65885.2734 sl=57122.2074 next_so=61770.2458 (SO 2/4)
2026-08-07 03:18:07,695 [WARNING] Bybit price failed (You have breached the ip rate limit or your ip is from the usa. (ErrCode: 403) (ErrTime: 03:18:07).
Request → GET https://api.bybit.com/v5/market/tickers: category=spot&symbol=ETHUSDT.); trying Coinbase
2026-08-07 03:18:07,769 [INFO] ETHUSDT px=1899.4550 avg=1908.3191 tp=1936.9439 sl=1679.3209 next_so=1820.7049 (SO 2/4)
2026-08-07 03:18:07,769 [INFO] Single tick complete (GitHub Actions mode). State saved.
2026-08-07 05:12:17,140 [INFO] === CAPITAL RULES ===
2026-08-07 05:12:17,140 [INFO] Total capital: 1000.00 USDT
2026-08-07 05:12:17,140 [INFO] Per-deal budget: 30.00 USDT (3.0% of capital)
2026-08-07 05:12:17,140 [INFO] Base order: 3.29 USDT, up to 4 safety orders
2026-08-07 05:12:17,140 [INFO] Worst-case loss per deal: 3.60 USDT (0.36% of capital)
2026-08-07 05:12:17,140 [INFO] Max total exposure: 6.0% of capital
2026-08-07 05:12:17,605 [WARNING] Bybit price failed (You have breached the ip rate limit or your ip is from the usa. (ErrCode: 403) (ErrTime: 05:12:17).
Request → GET https://api.bybit.com/v5/market/tickers: category=spot&symbol=BTCUSDT.); trying Coinbase
2026-08-07 05:12:17,808 [INFO] BTCUSDT px=64203.9550 avg=64911.5994 tp=65885.2734 sl=57122.2074 next_so=61770.2458 (SO 2/4)
2026-08-07 05:12:17,811 [WARNING] Bybit price failed (You have breached the ip rate limit or your ip is from the usa. (ErrCode: 403) (ErrTime: 05:12:17).
Request → GET https://api.bybit.com/v5/market/tickers: category=spot&symbol=ETHUSDT.); trying Coinbase
2026-08-07 05:12:17,933 [INFO] ETHUSDT px=1896.6550 avg=1908.3191 tp=1936.9439 sl=1679.3209 next_so=1820.7049 (SO 2/4)
2026-08-07 05:12:17,933 [INFO] Single tick complete (GitHub Actions mode). State saved.
2026-08-07 06:19:29,917 [INFO] === CAPITAL RULES ===
2026-08-07 06:19:29,917 [INFO] Total capital: 1000.00 USDT
2026-08-07 06:19:29,917 [INFO] Per-deal budget: 30.00 USDT (3.0% of capital)
2026-08-07 06:19:29,917 [INFO] Base order: 3.29 USDT, up to 4 safety orders
2026-08-07 06:19:29,917 [INFO] Worst-case loss per deal: 3.60 USDT (0.36% of capital)
2026-08-07 06:19:29,917 [INFO] Max total exposure: 6.0% of capital
2026-08-07 06:19:30,060 [WARNING] Bybit price failed (You have breached the ip rate limit or your ip is from the usa. (ErrCode: 403) (ErrTime: 06:19:30).
Request → GET https://api.bybit.com/v5/market/tickers: category=spot&symbol=BTCUSDT.); trying Coinbase
2026-08-07 06:19:30,205 [INFO] BTCUSDT px=64360.9750 avg=64911.5994 tp=65885.2734 sl=57122.2074 next_so=61770.2458 (SO 2/4)
2026-08-07 06:19:30,214 [WARNING] Bybit price failed (You have breached the ip rate limit or your ip is from the usa. (ErrCode: 403) (ErrTime: 06:19:30).
Request → GET https://api.bybit.com/v5/market/tickers: category=spot&symbol=ETHUSDT.); trying Coinbase
2026-08-07 06:19:30,263 [INFO] ETHUSDT px=1902.9350 avg=1908.3191 tp=1936.9439 sl=1679.3209 next_so=1820.7049 (SO 2/4)
2026-08-07 06:19:30,263 [INFO] Single tick complete (GitHub Actions mode). State saved.
2026-08-07 07:51:39,696 [INFO] === CAPITAL RULES ===
2026-08-07 07:51:39,696 [INFO] Total capital: 1000.00 USDT
2026-08-07 07:51:39,696 [INFO] Per-deal budget: 30.00 USDT (3.0% of capital)
2026-08-07 07:51:39,696 [INFO] Base order: 3.29 USDT, up to 4 safety orders
2026-08-07 07:51:39,696 [INFO] Worst-case loss per deal: 3.60 USDT (0.36% of capital)
2026-08-07 07:51:39,696 [INFO] Max total exposure: 6.0% of capital
2026-08-07 07:51:39,939 [WARNING] Bybit price failed (You have breached the ip rate limit or your ip is from the usa. (ErrCode: 403) (ErrTime: 07:51:39).
Request → GET https://api.bybit.com/v5/market/tickers: category=spot&symbol=BTCUSDT.); trying Coinbase
2026-08-07 07:51:40,183 [INFO] BTCUSDT px=64314.4250 avg=64911.5994 tp=65885.2734 sl=57122.2074 next_so=61770.2458 (SO 2/4)
2026-08-07 07:51:40,194 [WARNING] Bybit price failed (You have breached the ip rate limit or your ip is from the usa. (ErrCode: 403) (ErrTime: 07:51:40).
Request → GET https://api.bybit.com/v5/market/tickers: category=spot&symbol=ETHUSDT.); trying Coinbase
2026-08-07 07:51:40,258 [INFO] ETHUSDT px=1901.5050 avg=1908.3191 tp=1936.9439 sl=1679.3209 next_so=1820.7049 (SO 2/4)
2026-08-07 07:51:40,258 [INFO] Single tick complete (GitHub Actions mode). State saved.
2026-08-07 08:55:26,739 [INFO] === CAPITAL RULES ===
2026-08-07 08:55:26,739 [INFO] Total capital: 1000.00 USDT
2026-08-07 08:55:26,739 [INFO] Per-deal budget: 30.00 USDT (3.0% of capital)
2026-08-07 08:55:26,739 [INFO] Base order: 3.29 USDT, up to 4 safety orders
2026-08-07 08:55:26,739 [INFO] Worst-case loss per deal: 3.60 USDT (0.36% of capital)
2026-08-07 08:55:26,739 [INFO] Max total exposure: 6.0% of capital
2026-08-07 08:55:26,925 [WARNING] Bybit price failed (You have breached the ip rate limit or your ip is from the usa. (ErrCode: 403) (ErrTime: 08:55:26).
Request → GET https://api.bybit.com/v5/market/tickers: category=spot&symbol=BTCUSDT.); trying Coinbase
2026-08-07 08:55:27,089 [INFO] BTCUSDT px=64544.7050 avg=64911.5994 tp=65885.2734 sl=57122.2074 next_so=61770.2458 (SO 2/4)
2026-08-07 08:55:27,108 [WARNING] Bybit price failed (You have breached the ip rate limit or your ip is from the usa. (ErrCode: 403) (ErrTime: 08:55:27).
Request → GET https://api.bybit.com/v5/market/tickers: category=spot&symbol=ETHUSDT.); trying Coinbase
2026-08-07 08:55:27,197 [INFO] ETHUSDT px=1908.4050 avg=1908.3191 tp=1936.9439 sl=1679.3209 next_so=1820.7049 (SO 2/4)
2026-08-07 08:55:27,198 [INFO] Single tick complete (GitHub Actions mode). State saved.
2026-08-07 09:58:46,987 [INFO] === CAPITAL RULES ===
2026-08-07 09:58:46,987 [INFO] Total capital: 1000.00 USDT
2026-08-07 09:58:46,987 [INFO] Per-deal budget: 30.00 USDT (3.0% of capital)
2026-08-07 09:58:46,987 [INFO] Base order: 3.29 USDT, up to 4 safety orders
2026-08-07 09:58:46,987 [INFO] Worst-case loss per deal: 3.60 USDT (0.36% of capital)
2026-08-07 09:58:46,987 [INFO] Max total exposure: 6.0% of capital
2026-08-07 09:58:47,122 [WARNING] Bybit price failed (You have breached the ip rate limit or your ip is from the usa. (ErrCode: 403) (ErrTime: 09:58:47).
Request → GET https://api.bybit.com/v5/market/tickers: category=spot&symbol=BTCUSDT.); trying Coinbase
2026-08-07 09:58:47,193 [INFO] BTCUSDT px=64780.4850 avg=64911.5994 tp=65885.2734 sl=57122.2074 next_so=61770.2458 (SO 2/4)
2026-08-07 09:58:47,204 [WARNING] Bybit price failed (You have breached the ip rate limit or your ip is from the usa. (ErrCode: 403) (ErrTime: 09:58:47).
Request → GET https://api.bybit.com/v5/market/tickers: category=spot&symbol=ETHUSDT.); trying Coinbase
2026-08-07 09:58:47,254 [INFO] ETHUSDT px=1912.0750 avg=1908.3191 tp=1936.9439 sl=1679.3209 next_so=1820.7049 (SO 2/4)
2026-08-07 09:58:47,254 [INFO] Single tick complete (GitHub Actions mode). State saved.
2026-08-07 10:58:44,629 [INFO] === CAPITAL RULES ===
2026-08-07 10:58:44,630 [INFO] Total capital: 1000.00 USDT
2026-08-07 10:58:44,630 [INFO] Per-deal budget: 30.00 USDT (3.0% of capital)
2026-08-07 10:58:44,630 [INFO] Base order: 3.29 USDT, up to 4 safety orders
2026-08-07 10:58:44,630 [INFO] Worst-case loss per deal: 3.60 USDT (0.36% of capital)
2026-08-07 10:58:44,630 [INFO] Max total exposure: 6.0% of capital
2026-08-07 10:58:44,686 [WARNING] Bybit price failed (You have breached the ip rate limit or your ip is from the usa. (ErrCode: 403) (ErrTime: 10:58:44).
Request → GET https://api.bybit.com/v5/market/tickers: category=spot&symbol=BTCUSDT.); trying Coinbase
2026-08-07 10:58:44,732 [INFO] BTCUSDT px=64848.0650 avg=64911.5994 tp=65885.2734 sl=57122.2074 next_so=61770.2458 (SO 2/4)
2026-08-07 10:58:44,736 [WARNING] Bybit price failed (You have breached the ip rate limit or your ip is from the usa. (ErrCode: 403) (ErrTime: 10:58:44).
Request → GET https://api.bybit.com/v5/market/tickers: category=spot&symbol=ETHUSDT.); trying Coinbase
2026-08-07 10:58:44,774 [INFO] ETHUSDT px=1911.2950 avg=1908.3191 tp=1936.9439 sl=1679.3209 next_so=1820.7049 (SO 2/4)
2026-08-07 10:58:44,774 [INFO] Single tick complete (GitHub Actions mode). State saved.
2026-08-07 11:50:17,838 [INFO] === CAPITAL RULES ===
2026-08-07 11:50:17,838 [INFO] Total capital: 1000.00 USDT
2026-08-07 11:50:17,839 [INFO] Per-deal budget: 30.00 USDT (3.0% of capital)
2026-08-07 11:50:17,839 [INFO] Base order: 3.29 USDT, up to 4 safety orders
2026-08-07 11:50:17,839 [INFO] Worst-case loss per deal: 3.60 USDT (0.36% of capital)
2026-08-07 11:50:17,839 [INFO] Max total exposure: 6.0% of capital
2026-08-07 11:50:17,913 [WARNING] Bybit price failed (You have breached the ip rate limit or your ip is from the usa. (ErrCode: 403) (ErrTime: 11:50:17).
Request → GET https://api.bybit.com/v5/market/tickers: category=spot&symbol=BTCUSDT.); trying Coinbase
2026-08-07 11:50:17,981 [INFO] BTCUSDT px=64991.9550 avg=64911.5994 tp=65885.2734 sl=57122.2074 next_so=61770.2458 (SO 2/4)
2026-08-07 11:50:17,985 [WARNING] Bybit price failed (You have breached the ip rate limit or your ip is from the usa. (ErrCode: 403) (ErrTime: 11:50:17).
Request → GET https://api.bybit.com/v5/market/tickers: category=spot&symbol=ETHUSDT.); trying Coinbase
2026-08-07 11:50:18,020 [INFO] ETHUSDT px=1915.1350 avg=1908.3191 tp=1936.9439 sl=1679.3209 next_so=1820.7049 (SO 2/4)
2026-08-07 11:50:18,020 [INFO] Single tick complete (GitHub Actions mode). State saved.
2026-08-07 12:55:54,082 [INFO] === CAPITAL RULES ===
2026-08-07 12:55:54,082 [INFO] Total capital: 1000.00 USDT
2026-08-07 12:55:54,082 [INFO] Per-deal budget: 30.00 USDT (3.0% of capital)
2026-08-07 12:55:54,082 [INFO] Base order: 3.29 USDT, up to 4 safety orders
2026-08-07 12:55:54,082 [INFO] Worst-case loss per deal: 3.60 USDT (0.36% of capital)
2026-08-07 12:55:54,082 [INFO] Max total exposure: 6.0% of capital
2026-08-07 12:55:54,235 [WARNING] Bybit price failed (You have breached the ip rate limit or your ip is from the usa. (ErrCode: 403) (ErrTime: 12:55:54).
Request → GET https://api.bybit.com/v5/market/tickers: category=spot&symbol=BTCUSDT.); trying Coinbase
2026-08-07 12:55:54,308 [INFO] BTCUSDT px=65346.7650 avg=64911.5994 tp=65885.2734 sl=57122.2074 next_so=61770.2458 (SO 2/4)
2026-08-07 12:55:54,316 [WARNING] Bybit price failed (You have breached the ip rate limit or your ip is from the usa. (ErrCode: 403) (ErrTime: 12:55:54).
Request → GET https://api.bybit.com/v5/market/tickers: category=spot&symbol=ETHUSDT.); trying Coinbase
2026-08-07 12:55:54,363 [INFO] ETHUSDT px=1934.1100 avg=1908.3191 tp=1936.9439 sl=1679.3209 next_so=1820.7049 (SO 2/4)
2026-08-07 12:55:54,363 [INFO] Single tick complete (GitHub Actions mode). State saved.
2026-08-07 14:12:00,221 [INFO] === CAPITAL RULES ===
2026-08-07 14:12:00,221 [INFO] Total capital: 1000.00 USDT
2026-08-07 14:12:00,222 [INFO] Per-deal budget: 30.00 USDT (3.0% of capital)
2026-08-07 14:12:00,222 [INFO] Base order: 3.29 USDT, up to 4 safety orders
2026-08-07 14:12:00,222 [INFO] Worst-case loss per deal: 3.60 USDT (0.36% of capital)
2026-08-07 14:12:00,222 [INFO] Max total exposure: 6.0% of capital
2026-08-07 14:12:00,409 [WARNING] Bybit price failed (You have breached the ip rate limit or your ip is from the usa. (ErrCode: 403) (ErrTime: 14:12:00).
Request → GET https://api.bybit.com/v5/market/tickers: category=spot&symbol=BTCUSDT.); trying Coinbase
2026-08-07 14:12:00,545 [INFO] BTCUSDT px=64816.1050 avg=64911.5994 tp=65885.2734 sl=57122.2074 next_so=61770.2458 (SO 2/4)
2026-08-07 14:12:00,556 [WARNING] Bybit price failed (You have breached the ip rate limit or your ip is from the usa. (ErrCode: 403) (ErrTime: 14:12:00).
Request → GET https://api.bybit.com/v5/market/tickers: category=spot&symbol=ETHUSDT.); trying Coinbase
2026-08-07 14:12:00,620 [INFO] ETHUSDT px=1913.1550 avg=1908.3191 tp=1936.9439 sl=1679.3209 next_so=1820.7049 (SO 2/4)
2026-08-07 14:12:00,621 [INFO] Single tick complete (GitHub Actions mode). State saved.
2026-08-07 15:09:00,003 [INFO] === CAPITAL RULES ===
2026-08-07 15:09:00,003 [INFO] Total capital: 1000.00 USDT
2026-08-07 15:09:00,003 [INFO] Per-deal budget: 30.00 USDT (3.0% of capital)
2026-08-07 15:09:00,003 [INFO] Base order: 3.29 USDT, up to 4 safety orders
2026-08-07 15:09:00,003 [INFO] Worst-case loss per deal: 3.60 USDT (0.36% of capital)
2026-08-07 15:09:00,003 [INFO] Max total exposure: 6.0% of capital
2026-08-07 15:09:00,147 [WARNING] Bybit price failed (You have breached the ip rate limit or your ip is from the usa. (ErrCode: 403) (ErrTime: 15:09:00).
Request → GET https://api.bybit.com/v5/market/tickers: category=spot&symbol=BTCUSDT.); trying Coinbase
2026-08-07 15:09:00,197 [INFO] BTCUSDT px=64913.0950 avg=64911.5994 tp=65885.2734 sl=57122.2074 next_so=61770.2458 (SO 2/4)
2026-08-07 15:09:00,202 [WARNING] Bybit price failed (You have breached the ip rate limit or your ip is from the usa. (ErrCode: 403) (ErrTime: 15:09:00).
Request → GET https://api.bybit.com/v5/market/tickers: category=spot&symbol=ETHUSDT.); trying Coinbase
2026-08-07 15:09:00,239 [INFO] ETHUSDT px=1913.0350 avg=1908.3191 tp=1936.9439 sl=1679.3209 next_so=1820.7049 (SO 2/4)
2026-08-07 15:09:00,240 [INFO] Single tick complete (GitHub Actions mode). State saved.
2026-08-07 16:08:15,556 [INFO] === CAPITAL RULES ===
2026-08-07 16:08:15,556 [INFO] Total capital: 1000.00 USDT
2026-08-07 16:08:15,556 [INFO] Per-deal budget: 30.00 USDT (3.0% of capital)
2026-08-07 16:08:15,556 [INFO] Base order: 3.29 USDT, up to 4 safety orders
2026-08-07 16:08:15,556 [INFO] Worst-case loss per deal: 3.60 USDT (0.36% of capital)
2026-08-07 16:08:15,557 [INFO] Max total exposure: 6.0% of capital
2026-08-07 16:08:15,704 [WARNING] Bybit price failed (You have breached the ip rate limit or your ip is from the usa. (ErrCode: 403) (ErrTime: 16:08:15).
Request → GET https://api.bybit.com/v5/market/tickers: category=spot&symbol=BTCUSDT.); trying Coinbase
2026-08-07 16:08:15,752 [INFO] BTCUSDT px=64955.8050 avg=64911.5994 tp=65885.2734 sl=57122.2074 next_so=61770.2458 (SO 2/4)
2026-08-07 16:08:15,756 [WARNING] Bybit price failed (You have breached the ip rate limit or your ip is from the usa. (ErrCode: 403) (ErrTime: 16:08:15).
Request → GET https://api.bybit.com/v5/market/tickers: category=spot&symbol=ETHUSDT.); trying Coinbase
2026-08-07 16:08:15,809 [INFO] ETHUSDT px=1920.7500 avg=1908.3191 tp=1936.9439 sl=1679.3209 next_so=1820.7049 (SO 2/4)
2026-08-07 16:08:15,809 [INFO] Single tick complete (GitHub Actions mode). State saved.
2026-08-07 17:06:25,695 [INFO] === CAPITAL RULES ===
2026-08-07 17:06:25,695 [INFO] Total capital: 1000.00 USDT
2026-08-07 17:06:25,695 [INFO] Per-deal budget: 30.00 USDT (3.0% of capital)
2026-08-07 17:06:25,695 [INFO] Base order: 3.29 USDT, up to 4 safety orders
2026-08-07 17:06:25,695 [INFO] Worst-case loss per deal: 3.60 USDT (0.36% of capital)
2026-08-07 17:06:25,695 [INFO] Max total exposure: 6.0% of capital
2026-08-07 17:06:25,793 [WARNING] Bybit price failed (You have breached the ip rate limit or your ip is from the usa. (ErrCode: 403) (ErrTime: 17:06:25).
Request → GET https://api.bybit.com/v5/market/tickers: category=spot&symbol=BTCUSDT.); trying Coinbase
2026-08-07 17:06:25,874 [INFO] BTCUSDT px=64717.5550 avg=64911.5994 tp=65885.2734 sl=57122.2074 next_so=61770.2458 (SO 2/4)
2026-08-07 17:06:25,878 [WARNING] Bybit price failed (You have breached the ip rate limit or your ip is from the usa. (ErrCode: 403) (ErrTime: 17:06:25).
Request → GET https://api.bybit.com/v5/market/tickers: category=spot&symbol=ETHUSDT.); trying Coinbase
2026-08-07 17:06:25,957 [INFO] ETHUSDT px=1907.3550 avg=1908.3191 tp=1936.9439 sl=1679.3209 next_so=1820.7049 (SO 2/4)
2026-08-07 17:06:25,958 [INFO] Single tick complete (GitHub Actions mode). State saved.
2026-08-07 18:01:06,236 [INFO] === CAPITAL RULES ===
2026-08-07 18:01:06,236 [INFO] Total capital: 1000.00 USDT
2026-08-07 18:01:06,236 [INFO] Per-deal budget: 30.00 USDT (3.0% of capital)
2026-08-07 18:01:06,236 [INFO] Base order: 3.29 USDT, up to 4 safety orders
2026-08-07 18:01:06,236 [INFO] Worst-case loss per deal: 3.60 USDT (0.36% of capital)
2026-08-07 18:01:06,236 [INFO] Max total exposure: 6.0% of capital
2026-08-07 18:01:06,297 [WARNING] Bybit price failed (You have breached the ip rate limit or your ip is from the usa. (ErrCode: 403) (ErrTime: 18:01:06).
Request → GET https://api.bybit.com/v5/market/tickers: category=spot&symbol=BTCUSDT.); trying Coinbase
2026-08-07 18:01:06,360 [INFO] BTCUSDT px=64794.0150 avg=64911.5994 tp=65885.2734 sl=57122.2074 next_so=61770.2458 (SO 2/4)
2026-08-07 18:01:06,364 [WARNING] Bybit price failed (You have breached the ip rate limit or your ip is from the usa. (ErrCode: 403) (ErrTime: 18:01:06).
Request → GET https://api.bybit.com/v5/market/tickers: category=spot&symbol=ETHUSDT.); trying Coinbase
2026-08-07 18:01:06,413 [INFO] ETHUSDT px=1913.0950 avg=1908.3191 tp=1936.9439 sl=1679.3209 next_so=1820.7049 (SO 2/4)
2026-08-07 18:01:06,414 [INFO] Single tick complete (GitHub Actions mode). State saved.
2026-08-07 19:14:09,249 [INFO] === CAPITAL RULES ===
2026-08-07 19:14:09,249 [INFO] Total capital: 1000.00 USDT
2026-08-07 19:14:09,249 [INFO] Per-deal budget: 30.00 USDT (3.0% of capital)
2026-08-07 19:14:09,249 [INFO] Base order: 3.29 USDT, up to 4 safety orders
2026-08-07 19:14:09,249 [INFO] Worst-case loss per deal: 3.60 USDT (0.36% of capital)
2026-08-07 19:14:09,249 [INFO] Max total exposure: 6.0% of capital
2026-08-07 19:14:09,326 [WARNING] Bybit price failed (You have breached the ip rate limit or your ip is from the usa. (ErrCode: 403) (ErrTime: 19:14:09).
Request → GET https://api.bybit.com/v5/market/tickers: category=spot&symbol=BTCUSDT.); trying Coinbase
2026-08-07 19:14:09,372 [INFO] BTCUSDT px=64772.6350 avg=64911.5994 tp=65885.2734 sl=57122.2074 next_so=61770.2458 (SO 2/4)
2026-08-07 19:14:09,376 [WARNING] Bybit price failed (You have breached the ip rate limit or your ip is from the usa. (ErrCode: 403) (ErrTime: 19:14:09).
Request → GET https://api.bybit.com/v5/market/tickers: category=spot&symbol=ETHUSDT.); trying Coinbase
2026-08-07 19:14:09,416 [INFO] ETHUSDT px=1911.7500 avg=1908.3191 tp=1936.9439 sl=1679.3209 next_so=1820.7049 (SO 2/4)
2026-08-07 19:14:09,417 [INFO] Single tick complete (GitHub Actions mode). State saved.
2026-08-07 20:00:34,920 [INFO] === CAPITAL RULES ===
2026-08-07 20:00:34,920 [INFO] Total capital: 1000.00 USDT
2026-08-07 20:00:34,920 [INFO] Per-deal budget: 30.00 USDT (3.0% of capital)
2026-08-07 20:00:34,920 [INFO] Base order: 3.29 USDT, up to 4 safety orders
2026-08-07 20:00:34,920 [INFO] Worst-case loss per deal: 3.60 USDT (0.36% of capital)
2026-08-07 20:00:34,920 [INFO] Max total exposure: 6.0% of capital
2026-08-07 20:00:34,984 [WARNING] Bybit price failed (You have breached the ip rate limit or your ip is from the usa. (ErrCode: 403) (ErrTime: 20:00:34).
Request → GET https://api.bybit.com/v5/market/tickers: category=spot&symbol=BTCUSDT.); trying Coinbase
2026-08-07 20:00:35,035 [INFO] BTCUSDT px=64918.3950 avg=64911.5994 tp=65885.2734 sl=57122.2074 next_so=61770.2458 (SO 2/4)
2026-08-07 20:00:35,040 [WARNING] Bybit price failed (You have breached the ip rate limit or your ip is from the usa. (ErrCode: 403) (ErrTime: 20:00:35).
Request → GET https://api.bybit.com/v5/market/tickers: category=spot&symbol=ETHUSDT.); trying Coinbase
2026-08-07 20:00:35,079 [INFO] ETHUSDT px=1917.8950 avg=1908.3191 tp=1936.9439 sl=1679.3209 next_so=1820.7049 (SO 2/4)
2026-08-07 20:00:35,079 [INFO] Single tick complete (GitHub Actions mode). State saved.
2026-08-07 20:57:36,170 [INFO] === CAPITAL RULES ===
2026-08-07 20:57:36,170 [INFO] Total capital: 1000.00 USDT
2026-08-07 20:57:36,170 [INFO] Per-deal budget: 30.00 USDT (3.0% of capital)
2026-08-07 20:57:36,170 [INFO] Base order: 3.29 USDT, up to 4 safety orders
2026-08-07 20:57:36,170 [INFO] Worst-case loss per deal: 3.60 USDT (0.36% of capital)
2026-08-07 20:57:36,170 [INFO] Max total exposure: 6.0% of capital
2026-08-07 20:57:36,289 [WARNING] Bybit price failed (You have breached the ip rate limit or your ip is from the usa. (ErrCode: 403) (ErrTime: 20:57:36).
Request → GET https://api.bybit.com/v5/market/tickers: category=spot&symbol=BTCUSDT.); trying Coinbase
2026-08-07 20:57:36,356 [INFO] BTCUSDT px=64939.1450 avg=64911.5994 tp=65885.2734 sl=57122.2074 next_so=61770.2458 (SO 2/4)
2026-08-07 20:57:36,363 [WARNING] Bybit price failed (You have breached the ip rate limit or your ip is from the usa. (ErrCode: 403) (ErrTime: 20:57:36).
Request → GET https://api.bybit.com/v5/market/tickers: category=spot&symbol=ETHUSDT.); trying Coinbase
2026-08-07 20:57:36,403 [INFO] ETHUSDT px=1913.8350 avg=1908.3191 tp=1936.9439 sl=1679.3209 next_so=1820.7049 (SO 2/4)
2026-08-07 20:57:36,404 [INFO] Single tick complete (GitHub Actions mode). State saved.
2026-08-07 21:41:41,441 [INFO] === CAPITAL RULES ===
2026-08-07 21:41:41,441 [INFO] Total capital: 1000.00 USDT
2026-08-07 21:41:41,441 [INFO] Per-deal budget: 30.00 USDT (3.0% of capital)
2026-08-07 21:41:41,441 [INFO] Base order: 3.29 USDT, up to 4 safety orders
2026-08-07 21:41:41,441 [INFO] Worst-case loss per deal: 3.60 USDT (0.36% of capital)
2026-08-07 21:41:41,441 [INFO] Max total exposure: 6.0% of capital
2026-08-07 21:41:41,547 [WARNING] Bybit price failed (You have breached the ip rate limit or your ip is from the usa. (ErrCode: 403) (ErrTime: 21:41:41).
Request → GET https://api.bybit.com/v5/market/tickers: category=spot&symbol=BTCUSDT.); trying Coinbase
2026-08-07 21:41:41,622 [INFO] BTCUSDT px=65004.3450 avg=64911.5994 tp=65885.2734 sl=57122.2074 next_so=61770.2458 (SO 2/4)
2026-08-07 21:41:41,627 [WARNING] Bybit price failed (You have breached the ip rate limit or your ip is from the usa. (ErrCode: 403) (ErrTime: 21:41:41).
Request → GET https://api.bybit.com/v5/market/tickers: category=spot&symbol=ETHUSDT.); trying Coinbase
2026-08-07 21:41:41,670 [INFO] ETHUSDT px=1914.6100 avg=1908.3191 tp=1936.9439 sl=1679.3209 next_so=1820.7049 (SO 2/4)
2026-08-07 21:41:41,670 [INFO] Single tick complete (GitHub Actions mode). State saved.
2026-08-07 22:17:56,316 [INFO] === CAPITAL RULES ===
2026-08-07 22:17:56,316 [INFO] Total capital: 1000.00 USDT
2026-08-07 22:17:56,316 [INFO] Per-deal budget: 30.00 USDT (3.0% of capital)
2026-08-07 22:17:56,316 [INFO] Base order: 3.29 USDT, up to 4 safety orders
2026-08-07 22:17:56,316 [INFO] Worst-case loss per deal: 3.60 USDT (0.36% of capital)
2026-08-07 22:17:56,317 [INFO] Max total exposure: 6.0% of capital
2026-08-07 22:17:56,568 [WARNING] Bybit price failed (You have breached the ip rate limit or your ip is from the usa. (ErrCode: 403) (ErrTime: 22:17:56).
Request → GET https://api.bybit.com/v5/market/tickers: category=spot&symbol=BTCUSDT.); trying Coinbase
2026-08-07 22:17:56,611 [INFO] BTCUSDT px=64916.5450 avg=64911.5994 tp=65885.2734 sl=57122.2074 next_so=61770.2458 (SO 2/4)
2026-08-07 22:17:56,615 [WARNING] Bybit price failed (You have breached the ip rate limit or your ip is from the usa. (ErrCode: 403) (ErrTime: 22:17:56).
Request → GET https://api.bybit.com/v5/market/tickers: category=spot&symbol=ETHUSDT.); trying Coinbase
2026-08-07 22:17:56,650 [INFO] ETHUSDT px=1915.6350 avg=1908.3191 tp=1936.9439 sl=1679.3209 next_so=1820.7049 (SO 2/4)
2026-08-07 22:17:56,650 [INFO] Single tick complete (GitHub Actions mode). State saved.
2026-08-07 23:04:25,391 [INFO] === CAPITAL RULES ===
2026-08-07 23:04:25,391 [INFO] Total capital: 1000.00 USDT
2026-08-07 23:04:25,391 [INFO] Per-deal budget: 30.00 USDT (3.0% of capital)
2026-08-07 23:04:25,391 [INFO] Base order: 3.29 USDT, up to 4 safety orders
2026-08-07 23:04:25,391 [INFO] Worst-case loss per deal: 3.60 USDT (0.36% of capital)
2026-08-07 23:04:25,391 [INFO] Max total exposure: 6.0% of capital
2026-08-07 23:04:25,515 [WARNING] Bybit price failed (You have breached the ip rate limit or your ip is from the usa. (ErrCode: 403) (ErrTime: 23:04:25).
Request → GET https://api.bybit.com/v5/market/tickers: category=spot&symbol=BTCUSDT.); trying Coinbase
2026-08-07 23:04:25,661 [INFO] BTCUSDT px=64851.6350 avg=64911.5994 tp=65885.2734 sl=57122.2074 next_so=61770.2458 (SO 2/4)
2026-08-07 23:04:25,669 [WARNING] Bybit price failed (You have breached the ip rate limit or your ip is from the usa. (ErrCode: 403) (ErrTime: 23:04:25).
Request → GET https://api.bybit.com/v5/market/tickers: category=spot&symbol=ETHUSDT.); trying Coinbase
2026-08-07 23:04:25,726 [INFO] ETHUSDT px=1914.0150 avg=1908.3191 tp=1936.9439 sl=1679.3209 next_so=1820.7049 (SO 2/4)
2026-08-07 23:04:25,727 [INFO] Single tick complete (GitHub Actions mode). State saved.
2026-08-07 23:47:50,691 [INFO] === CAPITAL RULES ===
2026-08-07 23:47:50,691 [INFO] Total capital: 1000.00 USDT
2026-08-07 23:47:50,691 [INFO] Per-deal budget: 30.00 USDT (3.0% of capital)
2026-08-07 23:47:50,692 [INFO] Base order: 3.29 USDT, up to 4 safety orders
2026-08-07 23:47:50,692 [INFO] Worst-case loss per deal: 3.60 USDT (0.36% of capital)
2026-08-07 23:47:50,692 [INFO] Max total exposure: 6.0% of capital
2026-08-07 23:47:50,857 [WARNING] Bybit price failed (You have breached the ip rate limit or your ip is from the usa. (ErrCode: 403) (ErrTime: 23:47:50).
Request → GET https://api.bybit.com/v5/market/tickers: category=spot&symbol=BTCUSDT.); trying Coinbase
2026-08-07 23:47:51,000 [INFO] BTCUSDT px=64872.4850 avg=64911.5994 tp=65885.2734 sl=57122.2074 next_so=61770.2458 (SO 2/4)
2026-08-07 23:47:51,019 [WARNING] Bybit price failed (You have breached the ip rate limit or your ip is from the usa. (ErrCode: 403) (ErrTime: 23:47:51).
Request → GET https://api.bybit.com/v5/market/tickers: category=spot&symbol=ETHUSDT.); trying Coinbase
2026-08-07 23:47:51,114 [INFO] ETHUSDT px=1914.6950 avg=1908.3191 tp=1936.9439 sl=1679.3209 next_so=1820.7049 (SO 2/4)
2026-08-07 23:47:51,114 [INFO] Single tick complete (GitHub Actions mode). State saved.
2026-08-08 01:19:13,423 [INFO] === CAPITAL RULES ===
2026-08-08 01:19:13,423 [INFO] Total capital: 1000.00 USDT
2026-08-08 01:19:13,423 [INFO] Per-deal budget: 30.00 USDT (3.0% of capital)
2026-08-08 01:19:13,423 [INFO] Base order: 3.29 USDT, up to 4 safety orders
2026-08-08 01:19:13,423 [INFO] Worst-case loss per deal: 3.60 USDT (0.36% of capital)
2026-08-08 01:19:13,423 [INFO] Max total exposure: 6.0% of capital
2026-08-08 01:19:13,568 [WARNING] Bybit price failed (You have breached the ip rate limit or your ip is from the usa. (ErrCode: 403) (ErrTime: 01:19:13).
Request → GET https://api.bybit.com/v5/market/tickers: category=spot&symbol=BTCUSDT.); trying Coinbase
2026-08-08 01:19:13,616 [INFO] BTCUSDT px=64907.8350 avg=64911.5994 tp=65885.2734 sl=57122.2074 next_so=61770.2458 (SO 2/4)
2026-08-08 01:19:13,620 [WARNING] Bybit price failed (You have breached the ip rate limit or your ip is from the usa. (ErrCode: 403) (ErrTime: 01:19:13).
Request → GET https://api.bybit.com/v5/market/tickers: category=spot&symbol=ETHUSDT.); trying Coinbase
2026-08-08 01:19:13,665 [INFO] ETHUSDT px=1915.2850 avg=1908.3191 tp=1936.9439 sl=1679.3209 next_so=1820.7049 (SO 2/4)
2026-08-08 01:19:13,665 [INFO] Single tick complete (GitHub Actions mode). State saved.
2026-08-08 03:07:44,527 [INFO] === CAPITAL RULES ===
2026-08-08 03:07:44,527 [INFO] Total capital: 1000.00 USDT
2026-08-08 03:07:44,527 [INFO] Per-deal budget: 30.00 USDT (3.0% of capital)
2026-08-08 03:07:44,527 [INFO] Base order: 3.29 USDT, up to 4 safety orders
2026-08-08 03:07:44,527 [INFO] Worst-case loss per deal: 3.60 USDT (0.36% of capital)
2026-08-08 03:07:44,527 [INFO] Max total exposure: 6.0% of capital
2026-08-08 03:07:44,742 [WARNING] Bybit price failed (You have breached the ip rate limit or your ip is from the usa. (ErrCode: 403) (ErrTime: 03:07:44).
Request → GET https://api.bybit.com/v5/market/tickers: category=spot&symbol=BTCUSDT.); trying Coinbase
2026-08-08 03:07:44,986 [INFO] BTCUSDT px=64899.3550 avg=64911.5994 tp=65885.2734 sl=57122.2074 next_so=61770.2458 (SO 2/4)
2026-08-08 03:07:44,997 [WARNING] Bybit price failed (You have breached the ip rate limit or your ip is from the usa. (ErrCode: 403) (ErrTime: 03:07:44).
Request → GET https://api.bybit.com/v5/market/tickers: category=spot&symbol=ETHUSDT.); trying Coinbase
2026-08-08 03:07:45,129 [INFO] ETHUSDT px=1913.6150 avg=1908.3191 tp=1936.9439 sl=1679.3209 next_so=1820.7049 (SO 2/4)
2026-08-08 03:07:45,130 [INFO] Single tick complete (GitHub Actions mode). State saved.
2026-08-08 04:20:33,598 [INFO] === CAPITAL RULES ===
2026-08-08 04:20:33,598 [INFO] Total capital: 1000.00 USDT
2026-08-08 04:20:33,598 [INFO] Per-deal budget: 30.00 USDT (3.0% of capital)
2026-08-08 04:20:33,598 [INFO] Base order: 3.29 USDT, up to 4 safety orders
2026-08-08 04:20:33,598 [INFO] Worst-case loss per deal: 3.60 USDT (0.36% of capital)
2026-08-08 04:20:33,599 [INFO] Max total exposure: 6.0% of capital
2026-08-08 04:20:33,842 [WARNING] Bybit price failed (You have breached the ip rate limit or your ip is from the usa. (ErrCode: 403) (ErrTime: 04:20:33).
Request → GET https://api.bybit.com/v5/market/tickers: category=spot&symbol=BTCUSDT.); trying Coinbase
2026-08-08 04:20:34,026 [INFO] BTCUSDT px=64941.5150 avg=64911.5994 tp=65885.2734 sl=57122.2074 next_so=61770.2458 (SO 2/4)
2026-08-08 04:20:34,048 [WARNING] Bybit price failed (You have breached the ip rate limit or your ip is from the usa. (ErrCode: 403) (ErrTime: 04:20:34).
Request → GET https://api.bybit.com/v5/market/tickers: category=spot&symbol=ETHUSDT.); trying Coinbase
2026-08-08 04:20:34,144 [INFO] ETHUSDT px=1916.1550 avg=1908.3191 tp=1936.9439 sl=1679.3209 next_so=1820.7049 (SO 2/4)
2026-08-08 04:20:34,144 [INFO] Single tick complete (GitHub Actions mode). State saved.
2026-08-08 05:14:55,248 [INFO] === CAPITAL RULES ===
2026-08-08 05:14:55,249 [INFO] Total capital: 1000.00 USDT
2026-08-08 05:14:55,249 [INFO] Per-deal budget: 30.00 USDT (3.0% of capital)
2026-08-08 05:14:55,249 [INFO] Base order: 3.29 USDT, up to 4 safety orders
2026-08-08 05:14:55,249 [INFO] Worst-case loss per deal: 3.60 USDT (0.36% of capital)
2026-08-08 05:14:55,249 [INFO] Max total exposure: 6.0% of capital
2026-08-08 05:14:55,430 [WARNING] Bybit price failed (You have breached the ip rate limit or your ip is from the usa. (ErrCode: 403) (ErrTime: 05:14:55).
Request → GET https://api.bybit.com/v5/market/tickers: category=spot&symbol=BTCUSDT.); trying Coinbase
2026-08-08 05:14:55,513 [INFO] BTCUSDT px=64950.0350 avg=64911.5994 tp=65885.2734 sl=57122.2074 next_so=61770.2458 (SO 2/4)
2026-08-08 05:14:55,517 [WARNING] Bybit price failed (You have breached the ip rate limit or your ip is from the usa. (ErrCode: 403) (ErrTime: 05:14:55).
Request → GET https://api.bybit.com/v5/market/tickers: category=spot&symbol=ETHUSDT.); trying Coinbase
2026-08-08 05:14:55,565 [INFO] ETHUSDT px=1915.8400 avg=1908.3191 tp=1936.9439 sl=1679.3209 next_so=1820.7049 (SO 2/4)
2026-08-08 05:14:55,565 [INFO] Single tick complete (GitHub Actions mode). State saved.
2026-08-08 05:59:06,385 [INFO] === CAPITAL RULES ===
2026-08-08 05:59:06,385 [INFO] Total capital: 1000.00 USDT
2026-08-08 05:59:06,385 [INFO] Per-deal budget: 30.00 USDT (3.0% of capital)
2026-08-08 05:59:06,385 [INFO] Base order: 3.29 USDT, up to 4 safety orders
2026-08-08 05:59:06,385 [INFO] Worst-case loss per deal: 3.60 USDT (0.36% of capital)
2026-08-08 05:59:06,385 [INFO] Max total exposure: 6.0% of capital
2026-08-08 05:59:06,570 [WARNING] Bybit price failed (You have breached the ip rate limit or your ip is from the usa. (ErrCode: 403) (ErrTime: 05:59:06).
Request → GET https://api.bybit.com/v5/market/tickers: category=spot&symbol=BTCUSDT.); trying Coinbase
2026-08-08 05:59:06,678 [INFO] BTCUSDT px=64947.4650 avg=64911.5994 tp=65885.2734 sl=57122.2074 next_so=61770.2458 (SO 2/4)
2026-08-08 05:59:06,690 [WARNING] Bybit price failed (You have breached the ip rate limit or your ip is from the usa. (ErrCode: 403) (ErrTime: 05:59:06).
Request → GET https://api.bybit.com/v5/market/tickers: category=spot&symbol=ETHUSDT.); trying Coinbase
2026-08-08 05:59:06,757 [INFO] ETHUSDT px=1916.2950 avg=1908.3191 tp=1936.9439 sl=1679.3209 next_so=1820.7049 (SO 2/4)
2026-08-08 05:59:06,757 [INFO] Single tick complete (GitHub Actions mode). State saved.
2026-08-08 07:04:48,090 [INFO] === CAPITAL RULES ===
2026-08-08 07:04:48,090 [INFO] Total capital: 1000.00 USDT
2026-08-08 07:04:48,091 [INFO] Per-deal budget: 30.00 USDT (3.0% of capital)
2026-08-08 07:04:48,091 [INFO] Base order: 3.29 USDT, up to 4 safety orders
2026-08-08 07:04:48,091 [INFO] Worst-case loss per deal: 3.60 USDT (0.36% of capital)
2026-08-08 07:04:48,091 [INFO] Max total exposure: 6.0% of capital
2026-08-08 07:04:48,177 [WARNING] Bybit price failed (You have breached the ip rate limit or your ip is from the usa. (ErrCode: 403) (ErrTime: 07:04:48).
Request → GET https://api.bybit.com/v5/market/tickers: category=spot&symbol=BTCUSDT.); trying Coinbase
2026-08-08 07:04:48,265 [INFO] BTCUSDT px=64965.9550 avg=64911.5994 tp=65885.2734 sl=57122.2074 next_so=61770.2458 (SO 2/4)
2026-08-08 07:04:48,269 [WARNING] Bybit price failed (You have breached the ip rate limit or your ip is from the usa. (ErrCode: 403) (ErrTime: 07:04:48).
Request → GET https://api.bybit.com/v5/market/tickers: category=spot&symbol=ETHUSDT.); trying Coinbase
2026-08-08 07:04:48,323 [INFO] ETHUSDT px=1915.1950 avg=1908.3191 tp=1936.9439 sl=1679.3209 next_so=1820.7049 (SO 2/4)
2026-08-08 07:04:48,323 [INFO] Single tick complete (GitHub Actions mode). State saved.
2026-08-08 07:58:38,940 [INFO] === CAPITAL RULES ===
2026-08-08 07:58:38,940 [INFO] Total capital: 1000.00 USDT
2026-08-08 07:58:38,941 [INFO] Per-deal budget: 30.00 USDT (3.0% of capital)
2026-08-08 07:58:38,941 [INFO] Base order: 3.29 USDT, up to 4 safety orders
2026-08-08 07:58:38,941 [INFO] Worst-case loss per deal: 3.60 USDT (0.36% of capital)
2026-08-08 07:58:38,941 [INFO] Max total exposure: 6.0% of capital
2026-08-08 07:58:39,006 [WARNING] Bybit price failed (You have breached the ip rate limit or your ip is from the usa. (ErrCode: 403) (ErrTime: 07:58:39).
Request → GET https://api.bybit.com/v5/market/tickers: category=spot&symbol=BTCUSDT.); trying Coinbase
2026-08-08 07:58:39,049 [INFO] BTCUSDT px=64929.4150 avg=64911.5994 tp=65885.2734 sl=57122.2074 next_so=61770.2458 (SO 2/4)
2026-08-08 07:58:39,052 [WARNING] Bybit price failed (You have breached the ip rate limit or your ip is from the usa. (ErrCode: 403) (ErrTime: 07:58:39).
Request → GET https://api.bybit.com/v5/market/tickers: category=spot&symbol=ETHUSDT.); trying Coinbase
2026-08-08 07:58:39,089 [INFO] ETHUSDT px=1914.2350 avg=1908.3191 tp=1936.9439 sl=1679.3209 next_so=1820.7049 (SO 2/4)
2026-08-08 07:58:39,089 [INFO] Single tick complete (GitHub Actions mode). State saved.
2026-08-08 08:49:40,816 [INFO] === CAPITAL RULES ===
2026-08-08 08:49:40,816 [INFO] Total capital: 1000.00 USDT
2026-08-08 08:49:40,817 [INFO] Per-deal budget: 30.00 USDT (3.0% of capital)
2026-08-08 08:49:40,817 [INFO] Base order: 3.29 USDT, up to 4 safety orders
2026-08-08 08:49:40,817 [INFO] Worst-case loss per deal: 3.60 USDT (0.36% of capital)
2026-08-08 08:49:40,817 [INFO] Max total exposure: 6.0% of capital
2026-08-08 08:49:40,950 [WARNING] Bybit price failed (You have breached the ip rate limit or your ip is from the usa. (ErrCode: 403) (ErrTime: 08:49:40).
Request → GET https://api.bybit.com/v5/market/tickers: category=spot&symbol=BTCUSDT.); trying Coinbase
2026-08-08 08:49:41,007 [INFO] BTCUSDT px=64957.0650 avg=64911.5994 tp=65885.2734 sl=57122.2074 next_so=61770.2458 (SO 2/4)
2026-08-08 08:49:41,016 [WARNING] Bybit price failed (You have breached the ip rate limit or your ip is from the usa. (ErrCode: 403) (ErrTime: 08:49:41).
Request → GET https://api.bybit.com/v5/market/tickers: category=spot&symbol=ETHUSDT.); trying Coinbase
2026-08-08 08:49:41,069 [INFO] ETHUSDT px=1916.1950 avg=1908.3191 tp=1936.9439 sl=1679.3209 next_so=1820.7049 (SO 2/4)
2026-08-08 08:49:41,069 [INFO] Single tick complete (GitHub Actions mode). State saved.
2026-08-08 09:33:58,130 [INFO] === CAPITAL RULES ===
2026-08-08 09:33:58,130 [INFO] Total capital: 1000.00 USDT
2026-08-08 09:33:58,131 [INFO] Per-deal budget: 30.00 USDT (3.0% of capital)
2026-08-08 09:33:58,131 [INFO] Base order: 3.29 USDT, up to 4 safety orders
2026-08-08 09:33:58,131 [INFO] Worst-case loss per deal: 3.60 USDT (0.36% of capital)
2026-08-08 09:33:58,131 [INFO] Max total exposure: 6.0% of capital
2026-08-08 09:33:58,366 [WARNING] Bybit price failed (You have breached the ip rate limit or your ip is from the usa. (ErrCode: 403) (ErrTime: 09:33:58).
Request → GET https://api.bybit.com/v5/market/tickers: category=spot&symbol=BTCUSDT.); trying Coinbase
2026-08-08 09:33:58,418 [INFO] BTCUSDT px=64988.7650 avg=64911.5994 tp=65885.2734 sl=57122.2074 next_so=61770.2458 (SO 2/4)
2026-08-08 09:33:58,422 [WARNING] Bybit price failed (You have breached the ip rate limit or your ip is from the usa. (ErrCode: 403) (ErrTime: 09:33:58).
Request → GET https://api.bybit.com/v5/market/tickers: category=spot&symbol=ETHUSDT.); trying Coinbase
2026-08-08 09:33:58,461 [INFO] ETHUSDT px=1918.6650 avg=1908.3191 tp=1936.9439 sl=1679.3209 next_so=1820.7049 (SO 2/4)
2026-08-08 09:33:58,461 [INFO] Single tick complete (GitHub Actions mode). State saved.
2026-08-08 10:10:06,162 [INFO] === CAPITAL RULES ===
2026-08-08 10:10:06,162 [INFO] Total capital: 1000.00 USDT
2026-08-08 10:10:06,162 [INFO] Per-deal budget: 30.00 USDT (3.0% of capital)
2026-08-08 10:10:06,163 [INFO] Base order: 3.29 USDT, up to 4 safety orders
2026-08-08 10:10:06,163 [INFO] Worst-case loss per deal: 3.60 USDT (0.36% of capital)
2026-08-08 10:10:06,163 [INFO] Max total exposure: 6.0% of capital
2026-08-08 10:10:06,301 [WARNING] Bybit price failed (You have breached the ip rate limit or your ip is from the usa. (ErrCode: 403) (ErrTime: 10:10:06).
Request → GET https://api.bybit.com/v5/market/tickers: category=spot&symbol=BTCUSDT.); trying Coinbase
2026-08-08 10:10:06,367 [INFO] BTCUSDT px=64967.6450 avg=64911.5994 tp=65885.2734 sl=57122.2074 next_so=61770.2458 (SO 2/4)
2026-08-08 10:10:06,378 [WARNING] Bybit price failed (You have breached the ip rate limit or your ip is from the usa. (ErrCode: 403) (ErrTime: 10:10:06).
Request → GET https://api.bybit.com/v5/market/tickers: category=spot&symbol=ETHUSDT.); trying Coinbase
2026-08-08 10:10:06,450 [INFO] ETHUSDT px=1919.2650 avg=1908.3191 tp=1936.9439 sl=1679.3209 next_so=1820.7049 (SO 2/4)
2026-08-08 10:10:06,451 [INFO] Single tick complete (GitHub Actions mode). State saved.
2026-08-08 10:50:30,622 [INFO] === CAPITAL RULES ===
2026-08-08 10:50:30,622 [INFO] Total capital: 1000.00 USDT
2026-08-08 10:50:30,622 [INFO] Per-deal budget: 30.00 USDT (3.0% of capital)
2026-08-08 10:50:30,622 [INFO] Base order: 3.29 USDT, up to 4 safety orders
2026-08-08 10:50:30,622 [INFO] Worst-case loss per deal: 3.60 USDT (0.36% of capital)
2026-08-08 10:50:30,622 [INFO] Max total exposure: 6.0% of capital
2026-08-08 10:50:30,801 [WARNING] Bybit price failed (You have breached the ip rate limit or your ip is from the usa. (ErrCode: 403) (ErrTime: 10:50:30).
Request → GET https://api.bybit.com/v5/market/tickers: category=spot&symbol=BTCUSDT.); trying Coinbase
2026-08-08 10:50:30,855 [INFO] BTCUSDT px=64976.4050 avg=64911.5994 tp=65885.2734 sl=57122.2074 next_so=61770.2458 (SO 2/4)
2026-08-08 10:50:30,863 [WARNING] Bybit price failed (You have breached the ip rate limit or your ip is from the usa. (ErrCode: 403) (ErrTime: 10:50:30).
Request → GET https://api.bybit.com/v5/market/tickers: category=spot&symbol=ETHUSDT.); trying Coinbase
2026-08-08 10:50:30,914 [INFO] ETHUSDT px=1919.5950 avg=1908.3191 tp=1936.9439 sl=1679.3209 next_so=1820.7049 (SO 2/4)
2026-08-08 10:50:30,914 [INFO] Single tick complete (GitHub Actions mode). State saved.
2026-08-08 11:25:05,775 [INFO] === CAPITAL RULES ===
2026-08-08 11:25:05,776 [INFO] Total capital: 1000.00 USDT
2026-08-08 11:25:05,776 [INFO] Per-deal budget: 30.00 USDT (3.0% of capital)
2026-08-08 11:25:05,776 [INFO] Base order: 3.29 USDT, up to 4 safety orders
2026-08-08 11:25:05,776 [INFO] Worst-case loss per deal: 3.60 USDT (0.36% of capital)
2026-08-08 11:25:05,776 [INFO] Max total exposure: 6.0% of capital
2026-08-08 11:25:05,852 [WARNING] Bybit price failed (You have breached the ip rate limit or your ip is from the usa. (ErrCode: 403) (ErrTime: 11:25:05).
Request → GET https://api.bybit.com/v5/market/tickers: category=spot&symbol=BTCUSDT.); trying Coinbase
2026-08-08 11:25:05,898 [INFO] BTCUSDT px=64939.1850 avg=64911.5994 tp=65885.2734 sl=57122.2074 next_so=61770.2458 (SO 2/4)
2026-08-08 11:25:05,902 [WARNING] Bybit price failed (You have breached the ip rate limit or your ip is from the usa. (ErrCode: 403) (ErrTime: 11:25:05).
Request → GET https://api.bybit.com/v5/market/tickers: category=spot&symbol=ETHUSDT.); trying Coinbase
2026-08-08 11:25:05,943 [INFO] ETHUSDT px=1918.7750 avg=1908.3191 tp=1936.9439 sl=1679.3209 next_so=1820.7049 (SO 2/4)
2026-08-08 11:25:05,944 [INFO] Single tick complete (GitHub Actions mode). State saved.
2026-08-08 11:53:07,788 [INFO] === CAPITAL RULES ===
2026-08-08 11:53:07,789 [INFO] Total capital: 1000.00 USDT
2026-08-08 11:53:07,789 [INFO] Per-deal budget: 30.00 USDT (3.0% of capital)
2026-08-08 11:53:07,789 [INFO] Base order: 3.29 USDT, up to 4 safety orders
2026-08-08 11:53:07,789 [INFO] Worst-case loss per deal: 3.60 USDT (0.36% of capital)
2026-08-08 11:53:07,789 [INFO] Max total exposure: 6.0% of capital
2026-08-08 11:53:07,947 [WARNING] Bybit price failed (You have breached the ip rate limit or your ip is from the usa. (ErrCode: 403) (ErrTime: 11:53:07).
Request → GET https://api.bybit.com/v5/market/tickers: category=spot&symbol=BTCUSDT.); trying Coinbase
2026-08-08 11:53:07,995 [INFO] BTCUSDT px=64928.3150 avg=64911.5994 tp=65885.2734 sl=57122.2074 next_so=61770.2458 (SO 2/4)
2026-08-08 11:53:07,999 [WARNING] Bybit price failed (You have breached the ip rate limit or your ip is from the usa. (ErrCode: 403) (ErrTime: 11:53:07).
Request → GET https://api.bybit.com/v5/market/tickers: category=spot&symbol=ETHUSDT.); trying Coinbase
2026-08-08 11:53:08,036 [INFO] ETHUSDT px=1919.1000 avg=1908.3191 tp=1936.9439 sl=1679.3209 next_so=1820.7049 (SO 2/4)
2026-08-08 11:53:08,036 [INFO] Single tick complete (GitHub Actions mode). State saved.
2026-08-08 12:40:11,216 [INFO] === CAPITAL RULES ===
2026-08-08 12:40:11,216 [INFO] Total capital: 1000.00 USDT
2026-08-08 12:40:11,216 [INFO] Per-deal budget: 30.00 USDT (3.0% of capital)
2026-08-08 12:40:11,216 [INFO] Base order: 3.29 USDT, up to 4 safety orders
2026-08-08 12:40:11,216 [INFO] Worst-case loss per deal: 3.60 USDT (0.36% of capital)
2026-08-08 12:40:11,216 [INFO] Max total exposure: 6.0% of capital
2026-08-08 12:40:11,346 [WARNING] Bybit price failed (You have breached the ip rate limit or your ip is from the usa. (ErrCode: 403) (ErrTime: 12:40:11).
Request → GET https://api.bybit.com/v5/market/tickers: category=spot&symbol=BTCUSDT.); trying Coinbase
2026-08-08 12:40:11,614 [INFO] BTCUSDT px=64973.1000 avg=64911.5994 tp=65885.2734 sl=57122.2074 next_so=61770.2458 (SO 2/4)
2026-08-08 12:40:11,626 [WARNING] Bybit price failed (You have breached the ip rate limit or your ip is from the usa. (ErrCode: 403) (ErrTime: 12:40:11).
Request → GET https://api.bybit.com/v5/market/tickers: category=spot&symbol=ETHUSDT.); trying Coinbase
2026-08-08 12:40:11,705 [INFO] ETHUSDT px=1919.0550 avg=1908.3191 tp=1936.9439 sl=1679.3209 next_so=1820.7049 (SO 2/4)
2026-08-08 12:40:11,706 [INFO] Single tick complete (GitHub Actions mode). State saved.
2026-08-08 13:32:20,377 [INFO] === CAPITAL RULES ===
2026-08-08 13:32:20,377 [INFO] Total capital: 1000.00 USDT
2026-08-08 13:32:20,377 [INFO] Per-deal budget: 30.00 USDT (3.0% of capital)
2026-08-08 13:32:20,377 [INFO] Base order: 3.29 USDT, up to 4 safety orders
2026-08-08 13:32:20,377 [INFO] Worst-case loss per deal: 3.60 USDT (0.36% of capital)
2026-08-08 13:32:20,377 [INFO] Max total exposure: 6.0% of capital
2026-08-08 13:32:20,534 [WARNING] Bybit price failed (You have breached the ip rate limit or your ip is from the usa. (ErrCode: 403) (ErrTime: 13:32:20).
Request → GET https://api.bybit.com/v5/market/tickers: category=spot&symbol=BTCUSDT.); trying Coinbase
2026-08-08 13:32:20,591 [INFO] BTCUSDT px=64968.1550 avg=64911.5994 tp=65885.2734 sl=57122.2074 next_so=61770.2458 (SO 2/4)
2026-08-08 13:32:20,600 [WARNING] Bybit price failed (You have breached the ip rate limit or your ip is from the usa. (ErrCode: 403) (ErrTime: 13:32:20).
Request → GET https://api.bybit.com/v5/market/tickers: category=spot&symbol=ETHUSDT.); trying Coinbase
2026-08-08 13:32:20,649 [INFO] ETHUSDT px=1917.5350 avg=1908.3191 tp=1936.9439 sl=1679.3209 next_so=1820.7049 (SO 2/4)
2026-08-08 13:32:20,649 [INFO] Single tick complete (GitHub Actions mode). State saved.
2026-08-08 14:17:32,219 [INFO] === CAPITAL RULES ===
2026-08-08 14:17:32,219 [INFO] Total capital: 1000.00 USDT
2026-08-08 14:17:32,219 [INFO] Per-deal budget: 30.00 USDT (3.0% of capital)
2026-08-08 14:17:32,219 [INFO] Base order: 3.29 USDT, up to 4 safety orders
2026-08-08 14:17:32,219 [INFO] Worst-case loss per deal: 3.60 USDT (0.36% of capital)
2026-08-08 14:17:32,219 [INFO] Max total exposure: 6.0% of capital
2026-08-08 14:17:32,367 [WARNING] Bybit price failed (You have breached the ip rate limit or your ip is from the usa. (ErrCode: 403) (ErrTime: 14:17:32).
Request → GET https://api.bybit.com/v5/market/tickers: category=spot&symbol=BTCUSDT.); trying Coinbase
2026-08-08 14:17:32,484 [INFO] BTCUSDT px=65009.5150 avg=64911.5994 tp=65885.2734 sl=57122.2074 next_so=61770.2458 (SO 2/4)
2026-08-08 14:17:32,495 [WARNING] Bybit price failed (You have breached the ip rate limit or your ip is from the usa. (ErrCode: 403) (ErrTime: 14:17:32).
Request → GET https://api.bybit.com/v5/market/tickers: category=spot&symbol=ETHUSDT.); trying Coinbase
2026-08-08 14:17:32,553 [INFO] ETHUSDT px=1920.2450 avg=1908.3191 tp=1936.9439 sl=1679.3209 next_so=1820.7049 (SO 2/4)
2026-08-08 14:17:32,553 [INFO] Single tick complete (GitHub Actions mode). State saved.
2026-08-08 14:57:41,625 [INFO] === CAPITAL RULES ===
2026-08-08 14:57:41,625 [INFO] Total capital: 1000.00 USDT
2026-08-08 14:57:41,625 [INFO] Per-deal budget: 30.00 USDT (3.0% of capital)
2026-08-08 14:57:41,625 [INFO] Base order: 3.29 USDT, up to 4 safety orders
2026-08-08 14:57:41,625 [INFO] Worst-case loss per deal: 3.60 USDT (0.36% of capital)
2026-08-08 14:57:41,625 [INFO] Max total exposure: 6.0% of capital
2026-08-08 14:57:41,792 [WARNING] Bybit price failed (You have breached the ip rate limit or your ip is from the usa. (ErrCode: 403) (ErrTime: 14:57:41).
Request → GET https://api.bybit.com/v5/market/tickers: category=spot&symbol=BTCUSDT.); trying Coinbase
2026-08-08 14:57:41,893 [INFO] BTCUSDT px=65114.4450 avg=64911.5994 tp=65885.2734 sl=57122.2074 next_so=61770.2458 (SO 2/4)
2026-08-08 14:57:41,904 [WARNING] Bybit price failed (You have breached the ip rate limit or your ip is from the usa. (ErrCode: 403) (ErrTime: 14:57:41).
Request → GET https://api.bybit.com/v5/market/tickers: category=spot&symbol=ETHUSDT.); trying Coinbase
2026-08-08 14:57:41,953 [INFO] ETHUSDT px=1923.4500 avg=1908.3191 tp=1936.9439 sl=1679.3209 next_so=1820.7049 (SO 2/4)
2026-08-08 14:57:41,954 [INFO] Single tick complete (GitHub Actions mode). State saved.
2026-08-08 15:32:57,067 [INFO] === CAPITAL RULES ===
2026-08-08 15:32:57,067 [INFO] Total capital: 1000.00 USDT
2026-08-08 15:32:57,067 [INFO] Per-deal budget: 30.00 USDT (3.0% of capital)
2026-08-08 15:32:57,067 [INFO] Base order: 3.29 USDT, up to 4 safety orders
2026-08-08 15:32:57,067 [INFO] Worst-case loss per deal: 3.60 USDT (0.36% of capital)
2026-08-08 15:32:57,068 [INFO] Max total exposure: 6.0% of capital
2026-08-08 15:32:57,207 [WARNING] Bybit price failed (You have breached the ip rate limit or your ip is from the usa. (ErrCode: 403) (ErrTime: 15:32:57).
Request → GET https://api.bybit.com/v5/market/tickers: category=spot&symbol=BTCUSDT.); trying Coinbase
2026-08-08 15:32:57,274 [INFO] BTCUSDT px=65040.1450 avg=64911.5994 tp=65885.2734 sl=57122.2074 next_so=61770.2458 (SO 2/4)
2026-08-08 15:32:57,286 [WARNING] Bybit price failed (You have breached the ip rate limit or your ip is from the usa. (ErrCode: 403) (ErrTime: 15:32:57).
Request → GET https://api.bybit.com/v5/market/tickers: category=spot&symbol=ETHUSDT.); trying Coinbase
2026-08-08 15:32:57,335 [INFO] ETHUSDT px=1921.0050 avg=1908.3191 tp=1936.9439 sl=1679.3209 next_so=1820.7049 (SO 2/4)
2026-08-08 15:32:57,335 [INFO] Single tick complete (GitHub Actions mode). State saved.
2026-08-08 16:02:18,752 [INFO] === CAPITAL RULES ===
2026-08-08 16:02:18,752 [INFO] Total capital: 1000.00 USDT
2026-08-08 16:02:18,752 [INFO] Per-deal budget: 30.00 USDT (3.0% of capital)
2026-08-08 16:02:18,752 [INFO] Base order: 3.29 USDT, up to 4 safety orders
2026-08-08 16:02:18,752 [INFO] Worst-case loss per deal: 3.60 USDT (0.36% of capital)
2026-08-08 16:02:18,752 [INFO] Max total exposure: 6.0% of capital
2026-08-08 16:02:18,889 [WARNING] Bybit price failed (You have breached the ip rate limit or your ip is from the usa. (ErrCode: 403) (ErrTime: 16:02:18).
Request → GET https://api.bybit.com/v5/market/tickers: category=spot&symbol=BTCUSDT.); trying Coinbase
2026-08-08 16:02:18,999 [INFO] BTCUSDT px=65044.8350 avg=64911.5994 tp=65885.2734 sl=57122.2074 next_so=61770.2458 (SO 2/4)
2026-08-08 16:02:19,003 [WARNING] Bybit price failed (You have breached the ip rate limit or your ip is from the usa. (ErrCode: 403) (ErrTime: 16:02:19).
Request → GET https://api.bybit.com/v5/market/tickers: category=spot&symbol=ETHUSDT.); trying Coinbase
2026-08-08 16:02:19,041 [INFO] ETHUSDT px=1921.6200 avg=1908.3191 tp=1936.9439 sl=1679.3209 next_so=1820.7049 (SO 2/4)
2026-08-08 16:02:19,041 [INFO] Single tick complete (GitHub Actions mode). State saved.
2026-08-08 16:51:07,510 [INFO] === CAPITAL RULES ===
2026-08-08 16:51:07,510 [INFO] Total capital: 1000.00 USDT
2026-08-08 16:51:07,510 [INFO] Per-deal budget: 30.00 USDT (3.0% of capital)
2026-08-08 16:51:07,510 [INFO] Base order: 3.29 USDT, up to 4 safety orders
2026-08-08 16:51:07,510 [INFO] Worst-case loss per deal: 3.60 USDT (0.36% of capital)
2026-08-08 16:51:07,510 [INFO] Max total exposure: 6.0% of capital
2026-08-08 16:51:07,632 [WARNING] Bybit price failed (You have breached the ip rate limit or your ip is from the usa. (ErrCode: 403) (ErrTime: 16:51:07).
Request → GET https://api.bybit.com/v5/market/tickers: category=spot&symbol=BTCUSDT.); trying Coinbase
2026-08-08 16:51:07,704 [INFO] BTCUSDT px=65018.5050 avg=64911.5994 tp=65885.2734 sl=57122.2074 next_so=61770.2458 (SO 2/4)
2026-08-08 16:51:07,708 [WARNING] Bybit price failed (You have breached the ip rate limit or your ip is from the usa. (ErrCode: 403) (ErrTime: 16:51:07).
Request → GET https://api.bybit.com/v5/market/tickers: category=spot&symbol=ETHUSDT.); trying Coinbase
2026-08-08 16:51:07,746 [INFO] ETHUSDT px=1921.0550 avg=1908.3191 tp=1936.9439 sl=1679.3209 next_so=1820.7049 (SO 2/4)
2026-08-08 16:51:07,746 [INFO] Single tick complete (GitHub Actions mode). State saved.
2026-08-08 17:25:59,244 [INFO] === CAPITAL RULES ===
2026-08-08 17:25:59,244 [INFO] Total capital: 1000.00 USDT
2026-08-08 17:25:59,244 [INFO] Per-deal budget: 30.00 USDT (3.0% of capital)
2026-08-08 17:25:59,245 [INFO] Base order: 3.29 USDT, up to 4 safety orders
2026-08-08 17:25:59,245 [INFO] Worst-case loss per deal: 3.60 USDT (0.36% of capital)
2026-08-08 17:25:59,245 [INFO] Max total exposure: 6.0% of capital
2026-08-08 17:25:59,409 [WARNING] Bybit price failed (You have breached the ip rate limit or your ip is from the usa. (ErrCode: 403) (ErrTime: 17:25:59).
Request → GET https://api.bybit.com/v5/market/tickers: category=spot&symbol=BTCUSDT.); trying Coinbase
2026-08-08 17:25:59,450 [INFO] BTCUSDT px=65063.0250 avg=64911.5994 tp=65885.2734 sl=57122.2074 next_so=61770.2458 (SO 2/4)
2026-08-08 17:25:59,454 [WARNING] Bybit price failed (You have breached the ip rate limit or your ip is from the usa. (ErrCode: 403) (ErrTime: 17:25:59).
Request → GET https://api.bybit.com/v5/market/tickers: category=spot&symbol=ETHUSDT.); trying Coinbase
2026-08-08 17:25:59,491 [INFO] ETHUSDT px=1921.9350 avg=1908.3191 tp=1936.9439 sl=1679.3209 next_so=1820.7049 (SO 2/4)
2026-08-08 17:25:59,491 [INFO] Single tick complete (GitHub Actions mode). State saved.
2026-08-08 17:57:17,867 [INFO] === CAPITAL RULES ===
2026-08-08 17:57:17,867 [INFO] Total capital: 1000.00 USDT
2026-08-08 17:57:17,867 [INFO] Per-deal budget: 30.00 USDT (3.0% of capital)
2026-08-08 17:57:17,867 [INFO] Base order: 3.29 USDT, up to 4 safety orders
2026-08-08 17:57:17,868 [INFO] Worst-case loss per deal: 3.60 USDT (0.36% of capital)
2026-08-08 17:57:17,868 [INFO] Max total exposure: 6.0% of capital
2026-08-08 17:57:18,011 [WARNING] Bybit price failed (You have breached the ip rate limit or your ip is from the usa. (ErrCode: 403) (ErrTime: 17:57:18).
Request → GET https://api.bybit.com/v5/market/tickers: category=spot&symbol=BTCUSDT.); trying Coinbase
2026-08-08 17:57:18,112 [INFO] BTCUSDT px=65073.1150 avg=64911.5994 tp=65885.2734 sl=57122.2074 next_so=61770.2458 (SO 2/4)
2026-08-08 17:57:18,126 [WARNING] Bybit price failed (You have breached the ip rate limit or your ip is from the usa. (ErrCode: 403) (ErrTime: 17:57:18).
Request → GET https://api.bybit.com/v5/market/tickers: category=spot&symbol=ETHUSDT.); trying Coinbase
2026-08-08 17:57:18,203 [INFO] ETHUSDT px=1922.7550 avg=1908.3191 tp=1936.9439 sl=1679.3209 next_so=1820.7049 (SO 2/4)
2026-08-08 17:57:18,203 [INFO] Single tick complete (GitHub Actions mode). State saved.
2026-08-08 18:40:12,908 [INFO] === CAPITAL RULES ===
2026-08-08 18:40:12,908 [INFO] Total capital: 1000.00 USDT
2026-08-08 18:40:12,908 [INFO] Per-deal budget: 30.00 USDT (3.0% of capital)
2026-08-08 18:40:12,908 [INFO] Base order: 3.29 USDT, up to 4 safety orders
2026-08-08 18:40:12,909 [INFO] Worst-case loss per deal: 3.60 USDT (0.36% of capital)
2026-08-08 18:40:12,909 [INFO] Max total exposure: 6.0% of capital
2026-08-08 18:40:13,074 [WARNING] Bybit price failed (You have breached the ip rate limit or your ip is from the usa. (ErrCode: 403) (ErrTime: 18:40:13).
Request → GET https://api.bybit.com/v5/market/tickers: category=spot&symbol=BTCUSDT.); trying Coinbase
2026-08-08 18:40:13,527 [INFO] BTCUSDT px=64996.9450 avg=64911.5994 tp=65885.2734 sl=57122.2074 next_so=61770.2458 (SO 2/4)
2026-08-08 18:40:13,538 [WARNING] Bybit price failed (You have breached the ip rate limit or your ip is from the usa. (ErrCode: 403) (ErrTime: 18:40:13).
Request → GET https://api.bybit.com/v5/market/tickers: category=spot&symbol=ETHUSDT.); trying Coinbase
2026-08-08 18:40:13,956 [INFO] ETHUSDT px=1919.6550 avg=1908.3191 tp=1936.9439 sl=1679.3209 next_so=1820.7049 (SO 2/4)
2026-08-08 18:40:13,956 [INFO] Single tick complete (GitHub Actions mode). State saved.
2026-08-08 19:16:07,189 [INFO] === CAPITAL RULES ===
2026-08-08 19:16:07,189 [INFO] Total capital: 1000.00 USDT
2026-08-08 19:16:07,189 [INFO] Per-deal budget: 30.00 USDT (3.0% of capital)
2026-08-08 19:16:07,189 [INFO] Base order: 3.29 USDT, up to 4 safety orders
2026-08-08 19:16:07,189 [INFO] Worst-case loss per deal: 3.60 USDT (0.36% of capital)
2026-08-08 19:16:07,190 [INFO] Max total exposure: 6.0% of capital
2026-08-08 19:16:07,258 [WARNING] Bybit price failed (You have breached the ip rate limit or your ip is from the usa. (ErrCode: 403) (ErrTime: 19:16:07).
Request → GET https://api.bybit.com/v5/market/tickers: category=spot&symbol=BTCUSDT.); trying Coinbase
2026-08-08 19:16:07,321 [INFO] BTCUSDT px=64971.3150 avg=64911.5994 tp=65885.2734 sl=57122.2074 next_so=61770.2458 (SO 2/4)
2026-08-08 19:16:07,327 [WARNING] Bybit price failed (You have breached the ip rate limit or your ip is from the usa. (ErrCode: 403) (ErrTime: 19:16:07).
Request → GET https://api.bybit.com/v5/market/tickers: category=spot&symbol=ETHUSDT.); trying Coinbase
2026-08-08 19:16:07,377 [INFO] ETHUSDT px=1919.5850 avg=1908.3191 tp=1936.9439 sl=1679.3209 next_so=1820.7049 (SO 2/4)
2026-08-08 19:16:07,378 [INFO] Single tick complete (GitHub Actions mode). State saved.
2026-08-08 19:52:44,075 [INFO] === CAPITAL RULES ===
2026-08-08 19:52:44,075 [INFO] Total capital: 1000.00 USDT
2026-08-08 19:52:44,075 [INFO] Per-deal budget: 30.00 USDT (3.0% of capital)
2026-08-08 19:52:44,075 [INFO] Base order: 3.29 USDT, up to 4 safety orders
2026-08-08 19:52:44,075 [INFO] Worst-case loss per deal: 3.60 USDT (0.36% of capital)
2026-08-08 19:52:44,075 [INFO] Max total exposure: 6.0% of capital
2026-08-08 19:52:44,358 [WARNING] Bybit price failed (You have breached the ip rate limit or your ip is from the usa. (ErrCode: 403) (ErrTime: 19:52:44).
Request → GET https://api.bybit.com/v5/market/tickers: category=spot&symbol=BTCUSDT.); trying Coinbase
2026-08-08 19:52:44,498 [INFO] BTCUSDT px=65013.0050 avg=64911.5994 tp=65885.2734 sl=57122.2074 next_so=61770.2458 (SO 2/4)
2026-08-08 19:52:44,510 [WARNING] Bybit price failed (You have breached the ip rate limit or your ip is from the usa. (ErrCode: 403) (ErrTime: 19:52:44).
Request → GET https://api.bybit.com/v5/market/tickers: category=spot&symbol=ETHUSDT.); trying Coinbase
2026-08-08 19:52:44,639 [INFO] ETHUSDT px=1919.3300 avg=1908.3191 tp=1936.9439 sl=1679.3209 next_so=1820.7049 (SO 2/4)
2026-08-08 19:52:44,639 [INFO] Single tick complete (GitHub Actions mode). State saved.
2026-08-08 20:24:40,987 [INFO] === CAPITAL RULES ===
2026-08-08 20:24:40,987 [INFO] Total capital: 1000.00 USDT
2026-08-08 20:24:40,987 [INFO] Per-deal budget: 30.00 USDT (3.0% of capital)
2026-08-08 20:24:40,987 [INFO] Base order: 3.29 USDT, up to 4 safety orders
2026-08-08 20:24:40,987 [INFO] Worst-case loss per deal: 3.60 USDT (0.36% of capital)
2026-08-08 20:24:40,987 [INFO] Max total exposure: 6.0% of capital
2026-08-08 20:24:41,173 [WARNING] Bybit price failed (You have breached the ip rate limit or your ip is from the usa. (ErrCode: 403) (ErrTime: 20:24:41).
Request → GET https://api.bybit.com/v5/market/tickers: category=spot&symbol=BTCUSDT.); trying Coinbase
2026-08-08 20:24:41,381 [INFO] BTCUSDT px=65011.6950 avg=64911.5994 tp=65885.2734 sl=57122.2074 next_so=61770.2458 (SO 2/4)
2026-08-08 20:24:41,395 [WARNING] Bybit price failed (You have breached the ip rate limit or your ip is from the usa. (ErrCode: 403) (ErrTime: 20:24:41).
Request → GET https://api.bybit.com/v5/market/tickers: category=spot&symbol=ETHUSDT.); trying Coinbase
2026-08-08 20:24:41,470 [INFO] ETHUSDT px=1918.6350 avg=1908.3191 tp=1936.9439 sl=1679.3209 next_so=1820.7049 (SO 2/4)
2026-08-08 20:24:41,470 [INFO] Single tick complete (GitHub Actions mode). State saved.
2026-08-08 20:58:23,164 [INFO] === CAPITAL RULES ===
2026-08-08 20:58:23,164 [INFO] Total capital: 1000.00 USDT
2026-08-08 20:58:23,165 [INFO] Per-deal budget: 30.00 USDT (3.0% of capital)
2026-08-08 20:58:23,165 [INFO] Base order: 3.29 USDT, up to 4 safety orders
2026-08-08 20:58:23,165 [INFO] Worst-case loss per deal: 3.60 USDT (0.36% of capital)
2026-08-08 20:58:23,165 [INFO] Max total exposure: 6.0% of capital
2026-08-08 20:58:23,361 [WARNING] Bybit price failed (You have breached the ip rate limit or your ip is from the usa. (ErrCode: 403) (ErrTime: 20:58:23).
Request → GET https://api.bybit.com/v5/market/tickers: category=spot&symbol=BTCUSDT.); trying Coinbase
2026-08-08 20:58:23,417 [INFO] BTCUSDT px=65031.8550 avg=64911.5994 tp=65885.2734 sl=57122.2074 next_so=61770.2458 (SO 2/4)
2026-08-08 20:58:23,421 [WARNING] Bybit price failed (You have breached the ip rate limit or your ip is from the usa. (ErrCode: 403) (ErrTime: 20:58:23).
Request → GET https://api.bybit.com/v5/market/tickers: category=spot&symbol=ETHUSDT.); trying Coinbase
2026-08-08 20:58:23,464 [INFO] ETHUSDT px=1918.7550 avg=1908.3191 tp=1936.9439 sl=1679.3209 next_so=1820.7049 (SO 2/4)
2026-08-08 20:58:23,465 [INFO] Single tick complete (GitHub Actions mode). State saved.
2026-08-08 21:35:15,594 [INFO] === CAPITAL RULES ===
2026-08-08 21:35:15,594 [INFO] Total capital: 1000.00 USDT
2026-08-08 21:35:15,595 [INFO] Per-deal budget: 30.00 USDT (3.0% of capital)
2026-08-08 21:35:15,595 [INFO] Base order: 3.29 USDT, up to 4 safety orders
2026-08-08 21:35:15,595 [INFO] Worst-case loss per deal: 3.60 USDT (0.36% of capital)
2026-08-08 21:35:15,595 [INFO] Max total exposure: 6.0% of capital
2026-08-08 21:35:15,685 [WARNING] Bybit price failed (You have breached the ip rate limit or your ip is from the usa. (ErrCode: 403) (ErrTime: 21:35:15).
Request → GET https://api.bybit.com/v5/market/tickers: category=spot&symbol=BTCUSDT.); trying Coinbase
2026-08-08 21:35:15,738 [INFO] BTCUSDT px=65001.7750 avg=64911.5994 tp=65885.2734 sl=57122.2074 next_so=61770.2458 (SO 2/4)
2026-08-08 21:35:15,742 [WARNING] Bybit price failed (You have breached the ip rate limit or your ip is from the usa. (ErrCode: 403) (ErrTime: 21:35:15).
Request → GET https://api.bybit.com/v5/market/tickers: category=spot&symbol=ETHUSDT.); trying Coinbase
2026-08-08 21:35:15,780 [INFO] ETHUSDT px=1919.7950 avg=1908.3191 tp=1936.9439 sl=1679.3209 next_so=1820.7049 (SO 2/4)
2026-08-08 21:35:15,781 [INFO] Single tick complete (GitHub Actions mode). State saved.
2026-08-08 22:01:48,551 [INFO] === CAPITAL RULES ===
2026-08-08 22:01:48,551 [INFO] Total capital: 1000.00 USDT
2026-08-08 22:01:48,551 [INFO] Per-deal budget: 30.00 USDT (3.0% of capital)
2026-08-08 22:01:48,551 [INFO] Base order: 3.29 USDT, up to 4 safety orders
2026-08-08 22:01:48,551 [INFO] Worst-case loss per deal: 3.60 USDT (0.36% of capital)
2026-08-08 22:01:48,551 [INFO] Max total exposure: 6.0% of capital
2026-08-08 22:01:48,718 [WARNING] Bybit price failed (You have breached the ip rate limit or your ip is from the usa. (ErrCode: 403) (ErrTime: 22:01:48).
Request → GET https://api.bybit.com/v5/market/tickers: category=spot&symbol=BTCUSDT.); trying Coinbase
2026-08-08 22:01:48,773 [INFO] BTCUSDT px=64960.9150 avg=64911.5994 tp=65885.2734 sl=57122.2074 next_so=61770.2458 (SO 2/4)
2026-08-08 22:01:48,777 [WARNING] Bybit price failed (You have breached the ip rate limit or your ip is from the usa. (ErrCode: 403) (ErrTime: 22:01:48).
Request → GET https://api.bybit.com/v5/market/tickers: category=spot&symbol=ETHUSDT.); trying Coinbase
2026-08-08 22:01:48,827 [INFO] ETHUSDT px=1918.8150 avg=1908.3191 tp=1936.9439 sl=1679.3209 next_so=1820.7049 (SO 2/4)
2026-08-08 22:01:48,827 [INFO] Single tick complete (GitHub Actions mode). State saved.
2026-08-08 22:46:03,308 [INFO] === CAPITAL RULES ===
2026-08-08 22:46:03,309 [INFO] Total capital: 1000.00 USDT
2026-08-08 22:46:03,309 [INFO] Per-deal budget: 30.00 USDT (3.0% of capital)
2026-08-08 22:46:03,309 [INFO] Base order: 3.29 USDT, up to 4 safety orders
2026-08-08 22:46:03,309 [INFO] Worst-case loss per deal: 3.60 USDT (0.36% of capital)
2026-08-08 22:46:03,309 [INFO] Max total exposure: 6.0% of capital
2026-08-08 22:46:03,513 [WARNING] Bybit price failed (You have breached the ip rate limit or your ip is from the usa. (ErrCode: 403) (ErrTime: 22:46:03).
Request → GET https://api.bybit.com/v5/market/tickers: category=spot&symbol=BTCUSDT.); trying Coinbase
2026-08-08 22:46:03,557 [INFO] BTCUSDT px=64920.0150 avg=64911.5994 tp=65885.2734 sl=57122.2074 next_so=61770.2458 (SO 2/4)
2026-08-08 22:46:03,567 [WARNING] Bybit price failed (You have breached the ip rate limit or your ip is from the usa. (ErrCode: 403) (ErrTime: 22:46:03).
Request → GET https://api.bybit.com/v5/market/tickers: category=spot&symbol=ETHUSDT.); trying Coinbase
2026-08-08 22:46:03,610 [INFO] ETHUSDT px=1917.8400 avg=1908.3191 tp=1936.9439 sl=1679.3209 next_so=1820.7049 (SO 2/4)
2026-08-08 22:46:03,611 [INFO] Single tick complete (GitHub Actions mode). State saved.
2026-08-08 23:24:56,397 [INFO] === CAPITAL RULES ===
2026-08-08 23:24:56,398 [INFO] Total capital: 1000.00 USDT
2026-08-08 23:24:56,398 [INFO] Per-deal budget: 30.00 USDT (3.0% of capital)
2026-08-08 23:24:56,398 [INFO] Base order: 3.29 USDT, up to 4 safety orders
2026-08-08 23:24:56,398 [INFO] Worst-case loss per deal: 3.60 USDT (0.36% of capital)
2026-08-08 23:24:56,398 [INFO] Max total exposure: 6.0% of capital
2026-08-08 23:24:56,562 [WARNING] Bybit price failed (You have breached the ip rate limit or your ip is from the usa. (ErrCode: 403) (ErrTime: 23:24:56).
Request → GET https://api.bybit.com/v5/market/tickers: category=spot&symbol=BTCUSDT.); trying Coinbase
2026-08-08 23:24:56,602 [INFO] BTCUSDT px=64908.0200 avg=64911.5994 tp=65885.2734 sl=57122.2074 next_so=61770.2458 (SO 2/4)
2026-08-08 23:24:56,608 [WARNING] Bybit price failed (You have breached the ip rate limit or your ip is from the usa. (ErrCode: 403) (ErrTime: 23:24:56).
Request → GET https://api.bybit.com/v5/market/tickers: category=spot&symbol=ETHUSDT.); trying Coinbase
2026-08-08 23:24:56,653 [INFO] ETHUSDT px=1915.8400 avg=1908.3191 tp=1936.9439 sl=1679.3209 next_so=1820.7049 (SO 2/4)
2026-08-08 23:24:56,653 [INFO] Single tick complete (GitHub Actions mode). State saved.
2026-08-08 23:54:13,082 [INFO] === CAPITAL RULES ===
2026-08-08 23:54:13,082 [INFO] Total capital: 1000.00 USDT
2026-08-08 23:54:13,082 [INFO] Per-deal budget: 30.00 USDT (3.0% of capital)
2026-08-08 23:54:13,082 [INFO] Base order: 3.29 USDT, up to 4 safety orders
2026-08-08 23:54:13,082 [INFO] Worst-case loss per deal: 3.60 USDT (0.36% of capital)
2026-08-08 23:54:13,082 [INFO] Max total exposure: 6.0% of capital
2026-08-08 23:54:13,253 [WARNING] Bybit price failed (You have breached the ip rate limit or your ip is from the usa. (ErrCode: 403) (ErrTime: 23:54:13).
Request → GET https://api.bybit.com/v5/market/tickers: category=spot&symbol=BTCUSDT.); trying Coinbase
2026-08-08 23:54:13,327 [INFO] BTCUSDT px=64905.2750 avg=64911.5994 tp=65885.2734 sl=57122.2074 next_so=61770.2458 (SO 2/4)
2026-08-08 23:54:13,338 [WARNING] Bybit price failed (You have breached the ip rate limit or your ip is from the usa. (ErrCode: 403) (ErrTime: 23:54:13).
Request → GET https://api.bybit.com/v5/market/tickers: category=spot&symbol=ETHUSDT.); trying Coinbase
2026-08-08 23:54:13,405 [INFO] ETHUSDT px=1916.9250 avg=1908.3191 tp=1936.9439 sl=1679.3209 next_so=1820.7049 (SO 2/4)
2026-08-08 23:54:13,405 [INFO] Single tick complete (GitHub Actions mode). State saved.
2026-08-09 01:23:59,256 [INFO] === CAPITAL RULES ===
2026-08-09 01:23:59,256 [INFO] Total capital: 1000.00 USDT
2026-08-09 01:23:59,256 [INFO] Per-deal budget: 30.00 USDT (3.0% of capital)
2026-08-09 01:23:59,256 [INFO] Base order: 3.29 USDT, up to 4 safety orders
2026-08-09 01:23:59,256 [INFO] Worst-case loss per deal: 3.60 USDT (0.36% of capital)
2026-08-09 01:23:59,257 [INFO] Max total exposure: 6.0% of capital
2026-08-09 01:23:59,448 [WARNING] Bybit price failed (You have breached the ip rate limit or your ip is from the usa. (ErrCode: 403) (ErrTime: 01:23:59).
Request → GET https://api.bybit.com/v5/market/tickers: category=spot&symbol=BTCUSDT.); trying Coinbase
2026-08-09 01:23:59,610 [INFO] BTCUSDT px=64889.9650 avg=64911.5994 tp=65885.2734 sl=57122.2074 next_so=61770.2458 (SO 2/4)
2026-08-09 01:23:59,638 [WARNING] Bybit price failed (You have breached the ip rate limit or your ip is from the usa. (ErrCode: 403) (ErrTime: 01:23:59).
Request → GET https://api.bybit.com/v5/market/tickers: category=spot&symbol=ETHUSDT.); trying Coinbase
2026-08-09 01:23:59,708 [INFO] ETHUSDT px=1915.9100 avg=1908.3191 tp=1936.9439 sl=1679.3209 next_so=1820.7049 (SO 2/4)
2026-08-09 01:23:59,708 [INFO] Single tick complete (GitHub Actions mode). State saved.
2026-08-09 03:15:05,714 [INFO] === CAPITAL RULES ===
2026-08-09 03:15:05,714 [INFO] Total capital: 1000.00 USDT
2026-08-09 03:15:05,714 [INFO] Per-deal budget: 30.00 USDT (3.0% of capital)
2026-08-09 03:15:05,714 [INFO] Base order: 3.29 USDT, up to 4 safety orders
2026-08-09 03:15:05,715 [INFO] Worst-case loss per deal: 3.60 USDT (0.36% of capital)
2026-08-09 03:15:05,715 [INFO] Max total exposure: 6.0% of capital
2026-08-09 03:15:05,973 [WARNING] Bybit price failed (You have breached the ip rate limit or your ip is from the usa. (ErrCode: 403) (ErrTime: 03:15:05).
Request → GET https://api.bybit.com/v5/market/tickers: category=spot&symbol=BTCUSDT.); trying Coinbase
2026-08-09 03:15:06,095 [INFO] BTCUSDT px=64690.3350 avg=64911.5994 tp=65885.2734 sl=57122.2074 next_so=61770.2458 (SO 2/4)
2026-08-09 03:15:06,100 [WARNING] Bybit price failed (You have breached the ip rate limit or your ip is from the usa. (ErrCode: 403) (ErrTime: 03:15:06).
Request → GET https://api.bybit.com/v5/market/tickers: category=spot&symbol=ETHUSDT.); trying Coinbase
2026-08-09 03:15:06,145 [INFO] ETHUSDT px=1911.5500 avg=1908.3191 tp=1936.9439 sl=1679.3209 next_so=1820.7049 (SO 2/4)
2026-08-09 03:15:06,146 [INFO] Single tick complete (GitHub Actions mode). State saved.
2026-08-09 04:39:24,893 [INFO] === CAPITAL RULES ===
2026-08-09 04:39:24,894 [INFO] Total capital: 1000.00 USDT
2026-08-09 04:39:24,894 [INFO] Per-deal budget: 30.00 USDT (3.0% of capital)
2026-08-09 04:39:24,894 [INFO] Base order: 3.29 USDT, up to 4 safety orders
2026-08-09 04:39:24,894 [INFO] Worst-case loss per deal: 3.60 USDT (0.36% of capital)
2026-08-09 04:39:24,894 [INFO] Max total exposure: 6.0% of capital
2026-08-09 04:39:25,064 [WARNING] Bybit price failed (You have breached the ip rate limit or your ip is from the usa. (ErrCode: 403) (ErrTime: 04:39:25).
Request → GET https://api.bybit.com/v5/market/tickers: category=spot&symbol=BTCUSDT.); trying Coinbase
2026-08-09 04:39:25,141 [INFO] BTCUSDT px=64758.5450 avg=64911.5994 tp=65885.2734 sl=57122.2074 next_so=61770.2458 (SO 2/4)
2026-08-09 04:39:25,144 [WARNING] Bybit price failed (You have breached the ip rate limit or your ip is from the usa. (ErrCode: 403) (ErrTime: 04:39:25).
Request → GET https://api.bybit.com/v5/market/tickers: category=spot&symbol=ETHUSDT.); trying Coinbase
2026-08-09 04:39:25,210 [INFO] ETHUSDT px=1912.2800 avg=1908.3191 tp=1936.9439 sl=1679.3209 next_so=1820.7049 (SO 2/4)
2026-08-09 04:39:25,211 [INFO] Single tick complete (GitHub Actions mode). State saved.
2026-08-09 05:34:53,714 [INFO] === CAPITAL RULES ===
2026-08-09 05:34:53,714 [INFO] Total capital: 1000.00 USDT
2026-08-09 05:34:53,715 [INFO] Per-deal budget: 30.00 USDT (3.0% of capital)
2026-08-09 05:34:53,715 [INFO] Base order: 3.29 USDT, up to 4 safety orders
2026-08-09 05:34:53,715 [INFO] Worst-case loss per deal: 3.60 USDT (0.36% of capital)
2026-08-09 05:34:53,715 [INFO] Max total exposure: 6.0% of capital
2026-08-09 05:34:53,800 [WARNING] Bybit price failed (You have breached the ip rate limit or your ip is from the usa. (ErrCode: 403) (ErrTime: 05:34:53).
Request → GET https://api.bybit.com/v5/market/tickers: category=spot&symbol=BTCUSDT.); trying Coinbase
2026-08-09 05:34:53,851 [INFO] BTCUSDT px=64735.3050 avg=64911.5994 tp=65885.2734 sl=57122.2074 next_so=61770.2458 (SO 2/4)
2026-08-09 05:34:53,856 [WARNING] Bybit price failed (You have breached the ip rate limit or your ip is from the usa. (ErrCode: 403) (ErrTime: 05:34:53).
Request → GET https://api.bybit.com/v5/market/tickers: category=spot&symbol=ETHUSDT.); trying Coinbase
2026-08-09 05:34:53,894 [INFO] ETHUSDT px=1912.9950 avg=1908.3191 tp=1936.9439 sl=1679.3209 next_so=1820.7049 (SO 2/4)
2026-08-09 05:34:53,894 [INFO] Single tick complete (GitHub Actions mode). State saved.
2026-08-09 06:28:46,036 [INFO] === CAPITAL RULES ===
2026-08-09 06:28:46,036 [INFO] Total capital: 1000.00 USDT
2026-08-09 06:28:46,036 [INFO] Per-deal budget: 30.00 USDT (3.0% of capital)
2026-08-09 06:28:46,037 [INFO] Base order: 3.29 USDT, up to 4 safety orders
2026-08-09 06:28:46,037 [INFO] Worst-case loss per deal: 3.60 USDT (0.36% of capital)
2026-08-09 06:28:46,037 [INFO] Max total exposure: 6.0% of capital
2026-08-09 06:28:46,123 [WARNING] Bybit price failed (You have breached the ip rate limit or your ip is from the usa. (ErrCode: 403) (ErrTime: 06:28:46).
Request → GET https://api.bybit.com/v5/market/tickers: category=spot&symbol=BTCUSDT.); trying Coinbase
2026-08-09 06:28:46,232 [INFO] BTCUSDT px=64788.6950 avg=64911.5994 tp=65885.2734 sl=57122.2074 next_so=61770.2458 (SO 2/4)
2026-08-09 06:28:46,236 [WARNING] Bybit price failed (You have breached the ip rate limit or your ip is from the usa. (ErrCode: 403) (ErrTime: 06:28:46).
Request → GET https://api.bybit.com/v5/market/tickers: category=spot&symbol=ETHUSDT.); trying Coinbase
2026-08-09 06:28:46,276 [INFO] ETHUSDT px=1915.4050 avg=1908.3191 tp=1936.9439 sl=1679.3209 next_so=1820.7049 (SO 2/4)
2026-08-09 06:28:46,276 [INFO] Single tick complete (GitHub Actions mode). State saved.
2026-08-09 07:35:12,996 [INFO] === CAPITAL RULES ===
2026-08-09 07:35:12,996 [INFO] Total capital: 1000.00 USDT
2026-08-09 07:35:12,996 [INFO] Per-deal budget: 30.00 USDT (3.0% of capital)
2026-08-09 07:35:12,996 [INFO] Base order: 3.29 USDT, up to 4 safety orders
2026-08-09 07:35:12,996 [INFO] Worst-case loss per deal: 3.60 USDT (0.36% of capital)
2026-08-09 07:35:12,996 [INFO] Max total exposure: 6.0% of capital
2026-08-09 07:35:13,050 [WARNING] Bybit price failed (You have breached the ip rate limit or your ip is from the usa. (ErrCode: 403) (ErrTime: 07:35:13).
Request → GET https://api.bybit.com/v5/market/tickers: category=spot&symbol=BTCUSDT.); trying Coinbase
2026-08-09 07:35:13,115 [INFO] BTCUSDT px=64772.4050 avg=64911.5994 tp=65885.2734 sl=57122.2074 next_so=61770.2458 (SO 2/4)
2026-08-09 07:35:13,119 [WARNING] Bybit price failed (You have breached the ip rate limit or your ip is from the usa. (ErrCode: 403) (ErrTime: 07:35:13).
Request → GET https://api.bybit.com/v5/market/tickers: category=spot&symbol=ETHUSDT.); trying Coinbase
2026-08-09 07:35:13,158 [INFO] ETHUSDT px=1915.9050 avg=1908.3191 tp=1936.9439 sl=1679.3209 next_so=1820.7049 (SO 2/4)
2026-08-09 07:35:13,158 [INFO] Single tick complete (GitHub Actions mode). State saved.
2026-08-09 08:23:18,148 [INFO] === CAPITAL RULES ===
2026-08-09 08:23:18,148 [INFO] Total capital: 1000.00 USDT
2026-08-09 08:23:18,148 [INFO] Per-deal budget: 30.00 USDT (3.0% of capital)
2026-08-09 08:23:18,148 [INFO] Base order: 3.29 USDT, up to 4 safety orders
2026-08-09 08:23:18,148 [INFO] Worst-case loss per deal: 3.60 USDT (0.36% of capital)
2026-08-09 08:23:18,148 [INFO] Max total exposure: 6.0% of capital
2026-08-09 08:23:18,324 [WARNING] Bybit price failed (You have breached the ip rate limit or your ip is from the usa. (ErrCode: 403) (ErrTime: 08:23:18).
Request → GET https://api.bybit.com/v5/market/tickers: category=spot&symbol=BTCUSDT.); trying Coinbase
2026-08-09 08:23:18,393 [INFO] BTCUSDT px=64852.6450 avg=64911.5994 tp=65885.2734 sl=57122.2074 next_so=61770.2458 (SO 2/4)
2026-08-09 08:23:18,404 [WARNING] Bybit price failed (You have breached the ip rate limit or your ip is from the usa. (ErrCode: 403) (ErrTime: 08:23:18).
Request → GET https://api.bybit.com/v5/market/tickers: category=spot&symbol=ETHUSDT.); trying Coinbase
2026-08-09 08:23:18,458 [INFO] ETHUSDT px=1920.0200 avg=1908.3191 tp=1936.9439 sl=1679.3209 next_so=1820.7049 (SO 2/4)
2026-08-09 08:23:18,459 [INFO] Single tick complete (GitHub Actions mode). State saved.
2026-08-09 09:10:45,270 [INFO] === CAPITAL RULES ===
2026-08-09 09:10:45,270 [INFO] Total capital: 1000.00 USDT
2026-08-09 09:10:45,270 [INFO] Per-deal budget: 30.00 USDT (3.0% of capital)
2026-08-09 09:10:45,270 [INFO] Base order: 3.29 USDT, up to 4 safety orders
2026-08-09 09:10:45,271 [INFO] Worst-case loss per deal: 3.60 USDT (0.36% of capital)
2026-08-09 09:10:45,271 [INFO] Max total exposure: 6.0% of capital
2026-08-09 09:10:45,426 [WARNING] Bybit price failed (You have breached the ip rate limit or your ip is from the usa. (ErrCode: 403) (ErrTime: 09:10:45).
Request → GET https://api.bybit.com/v5/market/tickers: category=spot&symbol=BTCUSDT.); trying Coinbase
2026-08-09 09:10:45,630 [INFO] BTCUSDT px=64775.9550 avg=64911.5994 tp=65885.2734 sl=57122.2074 next_so=61770.2458 (SO 2/4)
2026-08-09 09:10:45,641 [WARNING] Bybit price failed (You have breached the ip rate limit or your ip is from the usa. (ErrCode: 403) (ErrTime: 09:10:45).
Request → GET https://api.bybit.com/v5/market/tickers: category=spot&symbol=ETHUSDT.); trying Coinbase
2026-08-09 09:10:45,690 [INFO] ETHUSDT px=1914.4000 avg=1908.3191 tp=1936.9439 sl=1679.3209 next_so=1820.7049 (SO 2/4)
2026-08-09 09:10:45,691 [INFO] Single tick complete (GitHub Actions mode). State saved.
2026-08-09 09:55:54,092 [INFO] === CAPITAL RULES ===
2026-08-09 09:55:54,092 [INFO] Total capital: 1000.00 USDT
2026-08-09 09:55:54,092 [INFO] Per-deal budget: 30.00 USDT (3.0% of capital)
2026-08-09 09:55:54,093 [INFO] Base order: 3.29 USDT, up to 4 safety orders
2026-08-09 09:55:54,093 [INFO] Worst-case loss per deal: 3.60 USDT (0.36% of capital)
2026-08-09 09:55:54,093 [INFO] Max total exposure: 6.0% of capital
2026-08-09 09:55:54,262 [WARNING] Bybit price failed (You have breached the ip rate limit or your ip is from the usa. (ErrCode: 403) (ErrTime: 09:55:54).
Request → GET https://api.bybit.com/v5/market/tickers: category=spot&symbol=BTCUSDT.); trying Coinbase
2026-08-09 09:55:54,431 [INFO] BTCUSDT px=64802.4350 avg=64911.5994 tp=65885.2734 sl=57122.2074 next_so=61770.2458 (SO 2/4)
2026-08-09 09:55:54,451 [WARNING] Bybit price failed (You have breached the ip rate limit or your ip is from the usa. (ErrCode: 403) (ErrTime: 09:55:54).
Request → GET https://api.bybit.com/v5/market/tickers: category=spot&symbol=ETHUSDT.); trying Coinbase
2026-08-09 09:55:54,537 [INFO] ETHUSDT px=1919.0150 avg=1908.3191 tp=1936.9439 sl=1679.3209 next_so=1820.7049 (SO 2/4)
2026-08-09 09:55:54,537 [INFO] Single tick complete (GitHub Actions mode). State saved.
2026-08-09 10:32:41,068 [INFO] === CAPITAL RULES ===
2026-08-09 10:32:41,069 [INFO] Total capital: 1000.00 USDT
2026-08-09 10:32:41,069 [INFO] Per-deal budget: 30.00 USDT (3.0% of capital)
2026-08-09 10:32:41,069 [INFO] Base order: 3.29 USDT, up to 4 safety orders
2026-08-09 10:32:41,069 [INFO] Worst-case loss per deal: 3.60 USDT (0.36% of capital)
2026-08-09 10:32:41,069 [INFO] Max total exposure: 6.0% of capital
2026-08-09 10:32:41,288 [WARNING] Bybit price failed (You have breached the ip rate limit or your ip is from the usa. (ErrCode: 403) (ErrTime: 10:32:41).
Request → GET https://api.bybit.com/v5/market/tickers: category=spot&symbol=BTCUSDT.); trying Coinbase
2026-08-09 10:32:41,467 [INFO] BTCUSDT px=64895.7450 avg=64911.5994 tp=65885.2734 sl=57122.2074 next_so=61770.2458 (SO 2/4)
2026-08-09 10:32:41,481 [WARNING] Bybit price failed (You have breached the ip rate limit or your ip is from the usa. (ErrCode: 403) (ErrTime: 10:32:41).
Request → GET https://api.bybit.com/v5/market/tickers: category=spot&symbol=ETHUSDT.); trying Coinbase
2026-08-09 10:32:41,576 [INFO] ETHUSDT px=1918.8350 avg=1908.3191 tp=1936.9439 sl=1679.3209 next_so=1820.7049 (SO 2/4)
2026-08-09 10:32:41,576 [INFO] Single tick complete (GitHub Actions mode). State saved.
2026-08-09 11:06:12,467 [INFO] === CAPITAL RULES ===
2026-08-09 11:06:12,467 [INFO] Total capital: 1000.00 USDT
2026-08-09 11:06:12,467 [INFO] Per-deal budget: 30.00 USDT (3.0% of capital)
2026-08-09 11:06:12,467 [INFO] Base order: 3.29 USDT, up to 4 safety orders
2026-08-09 11:06:12,467 [INFO] Worst-case loss per deal: 3.60 USDT (0.36% of capital)
2026-08-09 11:06:12,468 [INFO] Max total exposure: 6.0% of capital
2026-08-09 11:06:12,575 [WARNING] Bybit price failed (You have breached the ip rate limit or your ip is from the usa. (ErrCode: 403) (ErrTime: 11:06:12).
Request → GET https://api.bybit.com/v5/market/tickers: category=spot&symbol=BTCUSDT.); trying Coinbase
2026-08-09 11:06:12,686 [INFO] BTCUSDT px=64918.8650 avg=64911.5994 tp=65885.2734 sl=57122.2074 next_so=61770.2458 (SO 2/4)
2026-08-09 11:06:12,689 [WARNING] Bybit price failed (You have breached the ip rate limit or your ip is from the usa. (ErrCode: 403) (ErrTime: 11:06:12).
Request → GET https://api.bybit.com/v5/market/tickers: category=spot&symbol=ETHUSDT.); trying Coinbase
2026-08-09 11:06:12,750 [INFO] ETHUSDT px=1919.1750 avg=1908.3191 tp=1936.9439 sl=1679.3209 next_so=1820.7049 (SO 2/4)
2026-08-09 11:06:12,750 [INFO] Single tick complete (GitHub Actions mode). State saved.
2026-08-09 11:44:26,809 [INFO] === CAPITAL RULES ===
2026-08-09 11:44:26,809 [INFO] Total capital: 1000.00 USDT
2026-08-09 11:44:26,809 [INFO] Per-deal budget: 30.00 USDT (3.0% of capital)
2026-08-09 11:44:26,809 [INFO] Base order: 3.29 USDT, up to 4 safety orders
2026-08-09 11:44:26,809 [INFO] Worst-case loss per deal: 3.60 USDT (0.36% of capital)
2026-08-09 11:44:26,809 [INFO] Max total exposure: 6.0% of capital
2026-08-09 11:44:26,999 [WARNING] Bybit price failed (You have breached the ip rate limit or your ip is from the usa. (ErrCode: 403) (ErrTime: 11:44:26).
Request → GET https://api.bybit.com/v5/market/tickers: category=spot&symbol=BTCUSDT.); trying Coinbase
2026-08-09 11:44:27,045 [INFO] BTCUSDT px=64939.5850 avg=64911.5994 tp=65885.2734 sl=57122.2074 next_so=61770.2458 (SO 2/4)
2026-08-09 11:44:27,054 [WARNING] Bybit price failed (You have breached the ip rate limit or your ip is from the usa. (ErrCode: 403) (ErrTime: 11:44:27).
Request → GET https://api.bybit.com/v5/market/tickers: category=spot&symbol=ETHUSDT.); trying Coinbase
2026-08-09 11:44:27,092 [INFO] ETHUSDT px=1919.1850 avg=1908.3191 tp=1936.9439 sl=1679.3209 next_so=1820.7049 (SO 2/4)
2026-08-09 11:44:27,092 [INFO] Single tick complete (GitHub Actions mode). State saved.
2026-08-09 12:16:21,913 [INFO] === CAPITAL RULES ===
2026-08-09 12:16:21,913 [INFO] Total capital: 1000.00 USDT
2026-08-09 12:16:21,914 [INFO] Per-deal budget: 30.00 USDT (3.0% of capital)
2026-08-09 12:16:21,914 [INFO] Base order: 3.29 USDT, up to 4 safety orders
2026-08-09 12:16:21,914 [INFO] Worst-case loss per deal: 3.60 USDT (0.36% of capital)
2026-08-09 12:16:21,914 [INFO] Max total exposure: 6.0% of capital
2026-08-09 12:16:22,104 [WARNING] Bybit price failed (You have breached the ip rate limit or your ip is from the usa. (ErrCode: 403) (ErrTime: 12:16:22).
Request → GET https://api.bybit.com/v5/market/tickers: category=spot&symbol=BTCUSDT.); trying Coinbase
2026-08-09 12:16:22,175 [INFO] BTCUSDT px=64891.7750 avg=64911.5994 tp=65885.2734 sl=57122.2074 next_so=61770.2458 (SO 2/4)
2026-08-09 12:16:22,183 [WARNING] Bybit price failed (You have breached the ip rate limit or your ip is from the usa. (ErrCode: 403) (ErrTime: 12:16:22).
Request → GET https://api.bybit.com/v5/market/tickers: category=spot&symbol=ETHUSDT.); trying Coinbase
2026-08-09 12:16:22,234 [INFO] ETHUSDT px=1916.3850 avg=1908.3191 tp=1936.9439 sl=1679.3209 next_so=1820.7049 (SO 2/4)
2026-08-09 12:16:22,234 [INFO] Single tick complete (GitHub Actions mode). State saved.
2026-08-09 13:29:37,716 [INFO] === CAPITAL RULES ===
2026-08-09 13:29:37,716 [INFO] Total capital: 1000.00 USDT
2026-08-09 13:29:37,716 [INFO] Per-deal budget: 30.00 USDT (3.0% of capital)
2026-08-09 13:29:37,716 [INFO] Base order: 3.29 USDT, up to 4 safety orders
2026-08-09 13:29:37,716 [INFO] Worst-case loss per deal: 3.60 USDT (0.36% of capital)
2026-08-09 13:29:37,717 [INFO] Max total exposure: 6.0% of capital
2026-08-09 13:29:37,882 [WARNING] Bybit price failed (You have breached the ip rate limit or your ip is from the usa. (ErrCode: 403) (ErrTime: 13:29:37).
Request → GET https://api.bybit.com/v5/market/tickers: category=spot&symbol=BTCUSDT.); trying Coinbase
2026-08-09 13:29:38,000 [INFO] BTCUSDT px=65029.6750 avg=64911.5994 tp=65885.2734 sl=57122.2074 next_so=61770.2458 (SO 2/4)
2026-08-09 13:29:38,025 [WARNING] Bybit price failed (You have breached the ip rate limit or your ip is from the usa. (ErrCode: 403) (ErrTime: 13:29:38).
Request → GET https://api.bybit.com/v5/market/tickers: category=spot&symbol=ETHUSDT.); trying Coinbase
2026-08-09 13:29:38,125 [INFO] ETHUSDT px=1923.5600 avg=1908.3191 tp=1936.9439 sl=1679.3209 next_so=1820.7049 (SO 2/4)
2026-08-09 13:29:38,126 [INFO] Single tick complete (GitHub Actions mode). State saved.
2026-08-09 14:09:07,779 [INFO] === CAPITAL RULES ===
2026-08-09 14:09:07,779 [INFO] Total capital: 1000.00 USDT
2026-08-09 14:09:07,779 [INFO] Per-deal budget: 30.00 USDT (3.0% of capital)
2026-08-09 14:09:07,779 [INFO] Base order: 3.29 USDT, up to 4 safety orders
2026-08-09 14:09:07,779 [INFO] Worst-case loss per deal: 3.60 USDT (0.36% of capital)
2026-08-09 14:09:07,779 [INFO] Max total exposure: 6.0% of capital
2026-08-09 14:09:07,933 [WARNING] Bybit price failed (You have breached the ip rate limit or your ip is from the usa. (ErrCode: 403) (ErrTime: 14:09:07).
Request → GET https://api.bybit.com/v5/market/tickers: category=spot&symbol=BTCUSDT.); trying Coinbase
2026-08-09 14:09:08,024 [INFO] BTCUSDT px=65187.1250 avg=64911.5994 tp=65885.2734 sl=57122.2074 next_so=61770.2458 (SO 2/4)
2026-08-09 14:09:08,035 [WARNING] Bybit price failed (You have breached the ip rate limit or your ip is from the usa. (ErrCode: 403) (ErrTime: 14:09:08).
Request → GET https://api.bybit.com/v5/market/tickers: category=spot&symbol=ETHUSDT.); trying Coinbase
2026-08-09 14:09:08,098 [INFO] ETHUSDT px=1923.2050 avg=1908.3191 tp=1936.9439 sl=1679.3209 next_so=1820.7049 (SO 2/4)
2026-08-09 14:09:08,098 [INFO] Single tick complete (GitHub Actions mode). State saved.
2026-08-09 14:51:42,250 [INFO] === CAPITAL RULES ===
2026-08-09 14:51:42,250 [INFO] Total capital: 1000.00 USDT
2026-08-09 14:51:42,250 [INFO] Per-deal budget: 30.00 USDT (3.0% of capital)
2026-08-09 14:51:42,250 [INFO] Base order: 3.29 USDT, up to 4 safety orders
2026-08-09 14:51:42,250 [INFO] Worst-case loss per deal: 3.60 USDT (0.36% of capital)
2026-08-09 14:51:42,250 [INFO] Max total exposure: 6.0% of capital
2026-08-09 14:51:42,358 [WARNING] Bybit price failed (You have breached the ip rate limit or your ip is from the usa. (ErrCode: 403) (ErrTime: 14:51:42).
Request → GET https://api.bybit.com/v5/market/tickers: category=spot&symbol=BTCUSDT.); trying Coinbase
2026-08-09 14:51:42,455 [INFO] BTCUSDT px=65138.2650 avg=64911.5994 tp=65885.2734 sl=57122.2074 next_so=61770.2458 (SO 2/4)
2026-08-09 14:51:42,458 [WARNING] Bybit price failed (You have breached the ip rate limit or your ip is from the usa. (ErrCode: 403) (ErrTime: 14:51:42).
Request → GET https://api.bybit.com/v5/market/tickers: category=spot&symbol=ETHUSDT.); trying Coinbase
2026-08-09 14:51:42,514 [INFO] ETHUSDT px=1922.4550 avg=1908.3191 tp=1936.9439 sl=1679.3209 next_so=1820.7049 (SO 2/4)
2026-08-09 14:51:42,514 [INFO] Single tick complete (GitHub Actions mode). State saved.
2026-08-09 15:27:39,272 [INFO] === CAPITAL RULES ===
2026-08-09 15:27:39,272 [INFO] Total capital: 1000.00 USDT
2026-08-09 15:27:39,272 [INFO] Per-deal budget: 30.00 USDT (3.0% of capital)
2026-08-09 15:27:39,272 [INFO] Base order: 3.29 USDT, up to 4 safety orders
2026-08-09 15:27:39,272 [INFO] Worst-case loss per deal: 3.60 USDT (0.36% of capital)
2026-08-09 15:27:39,272 [INFO] Max total exposure: 6.0% of capital
2026-08-09 15:27:39,402 [WARNING] Bybit price failed (You have breached the ip rate limit or your ip is from the usa. (ErrCode: 403) (ErrTime: 15:27:39).
Request → GET https://api.bybit.com/v5/market/tickers: category=spot&symbol=BTCUSDT.); trying Coinbase
2026-08-09 15:27:39,457 [INFO] BTCUSDT px=65190.9050 avg=64911.5994 tp=65885.2734 sl=57122.2074 next_so=61770.2458 (SO 2/4)
2026-08-09 15:27:39,462 [WARNING] Bybit price failed (You have breached the ip rate limit or your ip is from the usa. (ErrCode: 403) (ErrTime: 15:27:39).
Request → GET https://api.bybit.com/v5/market/tickers: category=spot&symbol=ETHUSDT.); trying Coinbase
2026-08-09 15:27:39,503 [INFO] ETHUSDT px=1924.9250 avg=1908.3191 tp=1936.9439 sl=1679.3209 next_so=1820.7049 (SO 2/4)
2026-08-09 15:27:39,503 [INFO] Single tick complete (GitHub Actions mode). State saved.
2026-08-09 15:58:17,757 [INFO] === CAPITAL RULES ===
2026-08-09 15:58:17,757 [INFO] Total capital: 1000.00 USDT
2026-08-09 15:58:17,757 [INFO] Per-deal budget: 30.00 USDT (3.0% of capital)
2026-08-09 15:58:17,757 [INFO] Base order: 3.29 USDT, up to 4 safety orders
2026-08-09 15:58:17,757 [INFO] Worst-case loss per deal: 3.60 USDT (0.36% of capital)
2026-08-09 15:58:17,757 [INFO] Max total exposure: 6.0% of capital
2026-08-09 15:58:17,844 [WARNING] Bybit price failed (You have breached the ip rate limit or your ip is from the usa. (ErrCode: 403) (ErrTime: 15:58:17).
Request → GET https://api.bybit.com/v5/market/tickers: category=spot&symbol=BTCUSDT.); trying Coinbase
2026-08-09 15:58:17,924 [INFO] BTCUSDT px=65181.8650 avg=64911.5994 tp=65885.2734 sl=57122.2074 next_so=61770.2458 (SO 2/4)
2026-08-09 15:58:17,927 [WARNING] Bybit price failed (You have breached the ip rate limit or your ip is from the usa. (ErrCode: 403) (ErrTime: 15:58:17).
Request → GET https://api.bybit.com/v5/market/tickers: category=spot&symbol=ETHUSDT.); trying Coinbase
2026-08-09 15:58:18,023 [INFO] ETHUSDT px=1924.9350 avg=1908.3191 tp=1936.9439 sl=1679.3209 next_so=1820.7049 (SO 2/4)
2026-08-09 15:58:18,023 [INFO] Single tick complete (GitHub Actions mode). State saved.
2026-08-09 16:41:30,035 [INFO] === CAPITAL RULES ===
2026-08-09 16:41:30,035 [INFO] Total capital: 1000.00 USDT
2026-08-09 16:41:30,035 [INFO] Per-deal budget: 30.00 USDT (3.0% of capital)
2026-08-09 16:41:30,035 [INFO] Base order: 3.29 USDT, up to 4 safety orders
2026-08-09 16:41:30,035 [INFO] Worst-case loss per deal: 3.60 USDT (0.36% of capital)
2026-08-09 16:41:30,035 [INFO] Max total exposure: 6.0% of capital
2026-08-09 16:41:30,172 [WARNING] Bybit price failed (You have breached the ip rate limit or your ip is from the usa. (ErrCode: 403) (ErrTime: 16:41:30).
Request → GET https://api.bybit.com/v5/market/tickers: category=spot&symbol=BTCUSDT.); trying Coinbase
2026-08-09 16:41:30,276 [INFO] BTCUSDT px=65189.4950 avg=64911.5994 tp=65885.2734 sl=57122.2074 next_so=61770.2458 (SO 2/4)
2026-08-09 16:41:30,279 [WARNING] Bybit price failed (You have breached the ip rate limit or your ip is from the usa. (ErrCode: 403) (ErrTime: 16:41:30).
Request → GET https://api.bybit.com/v5/market/tickers: category=spot&symbol=ETHUSDT.); trying Coinbase
2026-08-09 16:41:30,367 [INFO] ETHUSDT px=1922.9600 avg=1908.3191 tp=1936.9439 sl=1679.3209 next_so=1820.7049 (SO 2/4)
2026-08-09 16:41:30,367 [INFO] Single tick complete (GitHub Actions mode). State saved.
2026-08-09 17:14:42,230 [INFO] === CAPITAL RULES ===
2026-08-09 17:14:42,230 [INFO] Total capital: 1000.00 USDT
2026-08-09 17:14:42,230 [INFO] Per-deal budget: 30.00 USDT (3.0% of capital)
2026-08-09 17:14:42,230 [INFO] Base order: 3.29 USDT, up to 4 safety orders
2026-08-09 17:14:42,231 [INFO] Worst-case loss per deal: 3.60 USDT (0.36% of capital)
2026-08-09 17:14:42,231 [INFO] Max total exposure: 6.0% of capital
2026-08-09 17:14:42,303 [WARNING] Bybit price failed (You have breached the ip rate limit or your ip is from the usa. (ErrCode: 403) (ErrTime: 17:14:42).
Request → GET https://api.bybit.com/v5/market/tickers: category=spot&symbol=BTCUSDT.); trying Coinbase
2026-08-09 17:14:42,343 [INFO] BTCUSDT px=65178.7650 avg=64911.5994 tp=65885.2734 sl=57122.2074 next_so=61770.2458 (SO 2/4)
2026-08-09 17:14:42,347 [WARNING] Bybit price failed (You have breached the ip rate limit or your ip is from the usa. (ErrCode: 403) (ErrTime: 17:14:42).
Request → GET https://api.bybit.com/v5/market/tickers: category=spot&symbol=ETHUSDT.); trying Coinbase
2026-08-09 17:14:42,381 [INFO] ETHUSDT px=1923.3200 avg=1908.3191 tp=1936.9439 sl=1679.3209 next_so=1820.7049 (SO 2/4)
2026-08-09 17:14:42,382 [INFO] Single tick complete (GitHub Actions mode). State saved.
2026-08-09 17:49:48,024 [INFO] === CAPITAL RULES ===
2026-08-09 17:49:48,024 [INFO] Total capital: 1000.00 USDT
2026-08-09 17:49:48,024 [INFO] Per-deal budget: 30.00 USDT (3.0% of capital)
2026-08-09 17:49:48,025 [INFO] Base order: 3.29 USDT, up to 4 safety orders
2026-08-09 17:49:48,025 [INFO] Worst-case loss per deal: 3.60 USDT (0.36% of capital)
2026-08-09 17:49:48,025 [INFO] Max total exposure: 6.0% of capital
2026-08-09 17:49:48,100 [WARNING] Bybit price failed (You have breached the ip rate limit or your ip is from the usa. (ErrCode: 403) (ErrTime: 17:49:48).
Request → GET https://api.bybit.com/v5/market/tickers: category=spot&symbol=BTCUSDT.); trying Coinbase
2026-08-09 17:49:48,152 [INFO] BTCUSDT px=65163.7950 avg=64911.5994 tp=65885.2734 sl=57122.2074 next_so=61770.2458 (SO 2/4)
2026-08-09 17:49:48,157 [WARNING] Bybit price failed (You have breached the ip rate limit or your ip is from the usa. (ErrCode: 403) (ErrTime: 17:49:48).
Request → GET https://api.bybit.com/v5/market/tickers: category=spot&symbol=ETHUSDT.); trying Coinbase
2026-08-09 17:49:48,199 [INFO] ETHUSDT px=1922.0150 avg=1908.3191 tp=1936.9439 sl=1679.3209 next_so=1820.7049 (SO 2/4)
2026-08-09 17:49:48,199 [INFO] Single tick complete (GitHub Actions mode). State saved.
2026-08-09 18:35:04,752 [INFO] === CAPITAL RULES ===
2026-08-09 18:35:04,752 [INFO] Total capital: 1000.00 USDT
2026-08-09 18:35:04,752 [INFO] Per-deal budget: 30.00 USDT (3.0% of capital)
2026-08-09 18:35:04,752 [INFO] Base order: 3.29 USDT, up to 4 safety orders
2026-08-09 18:35:04,752 [INFO] Worst-case loss per deal: 3.60 USDT (0.36% of capital)
2026-08-09 18:35:04,752 [INFO] Max total exposure: 6.0% of capital
2026-08-09 18:35:04,879 [WARNING] Bybit price failed (You have breached the ip rate limit or your ip is from the usa. (ErrCode: 403) (ErrTime: 18:35:04).
Request → GET https://api.bybit.com/v5/market/tickers: category=spot&symbol=BTCUSDT.); trying Coinbase
2026-08-09 18:35:05,083 [INFO] BTCUSDT px=65174.0650 avg=64911.5994 tp=65885.2734 sl=57122.2074 next_so=61770.2458 (SO 2/4)
2026-08-09 18:35:05,086 [WARNING] Bybit price failed (You have breached the ip rate limit or your ip is from the usa. (ErrCode: 403) (ErrTime: 18:35:05).
Request → GET https://api.bybit.com/v5/market/tickers: category=spot&symbol=ETHUSDT.); trying Coinbase
2026-08-09 18:35:05,152 [INFO] ETHUSDT px=1920.8850 avg=1908.3191 tp=1936.9439 sl=1679.3209 next_so=1820.7049 (SO 2/4)
2026-08-09 18:35:05,152 [INFO] Single tick complete (GitHub Actions mode). State saved.
2026-08-09 19:20:00,651 [INFO] === CAPITAL RULES ===
2026-08-09 19:20:00,651 [INFO] Total capital: 1000.00 USDT
2026-08-09 19:20:00,652 [INFO] Per-deal budget: 30.00 USDT (3.0% of capital)
2026-08-09 19:20:00,652 [INFO] Base order: 3.29 USDT, up to 4 safety orders
2026-08-09 19:20:00,652 [INFO] Worst-case loss per deal: 3.60 USDT (0.36% of capital)
2026-08-09 19:20:00,652 [INFO] Max total exposure: 6.0% of capital
2026-08-09 19:20:00,799 [WARNING] Bybit price failed (You have breached the ip rate limit or your ip is from the usa. (ErrCode: 403) (ErrTime: 19:20:00).
Request → GET https://api.bybit.com/v5/market/tickers: category=spot&symbol=BTCUSDT.); trying Coinbase
2026-08-09 19:20:00,985 [INFO] BTCUSDT px=65169.9850 avg=64911.5994 tp=65885.2734 sl=57122.2074 next_so=61770.2458 (SO 2/4)
2026-08-09 19:20:00,997 [WARNING] Bybit price failed (You have breached the ip rate limit or your ip is from the usa. (ErrCode: 403) (ErrTime: 19:20:00).
Request → GET https://api.bybit.com/v5/market/tickers: category=spot&symbol=ETHUSDT.); trying Coinbase
2026-08-09 19:20:01,068 [INFO] ETHUSDT px=1920.6150 avg=1908.3191 tp=1936.9439 sl=1679.3209 next_so=1820.7049 (SO 2/4)
2026-08-09 19:20:01,069 [INFO] Single tick complete (GitHub Actions mode). State saved.
2026-08-09 19:56:10,988 [INFO] === CAPITAL RULES ===
2026-08-09 19:56:10,988 [INFO] Total capital: 1000.00 USDT
2026-08-09 19:56:10,988 [INFO] Per-deal budget: 30.00 USDT (3.0% of capital)
2026-08-09 19:56:10,988 [INFO] Base order: 3.29 USDT, up to 4 safety orders
2026-08-09 19:56:10,988 [INFO] Worst-case loss per deal: 3.60 USDT (0.36% of capital)
2026-08-09 19:56:10,988 [INFO] Max total exposure: 6.0% of capital
2026-08-09 19:56:11,129 [WARNING] Bybit price failed (You have breached the ip rate limit or your ip is from the usa. (ErrCode: 403) (ErrTime: 19:56:11).
Request → GET https://api.bybit.com/v5/market/tickers: category=spot&symbol=BTCUSDT.); trying Coinbase
2026-08-09 19:56:11,177 [INFO] BTCUSDT px=65148.8150 avg=64911.5994 tp=65885.2734 sl=57122.2074 next_so=61770.2458 (SO 2/4)
2026-08-09 19:56:11,182 [WARNING] Bybit price failed (You have breached the ip rate limit or your ip is from the usa. (ErrCode: 403) (ErrTime: 19:56:11).
Request → GET https://api.bybit.com/v5/market/tickers: category=spot&symbol=ETHUSDT.); trying Coinbase
2026-08-09 19:56:11,218 [INFO] ETHUSDT px=1920.5750 avg=1908.3191 tp=1936.9439 sl=1679.3209 next_so=1820.7049 (SO 2/4)
2026-08-09 19:56:11,218 [INFO] Single tick complete (GitHub Actions mode). State saved.
2026-08-09 20:31:20,773 [INFO] === CAPITAL RULES ===
2026-08-09 20:31:20,773 [INFO] Total capital: 1000.00 USDT
2026-08-09 20:31:20,773 [INFO] Per-deal budget: 30.00 USDT (3.0% of capital)
2026-08-09 20:31:20,773 [INFO] Base order: 3.29 USDT, up to 4 safety orders
2026-08-09 20:31:20,773 [INFO] Worst-case loss per deal: 3.60 USDT (0.36% of capital)
2026-08-09 20:31:20,774 [INFO] Max total exposure: 6.0% of capital
2026-08-09 20:31:20,878 [WARNING] Bybit price failed (You have breached the ip rate limit or your ip is from the usa. (ErrCode: 403) (ErrTime: 20:31:20).
Request → GET https://api.bybit.com/v5/market/tickers: category=spot&symbol=BTCUSDT.); trying Coinbase
2026-08-09 20:31:20,923 [INFO] BTCUSDT px=65085.1750 avg=64911.5994 tp=65885.2734 sl=57122.2074 next_so=61770.2458 (SO 2/4)
2026-08-09 20:31:20,927 [WARNING] Bybit price failed (You have breached the ip rate limit or your ip is from the usa. (ErrCode: 403) (ErrTime: 20:31:20).
Request → GET https://api.bybit.com/v5/market/tickers: category=spot&symbol=ETHUSDT.); trying Coinbase
2026-08-09 20:31:20,969 [INFO] ETHUSDT px=1919.1400 avg=1908.3191 tp=1936.9439 sl=1679.3209 next_so=1820.7049 (SO 2/4)
2026-08-09 20:31:20,969 [INFO] Single tick complete (GitHub Actions mode). State saved.
2026-08-09 21:07:55,139 [INFO] === CAPITAL RULES ===
2026-08-09 21:07:55,139 [INFO] Total capital: 1000.00 USDT
2026-08-09 21:07:55,139 [INFO] Per-deal budget: 30.00 USDT (3.0% of capital)
2026-08-09 21:07:55,140 [INFO] Base order: 3.29 USDT, up to 4 safety orders
2026-08-09 21:07:55,140 [INFO] Worst-case loss per deal: 3.60 USDT (0.36% of capital)
2026-08-09 21:07:55,140 [INFO] Max total exposure: 6.0% of capital
2026-08-09 21:07:55,416 [WARNING] Bybit price failed (You have breached the ip rate limit or your ip is from the usa. (ErrCode: 403) (ErrTime: 21:07:55).
Request → GET https://api.bybit.com/v5/market/tickers: category=spot&symbol=BTCUSDT.); trying Coinbase
2026-08-09 21:07:55,618 [INFO] BTCUSDT px=65083.6650 avg=64911.5994 tp=65885.2734 sl=57122.2074 next_so=61770.2458 (SO 2/4)
2026-08-09 21:07:55,632 [WARNING] Bybit price failed (You have breached the ip rate limit or your ip is from the usa. (ErrCode: 403) (ErrTime: 21:07:55).
Request → GET https://api.bybit.com/v5/market/tickers: category=spot&symbol=ETHUSDT.); trying Coinbase
2026-08-09 21:07:55,723 [INFO] ETHUSDT px=1919.2600 avg=1908.3191 tp=1936.9439 sl=1679.3209 next_so=1820.7049 (SO 2/4)
2026-08-09 21:07:55,723 [INFO] Single tick complete (GitHub Actions mode). State saved.
2026-08-09 21:47:20,461 [INFO] === CAPITAL RULES ===
2026-08-09 21:47:20,462 [INFO] Total capital: 1000.00 USDT
2026-08-09 21:47:20,462 [INFO] Per-deal budget: 30.00 USDT (3.0% of capital)
2026-08-09 21:47:20,462 [INFO] Base order: 3.29 USDT, up to 4 safety orders
2026-08-09 21:47:20,462 [INFO] Worst-case loss per deal: 3.60 USDT (0.36% of capital)
2026-08-09 21:47:20,462 [INFO] Max total exposure: 6.0% of capital
2026-08-09 21:47:20,553 [WARNING] Bybit price failed (You have breached the ip rate limit or your ip is from the usa. (ErrCode: 403) (ErrTime: 21:47:20).
Request → GET https://api.bybit.com/v5/market/tickers: category=spot&symbol=BTCUSDT.); trying Coinbase
2026-08-09 21:47:20,635 [INFO] BTCUSDT px=65171.5550 avg=64911.5994 tp=65885.2734 sl=57122.2074 next_so=61770.2458 (SO 2/4)
2026-08-09 21:47:20,639 [WARNING] Bybit price failed (You have breached the ip rate limit or your ip is from the usa. (ErrCode: 403) (ErrTime: 21:47:20).
Request → GET https://api.bybit.com/v5/market/tickers: category=spot&symbol=ETHUSDT.); trying Coinbase
2026-08-09 21:47:20,703 [INFO] ETHUSDT px=1924.5050 avg=1908.3191 tp=1936.9439 sl=1679.3209 next_so=1820.7049 (SO 2/4)
2026-08-09 21:47:20,703 [INFO] Single tick complete (GitHub Actions mode). State saved.
2026-08-09 22:26:54,688 [INFO] === CAPITAL RULES ===
2026-08-09 22:26:54,688 [INFO] Total capital: 1000.00 USDT
2026-08-09 22:26:54,689 [INFO] Per-deal budget: 30.00 USDT (3.0% of capital)
2026-08-09 22:26:54,689 [INFO] Base order: 3.29 USDT, up to 4 safety orders
2026-08-09 22:26:54,689 [INFO] Worst-case loss per deal: 3.60 USDT (0.36% of capital)
2026-08-09 22:26:54,689 [INFO] Max total exposure: 6.0% of capital
2026-08-09 22:26:54,821 [WARNING] Bybit price failed (You have breached the ip rate limit or your ip is from the usa. (ErrCode: 403) (ErrTime: 22:26:54).
Request → GET https://api.bybit.com/v5/market/tickers: category=spot&symbol=BTCUSDT.); trying Coinbase
2026-08-09 22:26:54,866 [INFO] BTCUSDT px=65181.0550 avg=64911.5994 tp=65885.2734 sl=57122.2074 next_so=61770.2458 (SO 2/4)
2026-08-09 22:26:54,871 [WARNING] Bybit price failed (You have breached the ip rate limit or your ip is from the usa. (ErrCode: 403) (ErrTime: 22:26:54).
Request → GET https://api.bybit.com/v5/market/tickers: category=spot&symbol=ETHUSDT.); trying Coinbase
2026-08-09 22:26:54,913 [INFO] ETHUSDT px=1928.0150 avg=1908.3191 tp=1936.9439 sl=1679.3209 next_so=1820.7049 (SO 2/4)
2026-08-09 22:26:54,913 [INFO] Single tick complete (GitHub Actions mode). State saved.
2026-08-09 23:00:08,823 [INFO] === CAPITAL RULES ===
2026-08-09 23:00:08,823 [INFO] Total capital: 1000.00 USDT
2026-08-09 23:00:08,823 [INFO] Per-deal budget: 30.00 USDT (3.0% of capital)
2026-08-09 23:00:08,823 [INFO] Base order: 3.29 USDT, up to 4 safety orders
2026-08-09 23:00:08,823 [INFO] Worst-case loss per deal: 3.60 USDT (0.36% of capital)
2026-08-09 23:00:08,823 [INFO] Max total exposure: 6.0% of capital
2026-08-09 23:00:08,882 [WARNING] Bybit price failed (You have breached the ip rate limit or your ip is from the usa. (ErrCode: 403) (ErrTime: 23:00:08).
Request → GET https://api.bybit.com/v5/market/tickers: category=spot&symbol=BTCUSDT.); trying Coinbase
2026-08-09 23:00:08,946 [INFO] BTCUSDT px=65023.0750 avg=64911.5994 tp=65885.2734 sl=57122.2074 next_so=61770.2458 (SO 2/4)
2026-08-09 23:00:08,951 [WARNING] Bybit price failed (You have breached the ip rate limit or your ip is from the usa. (ErrCode: 403) (ErrTime: 23:00:08).
Request → GET https://api.bybit.com/v5/market/tickers: category=spot&symbol=ETHUSDT.); trying Coinbase
2026-08-09 23:00:08,992 [INFO] ETHUSDT px=1918.2850 avg=1908.3191 tp=1936.9439 sl=1679.3209 next_so=1820.7049 (SO 2/4)
2026-08-09 23:00:08,992 [INFO] Single tick complete (GitHub Actions mode). State saved.
2026-08-09 23:39:31,279 [INFO] === CAPITAL RULES ===
2026-08-09 23:39:31,279 [INFO] Total capital: 1000.00 USDT
2026-08-09 23:39:31,279 [INFO] Per-deal budget: 30.00 USDT (3.0% of capital)
2026-08-09 23:39:31,279 [INFO] Base order: 3.29 USDT, up to 4 safety orders
2026-08-09 23:39:31,279 [INFO] Worst-case loss per deal: 3.60 USDT (0.36% of capital)
2026-08-09 23:39:31,279 [INFO] Max total exposure: 6.0% of capital
2026-08-09 23:39:31,365 [WARNING] Bybit price failed (You have breached the ip rate limit or your ip is from the usa. (ErrCode: 403) (ErrTime: 23:39:31).
Request → GET https://api.bybit.com/v5/market/tickers: category=spot&symbol=BTCUSDT.); trying Coinbase
2026-08-09 23:39:31,473 [INFO] BTCUSDT px=64834.2150 avg=64911.5994 tp=65885.2734 sl=57122.2074 next_so=61770.2458 (SO 2/4)
2026-08-09 23:39:31,477 [WARNING] Bybit price failed (You have breached the ip rate limit or your ip is from the usa. (ErrCode: 403) (ErrTime: 23:39:31).
Request → GET https://api.bybit.com/v5/market/tickers: category=spot&symbol=ETHUSDT.); trying Coinbase
2026-08-09 23:39:31,548 [INFO] ETHUSDT px=1909.9650 avg=1908.3191 tp=1936.9439 sl=1679.3209 next_so=1820.7049 (SO 2/4)
2026-08-09 23:39:31,548 [INFO] Single tick complete (GitHub Actions mode). State saved.
2026-08-10 00:04:27,905 [INFO] === CAPITAL RULES ===
2026-08-10 00:04:27,905 [INFO] Total capital: 1000.00 USDT
2026-08-10 00:04:27,905 [INFO] Per-deal budget: 30.00 USDT (3.0% of capital)
2026-08-10 00:04:27,905 [INFO] Base order: 3.29 USDT, up to 4 safety orders
2026-08-10 00:04:27,905 [INFO] Worst-case loss per deal: 3.60 USDT (0.36% of capital)
2026-08-10 00:04:27,905 [INFO] Max total exposure: 6.0% of capital
2026-08-10 00:04:28,091 [WARNING] Bybit price failed (You have breached the ip rate limit or your ip is from the usa. (ErrCode: 403) (ErrTime: 00:04:28).
Request → GET https://api.bybit.com/v5/market/tickers: category=spot&symbol=BTCUSDT.); trying Coinbase
2026-08-10 00:04:28,224 [INFO] BTCUSDT px=64855.4950 avg=64911.5994 tp=65885.2734 sl=57122.2074 next_so=61770.2458 (SO 2/4)
2026-08-10 00:04:28,241 [WARNING] Bybit price failed (You have breached the ip rate limit or your ip is from the usa. (ErrCode: 403) (ErrTime: 00:04:28).
Request → GET https://api.bybit.com/v5/market/tickers: category=spot&symbol=ETHUSDT.); trying Coinbase
2026-08-10 00:04:28,336 [INFO] ETHUSDT px=1909.5750 avg=1908.3191 tp=1936.9439 sl=1679.3209 next_so=1820.7049 (SO 2/4)
2026-08-10 00:04:28,337 [INFO] Single tick complete (GitHub Actions mode). State saved.
2026-08-10 02:33:56,828 [INFO] === CAPITAL RULES ===
2026-08-10 02:33:56,828 [INFO] Total capital: 1000.00 USDT
2026-08-10 02:33:56,828 [INFO] Per-deal budget: 30.00 USDT (3.0% of capital)
2026-08-10 02:33:56,828 [INFO] Base order: 3.29 USDT, up to 4 safety orders
2026-08-10 02:33:56,828 [INFO] Worst-case loss per deal: 3.60 USDT (0.36% of capital)
2026-08-10 02:33:56,829 [INFO] Max total exposure: 6.0% of capital
2026-08-10 02:33:57,024 [WARNING] Bybit price failed (You have breached the ip rate limit or your ip is from the usa. (ErrCode: 403) (ErrTime: 02:33:57).
Request → GET https://api.bybit.com/v5/market/tickers: category=spot&symbol=BTCUSDT.); trying Coinbase
2026-08-10 02:33:57,205 [INFO] BTCUSDT px=64919.7750 avg=64911.5994 tp=65885.2734 sl=57122.2074 next_so=61770.2458 (SO 2/4)
2026-08-10 02:33:57,219 [WARNING] Bybit price failed (You have breached the ip rate limit or your ip is from the usa. (ErrCode: 403) (ErrTime: 02:33:57).
Request → GET https://api.bybit.com/v5/market/tickers: category=spot&symbol=ETHUSDT.); trying Coinbase
2026-08-10 02:33:57,314 [INFO] ETHUSDT px=1914.1750 avg=1908.3191 tp=1936.9439 sl=1679.3209 next_so=1820.7049 (SO 2/4)
2026-08-10 02:33:57,314 [INFO] Single tick complete (GitHub Actions mode). State saved.
2026-08-10 04:18:16,626 [INFO] === CAPITAL RULES ===
2026-08-10 04:18:16,626 [INFO] Total capital: 1000.00 USDT
2026-08-10 04:18:16,627 [INFO] Per-deal budget: 30.00 USDT (3.0% of capital)
2026-08-10 04:18:16,627 [INFO] Base order: 3.29 USDT, up to 4 safety orders
2026-08-10 04:18:16,627 [INFO] Worst-case loss per deal: 3.60 USDT (0.36% of capital)
2026-08-10 04:18:16,627 [INFO] Max total exposure: 6.0% of capital
2026-08-10 04:18:16,710 [WARNING] Bybit price failed (You have breached the ip rate limit or your ip is from the usa. (ErrCode: 403) (ErrTime: 04:18:16).
Request → GET https://api.bybit.com/v5/market/tickers: category=spot&symbol=BTCUSDT.); trying Coinbase
2026-08-10 04:18:16,871 [INFO] BTCUSDT px=65007.9650 avg=64911.5994 tp=65885.2734 sl=57122.2074 next_so=61770.2458 (SO 2/4)
2026-08-10 04:18:16,874 [WARNING] Bybit price failed (You have breached the ip rate limit or your ip is from the usa. (ErrCode: 403) (ErrTime: 04:18:16).
Request → GET https://api.bybit.com/v5/market/tickers: category=spot&symbol=ETHUSDT.); trying Coinbase
2026-08-10 04:18:16,932 [INFO] ETHUSDT px=1917.8650 avg=1908.3191 tp=1936.9439 sl=1679.3209 next_so=1820.7049 (SO 2/4)
2026-08-10 04:18:16,932 [INFO] Single tick complete (GitHub Actions mode). State saved.
2026-08-10 05:54:35,341 [INFO] === CAPITAL RULES ===
2026-08-10 05:54:35,341 [INFO] Total capital: 1000.00 USDT
2026-08-10 05:54:35,341 [INFO] Per-deal budget: 30.00 USDT (3.0% of capital)
2026-08-10 05:54:35,341 [INFO] Base order: 3.29 USDT, up to 4 safety orders
2026-08-10 05:54:35,341 [INFO] Worst-case loss per deal: 3.60 USDT (0.36% of capital)
2026-08-10 05:54:35,341 [INFO] Max total exposure: 6.0% of capital
2026-08-10 05:54:35,497 [WARNING] Bybit price failed (You have breached the ip rate limit or your ip is from the usa. (ErrCode: 403) (ErrTime: 05:54:35).
Request → GET https://api.bybit.com/v5/market/tickers: category=spot&symbol=BTCUSDT.); trying Coinbase
2026-08-10 05:54:35,653 [INFO] BTCUSDT px=65065.1050 avg=64911.5994 tp=65885.2734 sl=57122.2074 next_so=61770.2458 (SO 2/4)
2026-08-10 05:54:35,664 [WARNING] Bybit price failed (You have breached the ip rate limit or your ip is from the usa. (ErrCode: 403) (ErrTime: 05:54:35).
Request → GET https://api.bybit.com/v5/market/tickers: category=spot&symbol=ETHUSDT.); trying Coinbase
2026-08-10 05:54:35,759 [INFO] ETHUSDT px=1922.4700 avg=1908.3191 tp=1936.9439 sl=1679.3209 next_so=1820.7049 (SO 2/4)
2026-08-10 05:54:35,759 [INFO] Single tick complete (GitHub Actions mode). State saved.
2026-08-10 07:25:48,028 [INFO] === CAPITAL RULES ===
2026-08-10 07:25:48,028 [INFO] Total capital: 1000.00 USDT
2026-08-10 07:25:48,028 [INFO] Per-deal budget: 30.00 USDT (3.0% of capital)
2026-08-10 07:25:48,028 [INFO] Base order: 3.29 USDT, up to 4 safety orders
2026-08-10 07:25:48,028 [INFO] Worst-case loss per deal: 3.60 USDT (0.36% of capital)
2026-08-10 07:25:48,028 [INFO] Max total exposure: 6.0% of capital
2026-08-10 07:25:48,109 [WARNING] Bybit price failed (You have breached the ip rate limit or your ip is from the usa. (ErrCode: 403) (ErrTime: 07:25:48).
Request → GET https://api.bybit.com/v5/market/tickers: category=spot&symbol=BTCUSDT.); trying Coinbase
2026-08-10 07:25:48,214 [INFO] BTCUSDT px=65249.1900 avg=64911.5994 tp=65885.2734 sl=57122.2074 next_so=61770.2458 (SO 2/4)
2026-08-10 07:25:48,217 [WARNING] Bybit price failed (You have breached the ip rate limit or your ip is from the usa. (ErrCode: 403) (ErrTime: 07:25:48).
Request → GET https://api.bybit.com/v5/market/tickers: category=spot&symbol=ETHUSDT.); trying Coinbase
2026-08-10 07:25:48,281 [INFO] ETHUSDT px=1927.3050 avg=1908.3191 tp=1936.9439 sl=1679.3209 next_so=1820.7049 (SO 2/4)
2026-08-10 07:25:48,281 [INFO] Single tick complete (GitHub Actions mode). State saved.
2026-08-10 08:57:20,109 [INFO] === CAPITAL RULES ===
2026-08-10 08:57:20,109 [INFO] Total capital: 1000.00 USDT
2026-08-10 08:57:20,109 [INFO] Per-deal budget: 30.00 USDT (3.0% of capital)
2026-08-10 08:57:20,109 [INFO] Base order: 3.29 USDT, up to 4 safety orders
2026-08-10 08:57:20,109 [INFO] Worst-case loss per deal: 3.60 USDT (0.36% of capital)
2026-08-10 08:57:20,109 [INFO] Max total exposure: 6.0% of capital
2026-08-10 08:57:20,385 [WARNING] Bybit price failed (You have breached the ip rate limit or your ip is from the usa. (ErrCode: 403) (ErrTime: 08:57:20).
Request → GET https://api.bybit.com/v5/market/tickers: category=spot&symbol=BTCUSDT.); trying Coinbase
2026-08-10 08:57:20,459 [INFO] BTCUSDT px=65183.8150 avg=64911.5994 tp=65885.2734 sl=57122.2074 next_so=61770.2458 (SO 2/4)
2026-08-10 08:57:20,477 [WARNING] Bybit price failed (You have breached the ip rate limit or your ip is from the usa. (ErrCode: 403) (ErrTime: 08:57:20).
Request → GET https://api.bybit.com/v5/market/tickers: category=spot&symbol=ETHUSDT.); trying Coinbase
2026-08-10 08:57:20,562 [INFO] ETHUSDT px=1924.6950 avg=1908.3191 tp=1936.9439 sl=1679.3209 next_so=1820.7049 (SO 2/4)
2026-08-10 08:57:20,563 [INFO] Single tick complete (GitHub Actions mode). State saved.
2026-08-10 10:18:08,634 [INFO] === CAPITAL RULES ===
2026-08-10 10:18:08,634 [INFO] Total capital: 1000.00 USDT
2026-08-10 10:18:08,635 [INFO] Per-deal budget: 30.00 USDT (3.0% of capital)
2026-08-10 10:18:08,635 [INFO] Base order: 3.29 USDT, up to 4 safety orders
2026-08-10 10:18:08,635 [INFO] Worst-case loss per deal: 3.60 USDT (0.36% of capital)
2026-08-10 10:18:08,635 [INFO] Max total exposure: 6.0% of capital
2026-08-10 10:18:08,863 [WARNING] Bybit price failed (You have breached the ip rate limit or your ip is from the usa. (ErrCode: 403) (ErrTime: 10:18:08).
Request → GET https://api.bybit.com/v5/market/tickers: category=spot&symbol=BTCUSDT.); trying Coinbase
2026-08-10 10:18:08,949 [INFO] BTCUSDT px=64966.8250 avg=64911.5994 tp=65885.2734 sl=57122.2074 next_so=61770.2458 (SO 2/4)
2026-08-10 10:18:08,957 [WARNING] Bybit price failed (You have breached the ip rate limit or your ip is from the usa. (ErrCode: 403) (ErrTime: 10:18:08).
Request → GET https://api.bybit.com/v5/market/tickers: category=spot&symbol=ETHUSDT.); trying Coinbase
2026-08-10 10:18:09,020 [INFO] ETHUSDT px=1917.7250 avg=1908.3191 tp=1936.9439 sl=1679.3209 next_so=1820.7049 (SO 2/4)
2026-08-10 10:18:09,020 [INFO] Single tick complete (GitHub Actions mode). State saved.
2026-08-10 11:29:48,220 [INFO] === CAPITAL RULES ===
2026-08-10 11:29:48,220 [INFO] Total capital: 1000.00 USDT
2026-08-10 11:29:48,220 [INFO] Per-deal budget: 30.00 USDT (3.0% of capital)
2026-08-10 11:29:48,221 [INFO] Base order: 3.29 USDT, up to 4 safety orders
2026-08-10 11:29:48,221 [INFO] Worst-case loss per deal: 3.60 USDT (0.36% of capital)
2026-08-10 11:29:48,221 [INFO] Max total exposure: 6.0% of capital
2026-08-10 11:29:48,428 [WARNING] Bybit price failed (You have breached the ip rate limit or your ip is from the usa. (ErrCode: 403) (ErrTime: 11:29:48).
Request → GET https://api.bybit.com/v5/market/tickers: category=spot&symbol=BTCUSDT.); trying Coinbase
2026-08-10 11:29:48,504 [INFO] BTCUSDT px=65021.8450 avg=64911.5994 tp=65885.2734 sl=57122.2074 next_so=61770.2458 (SO 2/4)
2026-08-10 11:29:48,508 [WARNING] Bybit price failed (You have breached the ip rate limit or your ip is from the usa. (ErrCode: 403) (ErrTime: 11:29:48).
Request → GET https://api.bybit.com/v5/market/tickers: category=spot&symbol=ETHUSDT.); trying Coinbase
2026-08-10 11:29:48,567 [INFO] ETHUSDT px=1917.5600 avg=1908.3191 tp=1936.9439 sl=1679.3209 next_so=1820.7049 (SO 2/4)
2026-08-10 11:29:48,567 [INFO] Single tick complete (GitHub Actions mode). State saved.
2026-08-10 12:10:57,551 [INFO] === CAPITAL RULES ===
2026-08-10 12:10:57,551 [INFO] Total capital: 1000.00 USDT
2026-08-10 12:10:57,551 [INFO] Per-deal budget: 30.00 USDT (3.0% of capital)
2026-08-10 12:10:57,552 [INFO] Base order: 3.29 USDT, up to 4 safety orders
2026-08-10 12:10:57,552 [INFO] Worst-case loss per deal: 3.60 USDT (0.36% of capital)
2026-08-10 12:10:57,552 [INFO] Max total exposure: 6.0% of capital
2026-08-10 12:10:57,632 [WARNING] Bybit price failed (You have breached the ip rate limit or your ip is from the usa. (ErrCode: 403) (ErrTime: 12:10:57).
Request → GET https://api.bybit.com/v5/market/tickers: category=spot&symbol=BTCUSDT.); trying Coinbase
2026-08-10 12:10:57,672 [INFO] BTCUSDT px=65124.0350 avg=64911.5994 tp=65885.2734 sl=57122.2074 next_so=61770.2458 (SO 2/4)
2026-08-10 12:10:57,676 [WARNING] Bybit price failed (You have breached the ip rate limit or your ip is from the usa. (ErrCode: 403) (ErrTime: 12:10:57).
Request → GET https://api.bybit.com/v5/market/tickers: category=spot&symbol=ETHUSDT.); trying Coinbase
2026-08-10 12:10:57,720 [INFO] ETHUSDT px=1920.5150 avg=1908.3191 tp=1936.9439 sl=1679.3209 next_so=1820.7049 (SO 2/4)
2026-08-10 12:10:57,720 [INFO] Single tick complete (GitHub Actions mode). State saved.
2026-08-10 13:43:13,450 [INFO] === CAPITAL RULES ===
2026-08-10 13:43:13,450 [INFO] Total capital: 1000.00 USDT
2026-08-10 13:43:13,450 [INFO] Per-deal budget: 30.00 USDT (3.0% of capital)
2026-08-10 13:43:13,450 [INFO] Base order: 3.29 USDT, up to 4 safety orders
2026-08-10 13:43:13,450 [INFO] Worst-case loss per deal: 3.60 USDT (0.36% of capital)
2026-08-10 13:43:13,450 [INFO] Max total exposure: 6.0% of capital
2026-08-10 13:43:13,655 [WARNING] Bybit price failed (You have breached the ip rate limit or your ip is from the usa. (ErrCode: 403) (ErrTime: 13:43:13).
Request → GET https://api.bybit.com/v5/market/tickers: category=spot&symbol=BTCUSDT.); trying Coinbase
2026-08-10 13:43:13,717 [INFO] BTCUSDT px=64598.1050 avg=64911.5994 tp=65885.2734 sl=57122.2074 next_so=61770.2458 (SO 2/4)
2026-08-10 13:43:13,727 [WARNING] Bybit price failed (You have breached the ip rate limit or your ip is from the usa. (ErrCode: 403) (ErrTime: 13:43:13).
Request → GET https://api.bybit.com/v5/market/tickers: category=spot&symbol=ETHUSDT.); trying Coinbase
2026-08-10 13:43:13,848 [INFO] ETHUSDT px=1900.2550 avg=1908.3191 tp=1936.9439 sl=1679.3209 next_so=1820.7049 (SO 2/4)
2026-08-10 13:43:13,849 [INFO] Single tick complete (GitHub Actions mode). State saved.
2026-08-10 14:44:24,417 [INFO] === CAPITAL RULES ===
2026-08-10 14:44:24,417 [INFO] Total capital: 1000.00 USDT
2026-08-10 14:44:24,417 [INFO] Per-deal budget: 30.00 USDT (3.0% of capital)
2026-08-10 14:44:24,417 [INFO] Base order: 3.29 USDT, up to 4 safety orders
2026-08-10 14:44:24,417 [INFO] Worst-case loss per deal: 3.60 USDT (0.36% of capital)
2026-08-10 14:44:24,417 [INFO] Max total exposure: 6.0% of capital
2026-08-10 14:44:24,581 [WARNING] Bybit price failed (You have breached the ip rate limit or your ip is from the usa. (ErrCode: 403) (ErrTime: 14:44:24).
Request → GET https://api.bybit.com/v5/market/tickers: category=spot&symbol=BTCUSDT.); trying Coinbase
2026-08-10 14:44:25,082 [INFO] BTCUSDT px=64806.8950 avg=64911.5994 tp=65885.2734 sl=57122.2074 next_so=61770.2458 (SO 2/4)
2026-08-10 14:44:25,102 [WARNING] Bybit price failed (You have breached the ip rate limit or your ip is from the usa. (ErrCode: 403) (ErrTime: 14:44:25).
Request → GET https://api.bybit.com/v5/market/tickers: category=spot&symbol=ETHUSDT.); trying Coinbase
2026-08-10 14:44:25,561 [INFO] ETHUSDT px=1899.5150 avg=1908.3191 tp=1936.9439 sl=1679.3209 next_so=1820.7049 (SO 2/4)
2026-08-10 14:44:25,562 [INFO] Single tick complete (GitHub Actions mode). State saved.
2026-08-10 15:41:25,751 [INFO] === CAPITAL RULES ===
2026-08-10 15:41:25,751 [INFO] Total capital: 1000.00 USDT
2026-08-10 15:41:25,751 [INFO] Per-deal budget: 30.00 USDT (3.0% of capital)
2026-08-10 15:41:25,751 [INFO] Base order: 3.29 USDT, up to 4 safety orders
2026-08-10 15:41:25,751 [INFO] Worst-case loss per deal: 3.60 USDT (0.36% of capital)
2026-08-10 15:41:25,751 [INFO] Max total exposure: 6.0% of capital
2026-08-10 15:41:25,849 [WARNING] Bybit price failed (You have breached the ip rate limit or your ip is from the usa. (ErrCode: 403) (ErrTime: 15:41:25).
Request → GET https://api.bybit.com/v5/market/tickers: category=spot&symbol=BTCUSDT.); trying Coinbase
2026-08-10 15:41:25,993 [INFO] BTCUSDT px=64257.4800 avg=64911.5994 tp=65885.2734 sl=57122.2074 next_so=61770.2458 (SO 2/4)
2026-08-10 15:41:25,997 [WARNING] Bybit price failed (You have breached the ip rate limit or your ip is from the usa. (ErrCode: 403) (ErrTime: 15:41:25).
Request → GET https://api.bybit.com/v5/market/tickers: category=spot&symbol=ETHUSDT.); trying Coinbase
2026-08-10 15:41:26,051 [INFO] ETHUSDT px=1876.9950 avg=1908.3191 tp=1936.9439 sl=1679.3209 next_so=1820.7049 (SO 2/4)
2026-08-10 15:41:26,052 [INFO] Single tick complete (GitHub Actions mode). State saved.
2026-08-10 16:32:43,045 [INFO] === CAPITAL RULES ===
2026-08-10 16:32:43,045 [INFO] Total capital: 1000.00 USDT
2026-08-10 16:32:43,046 [INFO] Per-deal budget: 30.00 USDT (3.0% of capital)
2026-08-10 16:32:43,046 [INFO] Base order: 3.29 USDT, up to 4 safety orders
2026-08-10 16:32:43,046 [INFO] Worst-case loss per deal: 3.60 USDT (0.36% of capital)
2026-08-10 16:32:43,046 [INFO] Max total exposure: 6.0% of capital
2026-08-10 16:32:43,120 [WARNING] Bybit price failed (You have breached the ip rate limit or your ip is from the usa. (ErrCode: 403) (ErrTime: 16:32:43).
Request → GET https://api.bybit.com/v5/market/tickers: category=spot&symbol=BTCUSDT.); trying Coinbase
2026-08-10 16:32:43,169 [INFO] BTCUSDT px=64037.8050 avg=64911.5994 tp=65885.2734 sl=57122.2074 next_so=61770.2458 (SO 2/4)
2026-08-10 16:32:43,172 [WARNING] Bybit price failed (You have breached the ip rate limit or your ip is from the usa. (ErrCode: 403) (ErrTime: 16:32:43).
Request → GET https://api.bybit.com/v5/market/tickers: category=spot&symbol=ETHUSDT.); trying Coinbase
2026-08-10 16:32:43,214 [INFO] ETHUSDT px=1872.8450 avg=1908.3191 tp=1936.9439 sl=1679.3209 next_so=1820.7049 (SO 2/4)
2026-08-10 16:32:43,215 [INFO] Single tick complete (GitHub Actions mode). State saved.
2026-08-10 17:35:43,969 [INFO] === CAPITAL RULES ===
2026-08-10 17:35:43,969 [INFO] Total capital: 1000.00 USDT
2026-08-10 17:35:43,969 [INFO] Per-deal budget: 30.00 USDT (3.0% of capital)
2026-08-10 17:35:43,969 [INFO] Base order: 3.29 USDT, up to 4 safety orders
2026-08-10 17:35:43,969 [INFO] Worst-case loss per deal: 3.60 USDT (0.36% of capital)
2026-08-10 17:35:43,969 [INFO] Max total exposure: 6.0% of capital
2026-08-10 17:35:44,250 [WARNING] Bybit price failed (You have breached the ip rate limit or your ip is from the usa. (ErrCode: 403) (ErrTime: 17:35:44).
Request → GET https://api.bybit.com/v5/market/tickers: category=spot&symbol=BTCUSDT.); trying Coinbase
2026-08-10 17:35:44,313 [INFO] BTCUSDT px=63908.5950 avg=64911.5994 tp=65885.2734 sl=57122.2074 next_so=61770.2458 (SO 2/4)
2026-08-10 17:35:44,318 [WARNING] Bybit price failed (You have breached the ip rate limit or your ip is from the usa. (ErrCode: 403) (ErrTime: 17:35:44).
Request → GET https://api.bybit.com/v5/market/tickers: category=spot&symbol=ETHUSDT.); trying Coinbase
2026-08-10 17:35:44,359 [INFO] ETHUSDT px=1874.2250 avg=1908.3191 tp=1936.9439 sl=1679.3209 next_so=1820.7049 (SO 2/4)
2026-08-10 17:35:44,359 [INFO] Single tick complete (GitHub Actions mode). State saved.
2026-08-10 18:33:14,602 [INFO] === CAPITAL RULES ===
2026-08-10 18:33:14,602 [INFO] Total capital: 1000.00 USDT
2026-08-10 18:33:14,602 [INFO] Per-deal budget: 30.00 USDT (3.0% of capital)
2026-08-10 18:33:14,603 [INFO] Base order: 3.29 USDT, up to 4 safety orders
2026-08-10 18:33:14,603 [INFO] Worst-case loss per deal: 3.60 USDT (0.36% of capital)
2026-08-10 18:33:14,603 [INFO] Max total exposure: 6.0% of capital
2026-08-10 18:33:14,762 [WARNING] Bybit price failed (You have breached the ip rate limit or your ip is from the usa. (ErrCode: 403) (ErrTime: 18:33:14).
Request → GET https://api.bybit.com/v5/market/tickers: category=spot&symbol=BTCUSDT.); trying Coinbase
2026-08-10 18:33:14,846 [INFO] BTCUSDT px=63838.9250 avg=64911.5994 tp=65885.2734 sl=57122.2074 next_so=61770.2458 (SO 2/4)
2026-08-10 18:33:14,854 [WARNING] Bybit price failed (You have breached the ip rate limit or your ip is from the usa. (ErrCode: 403) (ErrTime: 18:33:14).
Request → GET https://api.bybit.com/v5/market/tickers: category=spot&symbol=ETHUSDT.); trying Coinbase
2026-08-10 18:33:14,910 [INFO] ETHUSDT px=1871.0150 avg=1908.3191 tp=1936.9439 sl=1679.3209 next_so=1820.7049 (SO 2/4)
2026-08-10 18:33:14,910 [INFO] Single tick complete (GitHub Actions mode). State saved.
2026-08-10 19:41:37,622 [INFO] === CAPITAL RULES ===
2026-08-10 19:41:37,622 [INFO] Total capital: 1000.00 USDT
2026-08-10 19:41:37,622 [INFO] Per-deal budget: 30.00 USDT (3.0% of capital)
2026-08-10 19:41:37,622 [INFO] Base order: 3.29 USDT, up to 4 safety orders
2026-08-10 19:41:37,622 [INFO] Worst-case loss per deal: 3.60 USDT (0.36% of capital)
2026-08-10 19:41:37,622 [INFO] Max total exposure: 6.0% of capital
2026-08-10 19:41:37,836 [WARNING] Bybit price failed (You have breached the ip rate limit or your ip is from the usa. (ErrCode: 403) (ErrTime: 19:41:37).
Request → GET https://api.bybit.com/v5/market/tickers: category=spot&symbol=BTCUSDT.); trying Coinbase
2026-08-10 19:41:37,914 [INFO] BTCUSDT px=63867.5350 avg=64911.5994 tp=65885.2734 sl=57122.2074 next_so=61770.2458 (SO 2/4)
2026-08-10 19:41:37,928 [WARNING] Bybit price failed (You have breached the ip rate limit or your ip is from the usa. (ErrCode: 403) (ErrTime: 19:41:37).
Request → GET https://api.bybit.com/v5/market/tickers: category=spot&symbol=ETHUSDT.); trying Coinbase
2026-08-10 19:41:38,001 [INFO] ETHUSDT px=1875.5800 avg=1908.3191 tp=1936.9439 sl=1679.3209 next_so=1820.7049 (SO 2/4)
2026-08-10 19:41:38,001 [INFO] Single tick complete (GitHub Actions mode). State saved.
2026-08-10 20:22:39,608 [INFO] === CAPITAL RULES ===
2026-08-10 20:22:39,609 [INFO] Total capital: 1000.00 USDT
2026-08-10 20:22:39,609 [INFO] Per-deal budget: 30.00 USDT (3.0% of capital)
2026-08-10 20:22:39,609 [INFO] Base order: 3.29 USDT, up to 4 safety orders
2026-08-10 20:22:39,609 [INFO] Worst-case loss per deal: 3.60 USDT (0.36% of capital)
2026-08-10 20:22:39,609 [INFO] Max total exposure: 6.0% of capital
2026-08-10 20:22:39,891 [WARNING] Bybit price failed (You have breached the ip rate limit or your ip is from the usa. (ErrCode: 403) (ErrTime: 20:22:39).
Request → GET https://api.bybit.com/v5/market/tickers: category=spot&symbol=BTCUSDT.); trying Coinbase
2026-08-10 20:22:40,032 [INFO] BTCUSDT px=64018.8350 avg=64911.5994 tp=65885.2734 sl=57122.2074 next_so=61770.2458 (SO 2/4)
2026-08-10 20:22:40,063 [WARNING] Bybit price failed (You have breached the ip rate limit or your ip is from the usa. (ErrCode: 403) (ErrTime: 20:22:40).
Request → GET https://api.bybit.com/v5/market/tickers: category=spot&symbol=ETHUSDT.); trying Coinbase
2026-08-10 20:22:40,165 [INFO] ETHUSDT px=1876.5050 avg=1908.3191 tp=1936.9439 sl=1679.3209 next_so=1820.7049 (SO 2/4)
2026-08-10 20:22:40,165 [INFO] Single tick complete (GitHub Actions mode). State saved.
2026-08-10 21:11:06,736 [INFO] === CAPITAL RULES ===
2026-08-10 21:11:06,736 [INFO] Total capital: 1000.00 USDT
2026-08-10 21:11:06,736 [INFO] Per-deal budget: 30.00 USDT (3.0% of capital)
2026-08-10 21:11:06,736 [INFO] Base order: 3.29 USDT, up to 4 safety orders
2026-08-10 21:11:06,737 [INFO] Worst-case loss per deal: 3.60 USDT (0.36% of capital)
2026-08-10 21:11:06,737 [INFO] Max total exposure: 6.0% of capital
2026-08-10 21:11:06,850 [WARNING] Bybit price failed (You have breached the ip rate limit or your ip is from the usa. (ErrCode: 403) (ErrTime: 21:11:06).
Request → GET https://api.bybit.com/v5/market/tickers: category=spot&symbol=BTCUSDT.); trying Coinbase
2026-08-10 21:11:06,901 [INFO] BTCUSDT px=64043.2850 avg=64911.5994 tp=65885.2734 sl=57122.2074 next_so=61770.2458 (SO 2/4)
2026-08-10 21:11:06,905 [WARNING] Bybit price failed (You have breached the ip rate limit or your ip is from the usa. (ErrCode: 403) (ErrTime: 21:11:06).
Request → GET https://api.bybit.com/v5/market/tickers: category=spot&symbol=ETHUSDT.); trying Coinbase
2026-08-10 21:11:06,944 [INFO] ETHUSDT px=1875.6950 avg=1908.3191 tp=1936.9439 sl=1679.3209 next_so=1820.7049 (SO 2/4)
2026-08-10 21:11:06,944 [INFO] Single tick complete (GitHub Actions mode). State saved.
2026-08-10 21:57:34,324 [INFO] === CAPITAL RULES ===
2026-08-10 21:57:34,324 [INFO] Total capital: 1000.00 USDT
2026-08-10 21:57:34,324 [INFO] Per-deal budget: 30.00 USDT (3.0% of capital)
2026-08-10 21:57:34,324 [INFO] Base order: 3.29 USDT, up to 4 safety orders
2026-08-10 21:57:34,324 [INFO] Worst-case loss per deal: 3.60 USDT (0.36% of capital)
2026-08-10 21:57:34,324 [INFO] Max total exposure: 6.0% of capital
2026-08-10 21:57:34,462 [WARNING] Bybit price failed (You have breached the ip rate limit or your ip is from the usa. (ErrCode: 403) (ErrTime: 21:57:34).
Request → GET https://api.bybit.com/v5/market/tickers: category=spot&symbol=BTCUSDT.); trying Coinbase
2026-08-10 21:57:34,505 [INFO] BTCUSDT px=63936.0450 avg=64911.5994 tp=65885.2734 sl=57122.2074 next_so=61770.2458 (SO 2/4)
2026-08-10 21:57:34,510 [WARNING] Bybit price failed (You have breached the ip rate limit or your ip is from the usa. (ErrCode: 403) (ErrTime: 21:57:34).
Request → GET https://api.bybit.com/v5/market/tickers: category=spot&symbol=ETHUSDT.); trying Coinbase
2026-08-10 21:57:34,550 [INFO] ETHUSDT px=1872.9650 avg=1908.3191 tp=1936.9439 sl=1679.3209 next_so=1820.7049 (SO 2/4)
2026-08-10 21:57:34,550 [INFO] Single tick complete (GitHub Actions mode). State saved.
2026-08-10 22:40:36,728 [INFO] === CAPITAL RULES ===
2026-08-10 22:40:36,728 [INFO] Total capital: 1000.00 USDT
2026-08-10 22:40:36,728 [INFO] Per-deal budget: 30.00 USDT (3.0% of capital)
2026-08-10 22:40:36,728 [INFO] Base order: 3.29 USDT, up to 4 safety orders
2026-08-10 22:40:36,728 [INFO] Worst-case loss per deal: 3.60 USDT (0.36% of capital)
2026-08-10 22:40:36,729 [INFO] Max total exposure: 6.0% of capital
2026-08-10 22:40:36,848 [WARNING] Bybit price failed (You have breached the ip rate limit or your ip is from the usa. (ErrCode: 403) (ErrTime: 22:40:36).
Request → GET https://api.bybit.com/v5/market/tickers: category=spot&symbol=BTCUSDT.); trying Coinbase
2026-08-10 22:40:36,894 [INFO] BTCUSDT px=63892.7950 avg=64911.5994 tp=65885.2734 sl=57122.2074 next_so=61770.2458 (SO 2/4)
2026-08-10 22:40:36,898 [WARNING] Bybit price failed (You have breached the ip rate limit or your ip is from the usa. (ErrCode: 403) (ErrTime: 22:40:36).
Request → GET https://api.bybit.com/v5/market/tickers: category=spot&symbol=ETHUSDT.); trying Coinbase
2026-08-10 22:40:36,943 [INFO] ETHUSDT px=1872.1850 avg=1908.3191 tp=1936.9439 sl=1679.3209 next_so=1820.7049 (SO 2/4)
2026-08-10 22:40:36,943 [INFO] Single tick complete (GitHub Actions mode). State saved.
2026-08-10 23:18:12,250 [INFO] === CAPITAL RULES ===
2026-08-10 23:18:12,250 [INFO] Total capital: 1000.00 USDT
2026-08-10 23:18:12,250 [INFO] Per-deal budget: 30.00 USDT (3.0% of capital)
2026-08-10 23:18:12,250 [INFO] Base order: 3.29 USDT, up to 4 safety orders
2026-08-10 23:18:12,250 [INFO] Worst-case loss per deal: 3.60 USDT (0.36% of capital)
2026-08-10 23:18:12,250 [INFO] Max total exposure: 6.0% of capital
2026-08-10 23:18:12,453 [WARNING] Bybit price failed (You have breached the ip rate limit or your ip is from the usa. (ErrCode: 403) (ErrTime: 23:18:12).
Request → GET https://api.bybit.com/v5/market/tickers: category=spot&symbol=BTCUSDT.); trying Coinbase
2026-08-10 23:18:12,579 [INFO] BTCUSDT px=63939.4850 avg=64911.5994 tp=65885.2734 sl=57122.2074 next_so=61770.2458 (SO 2/4)
2026-08-10 23:18:12,584 [WARNING] Bybit price failed (You have breached the ip rate limit or your ip is from the usa. (ErrCode: 403) (ErrTime: 23:18:12).
Request → GET https://api.bybit.com/v5/market/tickers: category=spot&symbol=ETHUSDT.); trying Coinbase
2026-08-10 23:18:12,623 [INFO] ETHUSDT px=1873.3350 avg=1908.3191 tp=1936.9439 sl=1679.3209 next_so=1820.7049 (SO 2/4)
2026-08-10 23:18:12,624 [INFO] Single tick complete (GitHub Actions mode). State saved.
2026-08-10 23:59:43,906 [INFO] === CAPITAL RULES ===
2026-08-10 23:59:43,906 [INFO] Total capital: 1000.00 USDT
2026-08-10 23:59:43,906 [INFO] Per-deal budget: 30.00 USDT (3.0% of capital)
2026-08-10 23:59:43,906 [INFO] Base order: 3.29 USDT, up to 4 safety orders
2026-08-10 23:59:43,906 [INFO] Worst-case loss per deal: 3.60 USDT (0.36% of capital)
2026-08-10 23:59:43,906 [INFO] Max total exposure: 6.0% of capital
2026-08-10 23:59:44,091 [WARNING] Bybit price failed (You have breached the ip rate limit or your ip is from the usa. (ErrCode: 403) (ErrTime: 23:59:44).
Request → GET https://api.bybit.com/v5/market/tickers: category=spot&symbol=BTCUSDT.); trying Coinbase
2026-08-10 23:59:44,178 [INFO] BTCUSDT px=63911.8750 avg=64911.5994 tp=65885.2734 sl=57122.2074 next_so=61770.2458 (SO 2/4)
2026-08-10 23:59:44,183 [WARNING] Bybit price failed (You have breached the ip rate limit or your ip is from the usa. (ErrCode: 403) (ErrTime: 23:59:44).
Request → GET https://api.bybit.com/v5/market/tickers: category=spot&symbol=ETHUSDT.); trying Coinbase
2026-08-10 23:59:44,282 [INFO] ETHUSDT px=1871.2600 avg=1908.3191 tp=1936.9439 sl=1679.3209 next_so=1820.7049 (SO 2/4)
2026-08-10 23:59:44,282 [INFO] Single tick complete (GitHub Actions mode). State saved.
2026-08-11 02:19:30,284 [INFO] === CAPITAL RULES ===
2026-08-11 02:19:30,284 [INFO] Total capital: 1000.00 USDT
2026-08-11 02:19:30,284 [INFO] Per-deal budget: 30.00 USDT (3.0% of capital)
2026-08-11 02:19:30,284 [INFO] Base order: 3.29 USDT, up to 4 safety orders
2026-08-11 02:19:30,284 [INFO] Worst-case loss per deal: 3.60 USDT (0.36% of capital)
2026-08-11 02:19:30,284 [INFO] Max total exposure: 6.0% of capital
2026-08-11 02:19:30,465 [WARNING] Bybit price failed (You have breached the ip rate limit or your ip is from the usa. (ErrCode: 403) (ErrTime: 02:19:30).
Request → GET https://api.bybit.com/v5/market/tickers: category=spot&symbol=BTCUSDT.); trying Coinbase
2026-08-11 02:19:30,526 [INFO] BTCUSDT px=63998.3550 avg=64911.5994 tp=65885.2734 sl=57122.2074 next_so=61770.2458 (SO 2/4)
2026-08-11 02:19:30,530 [WARNING] Bybit price failed (You have breached the ip rate limit or your ip is from the usa. (ErrCode: 403) (ErrTime: 02:19:30).
Request → GET https://api.bybit.com/v5/market/tickers: category=spot&symbol=ETHUSDT.); trying Coinbase
2026-08-11 02:19:30,572 [INFO] ETHUSDT px=1876.3250 avg=1908.3191 tp=1936.9439 sl=1679.3209 next_so=1820.7049 (SO 2/4)
2026-08-11 02:19:30,572 [INFO] Single tick complete (GitHub Actions mode). State saved.
2026-08-11 03:59:11,748 [INFO] === CAPITAL RULES ===
2026-08-11 03:59:11,748 [INFO] Total capital: 1000.00 USDT
2026-08-11 03:59:11,748 [INFO] Per-deal budget: 30.00 USDT (3.0% of capital)
2026-08-11 03:59:11,748 [INFO] Base order: 3.29 USDT, up to 4 safety orders
2026-08-11 03:59:11,748 [INFO] Worst-case loss per deal: 3.60 USDT (0.36% of capital)
2026-08-11 03:59:11,748 [INFO] Max total exposure: 6.0% of capital
2026-08-11 03:59:11,950 [WARNING] Bybit price failed (You have breached the ip rate limit or your ip is from the usa. (ErrCode: 403) (ErrTime: 03:59:11).
Request → GET https://api.bybit.com/v5/market/tickers: category=spot&symbol=BTCUSDT.); trying Coinbase
2026-08-11 03:59:12,104 [INFO] BTCUSDT px=64073.6250 avg=64911.5994 tp=65885.2734 sl=57122.2074 next_so=61770.2458 (SO 2/4)
2026-08-11 03:59:12,112 [WARNING] Bybit price failed (You have breached the ip rate limit or your ip is from the usa. (ErrCode: 403) (ErrTime: 03:59:12).
Request → GET https://api.bybit.com/v5/market/tickers: category=spot&symbol=ETHUSDT.); trying Coinbase
2026-08-11 03:59:12,162 [INFO] ETHUSDT px=1879.3300 avg=1908.3191 tp=1936.9439 sl=1679.3209 next_so=1820.7049 (SO 2/4)
2026-08-11 03:59:12,162 [INFO] Single tick complete (GitHub Actions mode). State saved.
2026-08-11 05:15:49,014 [INFO] === CAPITAL RULES ===
2026-08-11 05:15:49,014 [INFO] Total capital: 1000.00 USDT
2026-08-11 05:15:49,015 [INFO] Per-deal budget: 30.00 USDT (3.0% of capital)
2026-08-11 05:15:49,015 [INFO] Base order: 3.29 USDT, up to 4 safety orders
2026-08-11 05:15:49,015 [INFO] Worst-case loss per deal: 3.60 USDT (0.36% of capital)
2026-08-11 05:15:49,015 [INFO] Max total exposure: 6.0% of capital
2026-08-11 05:15:49,149 [WARNING] Bybit price failed (You have breached the ip rate limit or your ip is from the usa. (ErrCode: 403) (ErrTime: 05:15:49).
Request → GET https://api.bybit.com/v5/market/tickers: category=spot&symbol=BTCUSDT.); trying Coinbase
2026-08-11 05:15:49,324 [INFO] BTCUSDT px=63984.6750 avg=64911.5994 tp=65885.2734 sl=57122.2074 next_so=61770.2458 (SO 2/4)
2026-08-11 05:15:49,341 [WARNING] Bybit price failed (You have breached the ip rate limit or your ip is from the usa. (ErrCode: 403) (ErrTime: 05:15:49).
Request → GET https://api.bybit.com/v5/market/tickers: category=spot&symbol=ETHUSDT.); trying Coinbase
2026-08-11 05:15:49,414 [INFO] ETHUSDT px=1875.1550 avg=1908.3191 tp=1936.9439 sl=1679.3209 next_so=1820.7049 (SO 2/4)
2026-08-11 05:15:49,414 [INFO] Single tick complete (GitHub Actions mode). State saved.
2026-08-11 06:13:26,487 [INFO] === CAPITAL RULES ===
2026-08-11 06:13:26,487 [INFO] Total capital: 1000.00 USDT
2026-08-11 06:13:26,488 [INFO] Per-deal budget: 30.00 USDT (3.0% of capital)
2026-08-11 06:13:26,488 [INFO] Base order: 3.29 USDT, up to 4 safety orders
2026-08-11 06:13:26,488 [INFO] Worst-case loss per deal: 3.60 USDT (0.36% of capital)
2026-08-11 06:13:26,488 [INFO] Max total exposure: 6.0% of capital
2026-08-11 06:13:26,595 [WARNING] Bybit price failed (You have breached the ip rate limit or your ip is from the usa. (ErrCode: 403) (ErrTime: 06:13:26).
Request → GET https://api.bybit.com/v5/market/tickers: category=spot&symbol=BTCUSDT.); trying Coinbase
2026-08-11 06:13:26,638 [INFO] BTCUSDT px=63979.5850 avg=64911.5994 tp=65885.2734 sl=57122.2074 next_so=61770.2458 (SO 2/4)
2026-08-11 06:13:26,642 [WARNING] Bybit price failed (You have breached the ip rate limit or your ip is from the usa. (ErrCode: 403) (ErrTime: 06:13:26).
Request → GET https://api.bybit.com/v5/market/tickers: category=spot&symbol=ETHUSDT.); trying Coinbase
2026-08-11 06:13:26,680 [INFO] ETHUSDT px=1873.1850 avg=1908.3191 tp=1936.9439 sl=1679.3209 next_so=1820.7049 (SO 2/4)
2026-08-11 06:13:26,680 [INFO] Single tick complete (GitHub Actions mode). State saved.
2026-08-11 07:38:58,699 [INFO] === CAPITAL RULES ===
2026-08-11 07:38:58,700 [INFO] Total capital: 1000.00 USDT
2026-08-11 07:38:58,700 [INFO] Per-deal budget: 30.00 USDT (3.0% of capital)
2026-08-11 07:38:58,700 [INFO] Base order: 3.29 USDT, up to 4 safety orders
2026-08-11 07:38:58,700 [INFO] Worst-case loss per deal: 3.60 USDT (0.36% of capital)
2026-08-11 07:38:58,700 [INFO] Max total exposure: 6.0% of capital
2026-08-11 07:38:58,768 [WARNING] Bybit price failed (You have breached the ip rate limit or your ip is from the usa. (ErrCode: 403) (ErrTime: 07:38:58).
Request → GET https://api.bybit.com/v5/market/tickers: category=spot&symbol=BTCUSDT.); trying Coinbase
2026-08-11 07:38:58,818 [INFO] BTCUSDT px=64006.0900 avg=64911.5994 tp=65885.2734 sl=57122.2074 next_so=61770.2458 (SO 2/4)
2026-08-11 07:38:58,821 [WARNING] Bybit price failed (You have breached the ip rate limit or your ip is from the usa. (ErrCode: 403) (ErrTime: 07:38:58).
Request → GET https://api.bybit.com/v5/market/tickers: category=spot&symbol=ETHUSDT.); trying Coinbase
2026-08-11 07:38:58,861 [INFO] ETHUSDT px=1876.7300 avg=1908.3191 tp=1936.9439 sl=1679.3209 next_so=1820.7049 (SO 2/4)
2026-08-11 07:38:58,861 [INFO] Single tick complete (GitHub Actions mode). State saved.
2026-08-11 08:37:09,077 [INFO] === CAPITAL RULES ===
2026-08-11 08:37:09,077 [INFO] Total capital: 1000.00 USDT
2026-08-11 08:37:09,077 [INFO] Per-deal budget: 30.00 USDT (3.0% of capital)
2026-08-11 08:37:09,077 [INFO] Base order: 3.29 USDT, up to 4 safety orders
2026-08-11 08:37:09,077 [INFO] Worst-case loss per deal: 3.60 USDT (0.36% of capital)
2026-08-11 08:37:09,077 [INFO] Max total exposure: 6.0% of capital
2026-08-11 08:37:09,163 [WARNING] Bybit price failed (You have breached the ip rate limit or your ip is from the usa. (ErrCode: 403) (ErrTime: 08:37:09).
Request → GET https://api.bybit.com/v5/market/tickers: category=spot&symbol=BTCUSDT.); trying Coinbase
2026-08-11 08:37:09,223 [INFO] BTCUSDT px=63991.1650 avg=64911.5994 tp=65885.2734 sl=57122.2074 next_so=61770.2458 (SO 2/4)
2026-08-11 08:37:09,227 [WARNING] Bybit price failed (You have breached the ip rate limit or your ip is from the usa. (ErrCode: 403) (ErrTime: 08:37:09).
Request → GET https://api.bybit.com/v5/market/tickers: category=spot&symbol=ETHUSDT.); trying Coinbase
2026-08-11 08:37:09,267 [INFO] ETHUSDT px=1875.0650 avg=1908.3191 tp=1936.9439 sl=1679.3209 next_so=1820.7049 (SO 2/4)
2026-08-11 08:37:09,267 [INFO] Single tick complete (GitHub Actions mode). State saved.
2026-08-11 09:40:59,990 [INFO] === CAPITAL RULES ===
2026-08-11 09:40:59,990 [INFO] Total capital: 1000.00 USDT
2026-08-11 09:40:59,990 [INFO] Per-deal budget: 30.00 USDT (3.0% of capital)
2026-08-11 09:40:59,990 [INFO] Base order: 3.29 USDT, up to 4 safety orders
2026-08-11 09:40:59,990 [INFO] Worst-case loss per deal: 3.60 USDT (0.36% of capital)
2026-08-11 09:40:59,990 [INFO] Max total exposure: 6.0% of capital
2026-08-11 09:41:00,104 [WARNING] Bybit price failed (You have breached the ip rate limit or your ip is from the usa. (ErrCode: 403) (ErrTime: 09:41:00).
Request → GET https://api.bybit.com/v5/market/tickers: category=spot&symbol=BTCUSDT.); trying Coinbase
2026-08-11 09:41:00,162 [INFO] BTCUSDT px=64126.5900 avg=64911.5994 tp=65885.2734 sl=57122.2074 next_so=61770.2458 (SO 2/4)
2026-08-11 09:41:00,167 [WARNING] Bybit price failed (You have breached the ip rate limit or your ip is from the usa. (ErrCode: 403) (ErrTime: 09:41:00).
Request → GET https://api.bybit.com/v5/market/tickers: category=spot&symbol=ETHUSDT.); trying Coinbase
2026-08-11 09:41:00,206 [INFO] ETHUSDT px=1876.9050 avg=1908.3191 tp=1936.9439 sl=1679.3209 next_so=1820.7049 (SO 2/4)
2026-08-11 09:41:00,206 [INFO] Single tick complete (GitHub Actions mode). State saved.
2026-08-11 10:33:45,423 [INFO] === CAPITAL RULES ===
2026-08-11 10:33:45,423 [INFO] Total capital: 1000.00 USDT
2026-08-11 10:33:45,423 [INFO] Per-deal budget: 30.00 USDT (3.0% of capital)
2026-08-11 10:33:45,424 [INFO] Base order: 3.29 USDT, up to 4 safety orders
2026-08-11 10:33:45,424 [INFO] Worst-case loss per deal: 3.60 USDT (0.36% of capital)
2026-08-11 10:33:45,424 [INFO] Max total exposure: 6.0% of capital
2026-08-11 10:33:45,493 [WARNING] Bybit price failed (You have breached the ip rate limit or your ip is from the usa. (ErrCode: 403) (ErrTime: 10:33:45).
Request → GET https://api.bybit.com/v5/market/tickers: category=spot&symbol=BTCUSDT.); trying Coinbase
2026-08-11 10:33:45,542 [INFO] BTCUSDT px=64198.4550 avg=64911.5994 tp=65885.2734 sl=57122.2074 next_so=61770.2458 (SO 2/4)
2026-08-11 10:33:45,545 [WARNING] Bybit price failed (You have breached the ip rate limit or your ip is from the usa. (ErrCode: 403) (ErrTime: 10:33:45).
Request → GET https://api.bybit.com/v5/market/tickers: category=spot&symbol=ETHUSDT.); trying Coinbase
2026-08-11 10:33:45,581 [INFO] ETHUSDT px=1884.3750 avg=1908.3191 tp=1936.9439 sl=1679.3209 next_so=1820.7049 (SO 2/4)
2026-08-11 10:33:45,581 [INFO] Single tick complete (GitHub Actions mode). State saved.
2026-08-11 11:29:59,733 [INFO] === CAPITAL RULES ===
2026-08-11 11:29:59,733 [INFO] Total capital: 1000.00 USDT
2026-08-11 11:29:59,733 [INFO] Per-deal budget: 30.00 USDT (3.0% of capital)
2026-08-11 11:29:59,733 [INFO] Base order: 3.29 USDT, up to 4 safety orders
2026-08-11 11:29:59,733 [INFO] Worst-case loss per deal: 3.60 USDT (0.36% of capital)
2026-08-11 11:29:59,733 [INFO] Max total exposure: 6.0% of capital
2026-08-11 11:29:59,925 [WARNING] Bybit price failed (You have breached the ip rate limit or your ip is from the usa. (ErrCode: 403) (ErrTime: 11:29:59).
Request → GET https://api.bybit.com/v5/market/tickers: category=spot&symbol=BTCUSDT.); trying Coinbase
2026-08-11 11:30:00,069 [INFO] BTCUSDT px=64277.7150 avg=64911.5994 tp=65885.2734 sl=57122.2074 next_so=61770.2458 (SO 2/4)
2026-08-11 11:30:00,088 [WARNING] Bybit price failed (You have breached the ip rate limit or your ip is from the usa. (ErrCode: 403) (ErrTime: 11:30:00).
Request → GET https://api.bybit.com/v5/market/tickers: category=spot&symbol=ETHUSDT.); trying Coinbase
2026-08-11 11:30:00,174 [INFO] ETHUSDT px=1890.1350 avg=1908.3191 tp=1936.9439 sl=1679.3209 next_so=1820.7049 (SO 2/4)
2026-08-11 11:30:00,174 [INFO] Single tick complete (GitHub Actions mode). State saved.
2026-08-11 12:24:23,696 [INFO] === CAPITAL RULES ===
2026-08-11 12:24:23,697 [INFO] Total capital: 1000.00 USDT
2026-08-11 12:24:23,697 [INFO] Per-deal budget: 30.00 USDT (3.0% of capital)
2026-08-11 12:24:23,697 [INFO] Base order: 3.29 USDT, up to 4 safety orders
2026-08-11 12:24:23,697 [INFO] Worst-case loss per deal: 3.60 USDT (0.36% of capital)
2026-08-11 12:24:23,697 [INFO] Max total exposure: 6.0% of capital
2026-08-11 12:24:23,883 [WARNING] Bybit price failed (You have breached the ip rate limit or your ip is from the usa. (ErrCode: 403) (ErrTime: 12:24:23).
Request → GET https://api.bybit.com/v5/market/tickers: category=spot&symbol=BTCUSDT.); trying Coinbase
2026-08-11 12:24:23,977 [INFO] BTCUSDT px=64257.3350 avg=64911.5994 tp=65885.2734 sl=57122.2074 next_so=61770.2458 (SO 2/4)
2026-08-11 12:24:23,981 [WARNING] Bybit price failed (You have breached the ip rate limit or your ip is from the usa. (ErrCode: 403) (ErrTime: 12:24:23).
Request → GET https://api.bybit.com/v5/market/tickers: category=spot&symbol=ETHUSDT.); trying Coinbase
2026-08-11 12:24:24,024 [INFO] ETHUSDT px=1889.3050 avg=1908.3191 tp=1936.9439 sl=1679.3209 next_so=1820.7049 (SO 2/4)
2026-08-11 12:24:24,025 [INFO] Single tick complete (GitHub Actions mode). State saved.
2026-08-11 13:52:38,207 [INFO] === CAPITAL RULES ===
2026-08-11 13:52:38,207 [INFO] Total capital: 1000.00 USDT
2026-08-11 13:52:38,207 [INFO] Per-deal budget: 30.00 USDT (3.0% of capital)
2026-08-11 13:52:38,207 [INFO] Base order: 3.29 USDT, up to 4 safety orders
2026-08-11 13:52:38,207 [INFO] Worst-case loss per deal: 3.60 USDT (0.36% of capital)
2026-08-11 13:52:38,207 [INFO] Max total exposure: 6.0% of capital
2026-08-11 13:52:38,357 [WARNING] Bybit price failed (You have breached the ip rate limit or your ip is from the usa. (ErrCode: 403) (ErrTime: 13:52:38).
Request → GET https://api.bybit.com/v5/market/tickers: category=spot&symbol=BTCUSDT.); trying Coinbase
2026-08-11 13:52:38,414 [INFO] BTCUSDT px=64022.6550 avg=64911.5994 tp=65885.2734 sl=57122.2074 next_so=61770.2458 (SO 2/4)
2026-08-11 13:52:38,418 [WARNING] Bybit price failed (You have breached the ip rate limit or your ip is from the usa. (ErrCode: 403) (ErrTime: 13:52:38).
Request → GET https://api.bybit.com/v5/market/tickers: category=spot&symbol=ETHUSDT.); trying Coinbase
2026-08-11 13:52:38,464 [INFO] ETHUSDT px=1886.6550 avg=1908.3191 tp=1936.9439 sl=1679.3209 next_so=1820.7049 (SO 2/4)
2026-08-11 13:52:38,464 [INFO] Single tick complete (GitHub Actions mode). State saved.
2026-08-11 14:54:46,424 [INFO] === CAPITAL RULES ===
2026-08-11 14:54:46,424 [INFO] Total capital: 1000.00 USDT
2026-08-11 14:54:46,424 [INFO] Per-deal budget: 30.00 USDT (3.0% of capital)
2026-08-11 14:54:46,424 [INFO] Base order: 3.29 USDT, up to 4 safety orders
2026-08-11 14:54:46,424 [INFO] Worst-case loss per deal: 3.60 USDT (0.36% of capital)
2026-08-11 14:54:46,424 [INFO] Max total exposure: 6.0% of capital
2026-08-11 14:54:46,536 [WARNING] Bybit price failed (You have breached the ip rate limit or your ip is from the usa. (ErrCode: 403) (ErrTime: 14:54:46).
Request → GET https://api.bybit.com/v5/market/tickers: category=spot&symbol=BTCUSDT.); trying Coinbase
2026-08-11 14:54:46,590 [INFO] BTCUSDT px=63689.3650 avg=64911.5994 tp=65885.2734 sl=57122.2074 next_so=61770.2458 (SO 2/4)
2026-08-11 14:54:46,594 [WARNING] Bybit price failed (You have breached the ip rate limit or your ip is from the usa. (ErrCode: 403) (ErrTime: 14:54:46).
Request → GET https://api.bybit.com/v5/market/tickers: category=spot&symbol=ETHUSDT.); trying Coinbase
2026-08-11 14:54:46,645 [INFO] ETHUSDT px=1871.7000 avg=1908.3191 tp=1936.9439 sl=1679.3209 next_so=1820.7049 (SO 2/4)
2026-08-11 14:54:46,645 [INFO] Single tick complete (GitHub Actions mode). State saved.
2026-08-11 15:58:18,810 [INFO] === CAPITAL RULES ===
2026-08-11 15:58:18,811 [INFO] Total capital: 1000.00 USDT
2026-08-11 15:58:18,811 [INFO] Per-deal budget: 30.00 USDT (3.0% of capital)
2026-08-11 15:58:18,811 [INFO] Base order: 3.29 USDT, up to 4 safety orders
2026-08-11 15:58:18,811 [INFO] Worst-case loss per deal: 3.60 USDT (0.36% of capital)
2026-08-11 15:58:18,811 [INFO] Max total exposure: 6.0% of capital
2026-08-11 15:58:18,957 [WARNING] Bybit price failed (You have breached the ip rate limit or your ip is from the usa. (ErrCode: 403) (ErrTime: 15:58:18).
Request → GET https://api.bybit.com/v5/market/tickers: category=spot&symbol=BTCUSDT.); trying Coinbase
2026-08-11 15:58:19,057 [INFO] BTCUSDT px=63473.3800 avg=64911.5994 tp=65885.2734 sl=57122.2074 next_so=61770.2458 (SO 2/4)
2026-08-11 15:58:19,068 [WARNING] Bybit price failed (You have breached the ip rate limit or your ip is from the usa. (ErrCode: 403) (ErrTime: 15:58:19).
Request → GET https://api.bybit.com/v5/market/tickers: category=spot&symbol=ETHUSDT.); trying Coinbase
2026-08-11 15:58:19,209 [INFO] ETHUSDT px=1858.7750 avg=1908.3191 tp=1936.9439 sl=1679.3209 next_so=1820.7049 (SO 2/4)
2026-08-11 15:58:19,209 [INFO] Single tick complete (GitHub Actions mode). State saved.
2026-08-11 17:01:50,551 [INFO] === CAPITAL RULES ===
2026-08-11 17:01:50,551 [INFO] Total capital: 1000.00 USDT
2026-08-11 17:01:50,551 [INFO] Per-deal budget: 30.00 USDT (3.0% of capital)
2026-08-11 17:01:50,551 [INFO] Base order: 3.29 USDT, up to 4 safety orders
2026-08-11 17:01:50,551 [INFO] Worst-case loss per deal: 3.60 USDT (0.36% of capital)
2026-08-11 17:01:50,551 [INFO] Max total exposure: 6.0% of capital
2026-08-11 17:01:50,713 [WARNING] Bybit price failed (You have breached the ip rate limit or your ip is from the usa. (ErrCode: 403) (ErrTime: 17:01:50).
Request → GET https://api.bybit.com/v5/market/tickers: category=spot&symbol=BTCUSDT.); trying Coinbase
2026-08-11 17:01:50,777 [INFO] BTCUSDT px=63447.9350 avg=64911.5994 tp=65885.2734 sl=57122.2074 next_so=61770.2458 (SO 2/4)
2026-08-11 17:01:50,785 [WARNING] Bybit price failed (You have breached the ip rate limit or your ip is from the usa. (ErrCode: 403) (ErrTime: 17:01:50).
Request → GET https://api.bybit.com/v5/market/tickers: category=spot&symbol=ETHUSDT.); trying Coinbase
2026-08-11 17:01:50,839 [INFO] ETHUSDT px=1863.7850 avg=1908.3191 tp=1936.9439 sl=1679.3209 next_so=1820.7049 (SO 2/4)
2026-08-11 17:01:50,839 [INFO] Single tick complete (GitHub Actions mode). State saved.
2026-08-11 18:05:42,387 [INFO] === CAPITAL RULES ===
2026-08-11 18:05:42,387 [INFO] Total capital: 1000.00 USDT
2026-08-11 18:05:42,387 [INFO] Per-deal budget: 30.00 USDT (3.0% of capital)
2026-08-11 18:05:42,387 [INFO] Base order: 3.29 USDT, up to 4 safety orders
2026-08-11 18:05:42,387 [INFO] Worst-case loss per deal: 3.60 USDT (0.36% of capital)
2026-08-11 18:05:42,387 [INFO] Max total exposure: 6.0% of capital
2026-08-11 18:05:42,556 [WARNING] Bybit price failed (You have breached the ip rate limit or your ip is from the usa. (ErrCode: 403) (ErrTime: 18:05:42).
Request → GET https://api.bybit.com/v5/market/tickers: category=spot&symbol=BTCUSDT.); trying Coinbase
2026-08-11 18:05:42,709 [INFO] BTCUSDT px=63526.2350 avg=64911.5994 tp=65885.2734 sl=57122.2074 next_so=61770.2458 (SO 2/4)
2026-08-11 18:05:42,713 [WARNING] Bybit price failed (You have breached the ip rate limit or your ip is from the usa. (ErrCode: 403) (ErrTime: 18:05:42).
Request → GET https://api.bybit.com/v5/market/tickers: category=spot&symbol=ETHUSDT.); trying Coinbase
2026-08-11 18:05:42,758 [INFO] ETHUSDT px=1862.3150 avg=1908.3191 tp=1936.9439 sl=1679.3209 next_so=1820.7049 (SO 2/4)
2026-08-11 18:05:42,758 [INFO] Single tick complete (GitHub Actions mode). State saved.
2026-08-11 19:18:45,474 [INFO] === CAPITAL RULES ===
2026-08-11 19:18:45,474 [INFO] Total capital: 1000.00 USDT
2026-08-11 19:18:45,474 [INFO] Per-deal budget: 30.00 USDT (3.0% of capital)
2026-08-11 19:18:45,474 [INFO] Base order: 3.29 USDT, up to 4 safety orders
2026-08-11 19:18:45,475 [INFO] Worst-case loss per deal: 3.60 USDT (0.36% of capital)
2026-08-11 19:18:45,475 [INFO] Max total exposure: 6.0% of capital
2026-08-11 19:18:45,641 [WARNING] Bybit price failed (You have breached the ip rate limit or your ip is from the usa. (ErrCode: 403) (ErrTime: 19:18:45).
Request → GET https://api.bybit.com/v5/market/tickers: category=spot&symbol=BTCUSDT.); trying Coinbase
2026-08-11 19:18:45,706 [INFO] BTCUSDT px=63237.3750 avg=64911.5994 tp=65885.2734 sl=57122.2074 next_so=61770.2458 (SO 2/4)
2026-08-11 19:18:45,717 [WARNING] Bybit price failed (You have breached the ip rate limit or your ip is from the usa. (ErrCode: 403) (ErrTime: 19:18:45).
Request → GET https://api.bybit.com/v5/market/tickers: category=spot&symbol=ETHUSDT.); trying Coinbase
2026-08-11 19:18:45,774 [INFO] ETHUSDT px=1863.0250 avg=1908.3191 tp=1936.9439 sl=1679.3209 next_so=1820.7049 (SO 2/4)
2026-08-11 19:18:45,775 [INFO] Single tick complete (GitHub Actions mode). State saved.
2026-08-11 20:09:19,461 [INFO] === CAPITAL RULES ===
2026-08-11 20:09:19,461 [INFO] Total capital: 1000.00 USDT
2026-08-11 20:09:19,461 [INFO] Per-deal budget: 30.00 USDT (3.0% of capital)
2026-08-11 20:09:19,461 [INFO] Base order: 3.29 USDT, up to 4 safety orders
2026-08-11 20:09:19,461 [INFO] Worst-case loss per deal: 3.60 USDT (0.36% of capital)
2026-08-11 20:09:19,461 [INFO] Max total exposure: 6.0% of capital
2026-08-11 20:09:19,563 [WARNING] Bybit price failed (You have breached the ip rate limit or your ip is from the usa. (ErrCode: 403) (ErrTime: 20:09:19).
Request → GET https://api.bybit.com/v5/market/tickers: category=spot&symbol=BTCUSDT.); trying Coinbase
2026-08-11 20:09:19,674 [INFO] BTCUSDT px=63630.8050 avg=64911.5994 tp=65885.2734 sl=57122.2074 next_so=61770.2458 (SO 2/4)
2026-08-11 20:09:19,678 [WARNING] Bybit price failed (You have breached the ip rate limit or your ip is from the usa. (ErrCode: 403) (ErrTime: 20:09:19).
Request → GET https://api.bybit.com/v5/market/tickers: category=spot&symbol=ETHUSDT.); trying Coinbase
2026-08-11 20:09:19,794 [INFO] ETHUSDT px=1882.9850 avg=1908.3191 tp=1936.9439 sl=1679.3209 next_so=1820.7049 (SO 2/4)
2026-08-11 20:09:19,794 [INFO] Single tick complete (GitHub Actions mode). State saved.
2026-08-11 21:03:34,697 [INFO] === CAPITAL RULES ===
2026-08-11 21:03:34,698 [INFO] Total capital: 1000.00 USDT
2026-08-11 21:03:34,698 [INFO] Per-deal budget: 30.00 USDT (3.0% of capital)
2026-08-11 21:03:34,698 [INFO] Base order: 3.29 USDT, up to 4 safety orders
2026-08-11 21:03:34,698 [INFO] Worst-case loss per deal: 3.60 USDT (0.36% of capital)
2026-08-11 21:03:34,698 [INFO] Max total exposure: 6.0% of capital
2026-08-11 21:03:34,823 [WARNING] Bybit price failed (You have breached the ip rate limit or your ip is from the usa. (ErrCode: 403) (ErrTime: 21:03:34).
Request → GET https://api.bybit.com/v5/market/tickers: category=spot&symbol=BTCUSDT.); trying Coinbase
2026-08-11 21:03:34,956 [INFO] BTCUSDT px=63673.0350 avg=64911.5994 tp=65885.2734 sl=57122.2074 next_so=61770.2458 (SO 2/4)
2026-08-11 21:03:34,959 [WARNING] Bybit price failed (You have breached the ip rate limit or your ip is from the usa. (ErrCode: 403) (ErrTime: 21:03:34).
Request → GET https://api.bybit.com/v5/market/tickers: category=spot&symbol=ETHUSDT.); trying Coinbase
2026-08-11 21:03:35,035 [INFO] ETHUSDT px=1879.8750 avg=1908.3191 tp=1936.9439 sl=1679.3209 next_so=1820.7049 (SO 2/4)
2026-08-11 21:03:35,036 [INFO] Single tick complete (GitHub Actions mode). State saved.
2026-08-11 22:03:52,422 [INFO] === CAPITAL RULES ===
2026-08-11 22:03:52,422 [INFO] Total capital: 1000.00 USDT
2026-08-11 22:03:52,422 [INFO] Per-deal budget: 30.00 USDT (3.0% of capital)
2026-08-11 22:03:52,422 [INFO] Base order: 3.29 USDT, up to 4 safety orders
2026-08-11 22:03:52,422 [INFO] Worst-case loss per deal: 3.60 USDT (0.36% of capital)
2026-08-11 22:03:52,422 [INFO] Max total exposure: 6.0% of capital
2026-08-11 22:03:52,667 [WARNING] Bybit price failed (You have breached the ip rate limit or your ip is from the usa. (ErrCode: 403) (ErrTime: 22:03:52).
Request → GET https://api.bybit.com/v5/market/tickers: category=spot&symbol=BTCUSDT.); trying Coinbase
2026-08-11 22:03:52,746 [INFO] BTCUSDT px=63694.5500 avg=64911.5994 tp=65885.2734 sl=57122.2074 next_so=61770.2458 (SO 2/4)
2026-08-11 22:03:52,758 [WARNING] Bybit price failed (You have breached the ip rate limit or your ip is from the usa. (ErrCode: 403) (ErrTime: 22:03:52).
Request → GET https://api.bybit.com/v5/market/tickers: category=spot&symbol=ETHUSDT.); trying Coinbase
2026-08-11 22:03:52,853 [INFO] ETHUSDT px=1883.9250 avg=1908.3191 tp=1936.9439 sl=1679.3209 next_so=1820.7049 (SO 2/4)
2026-08-11 22:03:52,853 [INFO] Single tick complete (GitHub Actions mode). State saved.
2026-08-11 23:01:52,568 [INFO] === CAPITAL RULES ===
2026-08-11 23:01:52,568 [INFO] Total capital: 1000.00 USDT
2026-08-11 23:01:52,568 [INFO] Per-deal budget: 30.00 USDT (3.0% of capital)
2026-08-11 23:01:52,568 [INFO] Base order: 3.29 USDT, up to 4 safety orders
2026-08-11 23:01:52,568 [INFO] Worst-case loss per deal: 3.60 USDT (0.36% of capital)
2026-08-11 23:01:52,568 [INFO] Max total exposure: 6.0% of capital
2026-08-11 23:01:52,764 [WARNING] Bybit price failed (You have breached the ip rate limit or your ip is from the usa. (ErrCode: 403) (ErrTime: 23:01:52).
Request → GET https://api.bybit.com/v5/market/tickers: category=spot&symbol=BTCUSDT.); trying Coinbase
2026-08-11 23:01:52,950 [INFO] BTCUSDT px=63574.3350 avg=64911.5994 tp=65885.2734 sl=57122.2074 next_so=61770.2458 (SO 2/4)
2026-08-11 23:01:52,970 [WARNING] Bybit price failed (You have breached the ip rate limit or your ip is from the usa. (ErrCode: 403) (ErrTime: 23:01:52).
Request → GET https://api.bybit.com/v5/market/tickers: category=spot&symbol=ETHUSDT.); trying Coinbase
2026-08-11 23:01:53,068 [INFO] ETHUSDT px=1879.1750 avg=1908.3191 tp=1936.9439 sl=1679.3209 next_so=1820.7049 (SO 2/4)
2026-08-11 23:01:53,069 [INFO] Single tick complete (GitHub Actions mode). State saved.
2026-08-11 23:59:14,313 [INFO] === CAPITAL RULES ===
2026-08-11 23:59:14,313 [INFO] Total capital: 1000.00 USDT
2026-08-11 23:59:14,313 [INFO] Per-deal budget: 30.00 USDT (3.0% of capital)
2026-08-11 23:59:14,313 [INFO] Base order: 3.29 USDT, up to 4 safety orders
2026-08-11 23:59:14,313 [INFO] Worst-case loss per deal: 3.60 USDT (0.36% of capital)
2026-08-11 23:59:14,313 [INFO] Max total exposure: 6.0% of capital
2026-08-11 23:59:14,435 [WARNING] Bybit price failed (You have breached the ip rate limit or your ip is from the usa. (ErrCode: 403) (ErrTime: 23:59:14).
Request → GET https://api.bybit.com/v5/market/tickers: category=spot&symbol=BTCUSDT.); trying Coinbase
2026-08-11 23:59:14,518 [INFO] BTCUSDT px=63540.0550 avg=64911.5994 tp=65885.2734 sl=57122.2074 next_so=61770.2458 (SO 2/4)
2026-08-11 23:59:14,522 [WARNING] Bybit price failed (You have breached the ip rate limit or your ip is from the usa. (ErrCode: 403) (ErrTime: 23:59:14).
Request → GET https://api.bybit.com/v5/market/tickers: category=spot&symbol=ETHUSDT.); trying Coinbase
2026-08-11 23:59:14,559 [INFO] ETHUSDT px=1881.1750 avg=1908.3191 tp=1936.9439 sl=1679.3209 next_so=1820.7049 (SO 2/4)
2026-08-11 23:59:14,559 [INFO] Single tick complete (GitHub Actions mode). State saved.
2026-08-12 02:33:52,894 [INFO] === CAPITAL RULES ===
2026-08-12 02:33:52,894 [INFO] Total capital: 1000.00 USDT
2026-08-12 02:33:52,894 [INFO] Per-deal budget: 30.00 USDT (3.0% of capital)
2026-08-12 02:33:52,894 [INFO] Base order: 3.29 USDT, up to 4 safety orders
2026-08-12 02:33:52,894 [INFO] Worst-case loss per deal: 3.60 USDT (0.36% of capital)
2026-08-12 02:33:52,894 [INFO] Max total exposure: 6.0% of capital
2026-08-12 02:33:53,098 [WARNING] Bybit price failed (You have breached the ip rate limit or your ip is from the usa. (ErrCode: 403) (ErrTime: 02:33:53).
Request → GET https://api.bybit.com/v5/market/tickers: category=spot&symbol=BTCUSDT.); trying Coinbase
2026-08-12 02:33:53,167 [INFO] BTCUSDT px=63787.4550 avg=64911.5994 tp=65885.2734 sl=57122.2074 next_so=61770.2458 (SO 2/4)
2026-08-12 02:33:53,174 [WARNING] Bybit price failed (You have breached the ip rate limit or your ip is from the usa. (ErrCode: 403) (ErrTime: 02:33:53).
Request → GET https://api.bybit.com/v5/market/tickers: category=spot&symbol=ETHUSDT.); trying Coinbase
2026-08-12 02:33:53,225 [INFO] ETHUSDT px=1883.9450 avg=1908.3191 tp=1936.9439 sl=1679.3209 next_so=1820.7049 (SO 2/4)
2026-08-12 02:33:53,225 [INFO] Single tick complete (GitHub Actions mode). State saved.
2026-08-12 04:26:47,687 [INFO] === CAPITAL RULES ===
2026-08-12 04:26:47,687 [INFO] Total capital: 1000.00 USDT
2026-08-12 04:26:47,688 [INFO] Per-deal budget: 30.00 USDT (3.0% of capital)
2026-08-12 04:26:47,688 [INFO] Base order: 3.29 USDT, up to 4 safety orders
2026-08-12 04:26:47,688 [INFO] Worst-case loss per deal: 3.60 USDT (0.36% of capital)
2026-08-12 04:26:47,688 [INFO] Max total exposure: 6.0% of capital
2026-08-12 04:26:47,919 [WARNING] Bybit price failed (You have breached the ip rate limit or your ip is from the usa. (ErrCode: 403) (ErrTime: 04:26:47).
Request → GET https://api.bybit.com/v5/market/tickers: category=spot&symbol=BTCUSDT.); trying Coinbase
2026-08-12 04:26:48,004 [INFO] BTCUSDT px=63794.4050 avg=64911.5994 tp=65885.2734 sl=57122.2074 next_so=61770.2458 (SO 2/4)
2026-08-12 04:26:48,018 [WARNING] Bybit price failed (You have breached the ip rate limit or your ip is from the usa. (ErrCode: 403) (ErrTime: 04:26:48).
Request → GET https://api.bybit.com/v5/market/tickers: category=spot&symbol=ETHUSDT.); trying Coinbase
2026-08-12 04:26:48,146 [INFO] ETHUSDT px=1889.9700 avg=1908.3191 tp=1936.9439 sl=1679.3209 next_so=1820.7049 (SO 2/4)
2026-08-12 04:26:48,146 [INFO] Single tick complete (GitHub Actions mode). State saved.
2026-08-12 05:55:28,985 [INFO] === CAPITAL RULES ===
2026-08-12 05:55:28,986 [INFO] Total capital: 1000.00 USDT
2026-08-12 05:55:28,986 [INFO] Per-deal budget: 30.00 USDT (3.0% of capital)
2026-08-12 05:55:28,986 [INFO] Base order: 3.29 USDT, up to 4 safety orders
2026-08-12 05:55:28,986 [INFO] Worst-case loss per deal: 3.60 USDT (0.36% of capital)
2026-08-12 05:55:28,986 [INFO] Max total exposure: 6.0% of capital
2026-08-12 05:55:29,094 [WARNING] Bybit price failed (You have breached the ip rate limit or your ip is from the usa. (ErrCode: 403) (ErrTime: 05:55:29).
Request → GET https://api.bybit.com/v5/market/tickers: category=spot&symbol=BTCUSDT.); trying Coinbase
2026-08-12 05:55:29,217 [INFO] BTCUSDT px=63752.5950 avg=64911.5994 tp=65885.2734 sl=57122.2074 next_so=61770.2458 (SO 2/4)
2026-08-12 05:55:29,220 [WARNING] Bybit price failed (You have breached the ip rate limit or your ip is from the usa. (ErrCode: 403) (ErrTime: 05:55:29).
Request → GET https://api.bybit.com/v5/market/tickers: category=spot&symbol=ETHUSDT.); trying Coinbase
2026-08-12 05:55:29,314 [INFO] ETHUSDT px=1889.5050 avg=1908.3191 tp=1936.9439 sl=1679.3209 next_so=1820.7049 (SO 2/4)
2026-08-12 05:55:29,314 [INFO] Single tick complete (GitHub Actions mode). State saved.
2026-08-12 07:20:55,429 [INFO] === CAPITAL RULES ===
2026-08-12 07:20:55,429 [INFO] Total capital: 1000.00 USDT
2026-08-12 07:20:55,429 [INFO] Per-deal budget: 30.00 USDT (3.0% of capital)
2026-08-12 07:20:55,429 [INFO] Base order: 3.29 USDT, up to 4 safety orders
2026-08-12 07:20:55,429 [INFO] Worst-case loss per deal: 3.60 USDT (0.36% of capital)
2026-08-12 07:20:55,429 [INFO] Max total exposure: 6.0% of capital
2026-08-12 07:20:55,576 [WARNING] Bybit price failed (You have breached the ip rate limit or your ip is from the usa. (ErrCode: 403) (ErrTime: 07:20:55).
Request → GET https://api.bybit.com/v5/market/tickers: category=spot&symbol=BTCUSDT.); trying Coinbase
2026-08-12 07:20:55,625 [INFO] BTCUSDT px=63661.9850 avg=64911.5994 tp=65885.2734 sl=57122.2074 next_so=61770.2458 (SO 2/4)
2026-08-12 07:20:55,630 [WARNING] Bybit price failed (You have breached the ip rate limit or your ip is from the usa. (ErrCode: 403) (ErrTime: 07:20:55).
Request → GET https://api.bybit.com/v5/market/tickers: category=spot&symbol=ETHUSDT.); trying Coinbase
2026-08-12 07:20:55,669 [INFO] ETHUSDT px=1888.3150 avg=1908.3191 tp=1936.9439 sl=1679.3209 next_so=1820.7049 (SO 2/4)
2026-08-12 07:20:55,669 [INFO] Single tick complete (GitHub Actions mode). State saved.
2026-08-12 08:46:08,028 [INFO] === CAPITAL RULES ===
2026-08-12 08:46:08,029 [INFO] Total capital: 1000.00 USDT
2026-08-12 08:46:08,029 [INFO] Per-deal budget: 30.00 USDT (3.0% of capital)
2026-08-12 08:46:08,029 [INFO] Base order: 3.29 USDT, up to 4 safety orders
2026-08-12 08:46:08,029 [INFO] Worst-case loss per deal: 3.60 USDT (0.36% of capital)
2026-08-12 08:46:08,029 [INFO] Max total exposure: 6.0% of capital
2026-08-12 08:46:08,161 [WARNING] Bybit price failed (You have breached the ip rate limit or your ip is from the usa. (ErrCode: 403) (ErrTime: 08:46:08).
Request → GET https://api.bybit.com/v5/market/tickers: category=spot&symbol=BTCUSDT.); trying Coinbase
2026-08-12 08:46:08,212 [INFO] BTCUSDT px=63714.5850 avg=64911.5994 tp=65885.2734 sl=57122.2074 next_so=61770.2458 (SO 2/4)
2026-08-12 08:46:08,217 [WARNING] Bybit price failed (You have breached the ip rate limit or your ip is from the usa. (ErrCode: 403) (ErrTime: 08:46:08).
Request → GET https://api.bybit.com/v5/market/tickers: category=spot&symbol=ETHUSDT.); trying Coinbase
2026-08-12 08:46:08,275 [INFO] ETHUSDT px=1889.3450 avg=1908.3191 tp=1936.9439 sl=1679.3209 next_so=1820.7049 (SO 2/4)
2026-08-12 08:46:08,275 [INFO] Single tick complete (GitHub Actions mode). State saved.
2026-08-12 09:59:14,527 [INFO] === CAPITAL RULES ===
2026-08-12 09:59:14,527 [INFO] Total capital: 1000.00 USDT
2026-08-12 09:59:14,527 [INFO] Per-deal budget: 30.00 USDT (3.0% of capital)
2026-08-12 09:59:14,527 [INFO] Base order: 3.29 USDT, up to 4 safety orders
2026-08-12 09:59:14,527 [INFO] Worst-case loss per deal: 3.60 USDT (0.36% of capital)
2026-08-12 09:59:14,527 [INFO] Max total exposure: 6.0% of capital
2026-08-12 09:59:14,601 [WARNING] Bybit price failed (You have breached the ip rate limit or your ip is from the usa. (ErrCode: 403) (ErrTime: 09:59:14).
Request → GET https://api.bybit.com/v5/market/tickers: category=spot&symbol=BTCUSDT.); trying Coinbase
2026-08-12 09:59:14,643 [INFO] BTCUSDT px=64044.4350 avg=64911.5994 tp=65885.2734 sl=57122.2074 next_so=61770.2458 (SO 2/4)
2026-08-12 09:59:14,647 [WARNING] Bybit price failed (You have breached the ip rate limit or your ip is from the usa. (ErrCode: 403) (ErrTime: 09:59:14).
Request → GET https://api.bybit.com/v5/market/tickers: category=spot&symbol=ETHUSDT.); trying Coinbase
2026-08-12 09:59:14,684 [INFO] ETHUSDT px=1904.1850 avg=1908.3191 tp=1936.9439 sl=1679.3209 next_so=1820.7049 (SO 2/4)
2026-08-12 09:59:14,684 [INFO] Single tick complete (GitHub Actions mode). State saved.
2026-08-12 11:04:38,346 [INFO] === CAPITAL RULES ===
2026-08-12 11:04:38,346 [INFO] Total capital: 1000.00 USDT
2026-08-12 11:04:38,346 [INFO] Per-deal budget: 30.00 USDT (3.0% of capital)
2026-08-12 11:04:38,346 [INFO] Base order: 3.29 USDT, up to 4 safety orders
2026-08-12 11:04:38,346 [INFO] Worst-case loss per deal: 3.60 USDT (0.36% of capital)
2026-08-12 11:04:38,346 [INFO] Max total exposure: 6.0% of capital
2026-08-12 11:04:38,517 [WARNING] Bybit price failed (You have breached the ip rate limit or your ip is from the usa. (ErrCode: 403) (ErrTime: 11:04:38).
Request → GET https://api.bybit.com/v5/market/tickers: category=spot&symbol=BTCUSDT.); trying Coinbase
2026-08-12 11:04:38,624 [INFO] BTCUSDT px=64070.3350 avg=64911.5994 tp=65885.2734 sl=57122.2074 next_so=61770.2458 (SO 2/4)
2026-08-12 11:04:38,635 [WARNING] Bybit price failed (You have breached the ip rate limit or your ip is from the usa. (ErrCode: 403) (ErrTime: 11:04:38).
Request → GET https://api.bybit.com/v5/market/tickers: category=spot&symbol=ETHUSDT.); trying Coinbase
2026-08-12 11:04:38,689 [INFO] ETHUSDT px=1906.8250 avg=1908.3191 tp=1936.9439 sl=1679.3209 next_so=1820.7049 (SO 2/4)
2026-08-12 11:04:38,689 [INFO] Single tick complete (GitHub Actions mode). State saved.
2026-08-12 11:57:53,339 [INFO] === CAPITAL RULES ===
2026-08-12 11:57:53,339 [INFO] Total capital: 1000.00 USDT
2026-08-12 11:57:53,339 [INFO] Per-deal budget: 30.00 USDT (3.0% of capital)
2026-08-12 11:57:53,339 [INFO] Base order: 3.29 USDT, up to 4 safety orders
2026-08-12 11:57:53,339 [INFO] Worst-case loss per deal: 3.60 USDT (0.36% of capital)
2026-08-12 11:57:53,339 [INFO] Max total exposure: 6.0% of capital
2026-08-12 11:57:53,516 [WARNING] Bybit price failed (You have breached the ip rate limit or your ip is from the usa. (ErrCode: 403) (ErrTime: 11:57:53).
Request → GET https://api.bybit.com/v5/market/tickers: category=spot&symbol=BTCUSDT.); trying Coinbase
2026-08-12 11:57:53,559 [INFO] BTCUSDT px=64169.9850 avg=64911.5994 tp=65885.2734 sl=57122.2074 next_so=61770.2458 (SO 2/4)
2026-08-12 11:57:53,563 [WARNING] Bybit price failed (You have breached the ip rate limit or your ip is from the usa. (ErrCode: 403) (ErrTime: 11:57:53).
Request → GET https://api.bybit.com/v5/market/tickers: category=spot&symbol=ETHUSDT.); trying Coinbase
2026-08-12 11:57:53,638 [INFO] ETHUSDT px=1912.6950 avg=1908.3191 tp=1936.9439 sl=1679.3209 next_so=1820.7049 (SO 2/4)
2026-08-12 11:57:53,638 [INFO] Single tick complete (GitHub Actions mode). State saved.
2026-08-12 13:17:37,008 [INFO] === CAPITAL RULES ===
2026-08-12 13:17:37,008 [INFO] Total capital: 1000.00 USDT
2026-08-12 13:17:37,008 [INFO] Per-deal budget: 30.00 USDT (3.0% of capital)
2026-08-12 13:17:37,008 [INFO] Base order: 3.29 USDT, up to 4 safety orders
2026-08-12 13:17:37,008 [INFO] Worst-case loss per deal: 3.60 USDT (0.36% of capital)
2026-08-12 13:17:37,008 [INFO] Max total exposure: 6.0% of capital
2026-08-12 13:17:37,167 [WARNING] Bybit price failed (You have breached the ip rate limit or your ip is from the usa. (ErrCode: 403) (ErrTime: 13:17:37).
Request → GET https://api.bybit.com/v5/market/tickers: category=spot&symbol=BTCUSDT.); trying Coinbase
2026-08-12 13:17:37,220 [INFO] BTCUSDT px=63932.4050 avg=64911.5994 tp=65885.2734 sl=57122.2074 next_so=61770.2458 (SO 2/4)
2026-08-12 13:17:37,229 [WARNING] Bybit price failed (You have breached the ip rate limit or your ip is from the usa. (ErrCode: 403) (ErrTime: 13:17:37).
Request → GET https://api.bybit.com/v5/market/tickers: category=spot&symbol=ETHUSDT.); trying Coinbase
2026-08-12 13:17:37,276 [INFO] ETHUSDT px=1907.2650 avg=1908.3191 tp=1936.9439 sl=1679.3209 next_so=1820.7049 (SO 2/4)
2026-08-12 13:17:37,276 [INFO] Single tick complete (GitHub Actions mode). State saved.
2026-08-12 14:34:56,920 [INFO] === CAPITAL RULES ===
2026-08-12 14:34:56,920 [INFO] Total capital: 1000.00 USDT
2026-08-12 14:34:56,920 [INFO] Per-deal budget: 30.00 USDT (3.0% of capital)
2026-08-12 14:34:56,920 [INFO] Base order: 3.29 USDT, up to 4 safety orders
2026-08-12 14:34:56,920 [INFO] Worst-case loss per deal: 3.60 USDT (0.36% of capital)
2026-08-12 14:34:56,920 [INFO] Max total exposure: 6.0% of capital
2026-08-12 14:34:57,096 [WARNING] Bybit price failed (You have breached the ip rate limit or your ip is from the usa. (ErrCode: 403) (ErrTime: 14:34:57).
Request → GET https://api.bybit.com/v5/market/tickers: category=spot&symbol=BTCUSDT.); trying Coinbase
2026-08-12 14:34:57,233 [INFO] BTCUSDT px=63514.6650 avg=64911.5994 tp=65885.2734 sl=57122.2074 next_so=61770.2458 (SO 2/4)
2026-08-12 14:34:57,255 [WARNING] Bybit price failed (You have breached the ip rate limit or your ip is from the usa. (ErrCode: 403) (ErrTime: 14:34:57).
Request → GET https://api.bybit.com/v5/market/tickers: category=spot&symbol=ETHUSDT.); trying Coinbase
2026-08-12 14:34:57,389 [INFO] ETHUSDT px=1887.2800 avg=1908.3191 tp=1936.9439 sl=1679.3209 next_so=1820.7049 (SO 2/4)
2026-08-12 14:34:57,389 [INFO] Single tick complete (GitHub Actions mode). State saved.
2026-08-12 15:37:18,962 [INFO] === CAPITAL RULES ===
2026-08-12 15:37:18,962 [INFO] Total capital: 1000.00 USDT
2026-08-12 15:37:18,962 [INFO] Per-deal budget: 30.00 USDT (3.0% of capital)
2026-08-12 15:37:18,962 [INFO] Base order: 3.29 USDT, up to 4 safety orders
2026-08-12 15:37:18,962 [INFO] Worst-case loss per deal: 3.60 USDT (0.36% of capital)
2026-08-12 15:37:18,962 [INFO] Max total exposure: 6.0% of capital
2026-08-12 15:37:19,031 [WARNING] Bybit price failed (You have breached the ip rate limit or your ip is from the usa. (ErrCode: 403) (ErrTime: 15:37:19).
Request → GET https://api.bybit.com/v5/market/tickers: category=spot&symbol=BTCUSDT.); trying Coinbase
2026-08-12 15:37:19,079 [INFO] BTCUSDT px=63446.5450 avg=64911.5994 tp=65885.2734 sl=57122.2074 next_so=61770.2458 (SO 2/4)
2026-08-12 15:37:19,083 [WARNING] Bybit price failed (You have breached the ip rate limit or your ip is from the usa. (ErrCode: 403) (ErrTime: 15:37:19).
Request → GET https://api.bybit.com/v5/market/tickers: category=spot&symbol=ETHUSDT.); trying Coinbase
2026-08-12 15:37:19,191 [INFO] ETHUSDT px=1893.4950 avg=1908.3191 tp=1936.9439 sl=1679.3209 next_so=1820.7049 (SO 2/4)
2026-08-12 15:37:19,191 [INFO] Single tick complete (GitHub Actions mode). State saved.
2026-08-12 16:35:35,640 [INFO] === CAPITAL RULES ===
2026-08-12 16:35:35,640 [INFO] Total capital: 1000.00 USDT
2026-08-12 16:35:35,640 [INFO] Per-deal budget: 30.00 USDT (3.0% of capital)
2026-08-12 16:35:35,640 [INFO] Base order: 3.29 USDT, up to 4 safety orders
2026-08-12 16:35:35,640 [INFO] Worst-case loss per deal: 3.60 USDT (0.36% of capital)
2026-08-12 16:35:35,640 [INFO] Max total exposure: 6.0% of capital
2026-08-12 16:35:35,729 [WARNING] Bybit price failed (You have breached the ip rate limit or your ip is from the usa. (ErrCode: 403) (ErrTime: 16:35:35).
Request → GET https://api.bybit.com/v5/market/tickers: category=spot&symbol=BTCUSDT.); trying Coinbase
2026-08-12 16:35:35,817 [INFO] BTCUSDT px=63476.3250 avg=64911.5994 tp=65885.2734 sl=57122.2074 next_so=61770.2458 (SO 2/4)
2026-08-12 16:35:35,822 [WARNING] Bybit price failed (You have breached the ip rate limit or your ip is from the usa. (ErrCode: 403) (ErrTime: 16:35:35).
Request → GET https://api.bybit.com/v5/market/tickers: category=spot&symbol=ETHUSDT.); trying Coinbase
2026-08-12 16:35:35,886 [INFO] ETHUSDT px=1891.4750 avg=1908.3191 tp=1936.9439 sl=1679.3209 next_so=1820.7049 (SO 2/4)
2026-08-12 16:35:35,886 [INFO] Single tick complete (GitHub Actions mode). State saved.
2026-08-12 17:41:23,564 [INFO] === CAPITAL RULES ===
2026-08-12 17:41:23,564 [INFO] Total capital: 1000.00 USDT
2026-08-12 17:41:23,564 [INFO] Per-deal budget: 30.00 USDT (3.0% of capital)
2026-08-12 17:41:23,564 [INFO] Base order: 3.29 USDT, up to 4 safety orders
2026-08-12 17:41:23,564 [INFO] Worst-case loss per deal: 3.60 USDT (0.36% of capital)
2026-08-12 17:41:23,564 [INFO] Max total exposure: 6.0% of capital
2026-08-12 17:41:23,634 [WARNING] Bybit price failed (You have breached the ip rate limit or your ip is from the usa. (ErrCode: 403) (ErrTime: 17:41:23).
Request → GET https://api.bybit.com/v5/market/tickers: category=spot&symbol=BTCUSDT.); trying Coinbase
2026-08-12 17:41:23,678 [INFO] BTCUSDT px=63409.3550 avg=64911.5994 tp=65885.2734 sl=57122.2074 next_so=61770.2458 (SO 2/4)
2026-08-12 17:41:23,681 [WARNING] Bybit price failed (You have breached the ip rate limit or your ip is from the usa. (ErrCode: 403) (ErrTime: 17:41:23).
Request → GET https://api.bybit.com/v5/market/tickers: category=spot&symbol=ETHUSDT.); trying Coinbase
2026-08-12 17:41:23,721 [INFO] ETHUSDT px=1886.7750 avg=1908.3191 tp=1936.9439 sl=1679.3209 next_so=1820.7049 (SO 2/4)
2026-08-12 17:41:23,721 [INFO] Single tick complete (GitHub Actions mode). State saved.
2026-08-12 18:36:37,070 [INFO] === CAPITAL RULES ===
2026-08-12 18:36:37,070 [INFO] Total capital: 1000.00 USDT
2026-08-12 18:36:37,071 [INFO] Per-deal budget: 30.00 USDT (3.0% of capital)
2026-08-12 18:36:37,071 [INFO] Base order: 3.29 USDT, up to 4 safety orders
2026-08-12 18:36:37,071 [INFO] Worst-case loss per deal: 3.60 USDT (0.36% of capital)
2026-08-12 18:36:37,071 [INFO] Max total exposure: 6.0% of capital
2026-08-12 18:36:37,136 [WARNING] Bybit price failed (You have breached the ip rate limit or your ip is from the usa. (ErrCode: 403) (ErrTime: 18:36:37).
Request → GET https://api.bybit.com/v5/market/tickers: category=spot&symbol=BTCUSDT.); trying Coinbase
2026-08-12 18:36:37,182 [INFO] BTCUSDT px=63417.6150 avg=64911.5994 tp=65885.2734 sl=57122.2074 next_so=61770.2458 (SO 2/4)
2026-08-12 18:36:37,185 [WARNING] Bybit price failed (You have breached the ip rate limit or your ip is from the usa. (ErrCode: 403) (ErrTime: 18:36:37).
Request → GET https://api.bybit.com/v5/market/tickers: category=spot&symbol=ETHUSDT.); trying Coinbase
2026-08-12 18:36:37,234 [INFO] ETHUSDT px=1887.2600 avg=1908.3191 tp=1936.9439 sl=1679.3209 next_so=1820.7049 (SO 2/4)
2026-08-12 18:36:37,235 [INFO] Single tick complete (GitHub Actions mode). State saved.
2026-08-12 19:47:26,925 [INFO] === CAPITAL RULES ===
2026-08-12 19:47:26,925 [INFO] Total capital: 1000.00 USDT
2026-08-12 19:47:26,925 [INFO] Per-deal budget: 30.00 USDT (3.0% of capital)
2026-08-12 19:47:26,925 [INFO] Base order: 3.29 USDT, up to 4 safety orders
2026-08-12 19:47:26,925 [INFO] Worst-case loss per deal: 3.60 USDT (0.36% of capital)
2026-08-12 19:47:26,925 [INFO] Max total exposure: 6.0% of capital
2026-08-12 19:47:27,177 [WARNING] Bybit price failed (You have breached the ip rate limit or your ip is from the usa. (ErrCode: 403) (ErrTime: 19:47:27).
Request → GET https://api.bybit.com/v5/market/tickers: category=spot&symbol=BTCUSDT.); trying Coinbase
2026-08-12 19:47:27,262 [INFO] BTCUSDT px=63257.8850 avg=64911.5994 tp=65885.2734 sl=57122.2074 next_so=61770.2458 (SO 2/4)
2026-08-12 19:47:27,277 [WARNING] Bybit price failed (You have breached the ip rate limit or your ip is from the usa. (ErrCode: 403) (ErrTime: 19:47:27).
Request → GET https://api.bybit.com/v5/market/tickers: category=spot&symbol=ETHUSDT.); trying Coinbase
2026-08-12 19:47:29,265 [INFO] ETHUSDT px=1877.3950 avg=1908.3191 tp=1936.9439 sl=1679.3209 next_so=1820.7049 (SO 2/4)
2026-08-12 19:47:29,266 [INFO] Single tick complete (GitHub Actions mode). State saved.
2026-08-12 20:39:45,641 [INFO] === CAPITAL RULES ===
2026-08-12 20:39:45,641 [INFO] Total capital: 1000.00 USDT
2026-08-12 20:39:45,642 [INFO] Per-deal budget: 30.00 USDT (3.0% of capital)
2026-08-12 20:39:45,642 [INFO] Base order: 3.29 USDT, up to 4 safety orders
2026-08-12 20:39:45,642 [INFO] Worst-case loss per deal: 3.60 USDT (0.36% of capital)
2026-08-12 20:39:45,642 [INFO] Max total exposure: 6.0% of capital
2026-08-12 20:39:45,771 [WARNING] Bybit price failed (You have breached the ip rate limit or your ip is from the usa. (ErrCode: 403) (ErrTime: 20:39:45).
Request → GET https://api.bybit.com/v5/market/tickers: category=spot&symbol=BTCUSDT.); trying Coinbase
2026-08-12 20:39:45,859 [INFO] BTCUSDT px=63505.5850 avg=64911.5994 tp=65885.2734 sl=57122.2074 next_so=61770.2458 (SO 2/4)
2026-08-12 20:39:45,862 [WARNING] Bybit price failed (You have breached the ip rate limit or your ip is from the usa. (ErrCode: 403) (ErrTime: 20:39:45).
Request → GET https://api.bybit.com/v5/market/tickers: category=spot&symbol=ETHUSDT.); trying Coinbase
2026-08-12 20:39:45,919 [INFO] ETHUSDT px=1885.1650 avg=1908.3191 tp=1936.9439 sl=1679.3209 next_so=1820.7049 (SO 2/4)
2026-08-12 20:39:45,919 [INFO] Single tick complete (GitHub Actions mode). State saved.
2026-08-12 21:27:21,446 [INFO] === CAPITAL RULES ===
2026-08-12 21:27:21,446 [INFO] Total capital: 1000.00 USDT
2026-08-12 21:27:21,446 [INFO] Per-deal budget: 30.00 USDT (3.0% of capital)
2026-08-12 21:27:21,446 [INFO] Base order: 3.29 USDT, up to 4 safety orders
2026-08-12 21:27:21,446 [INFO] Worst-case loss per deal: 3.60 USDT (0.36% of capital)
2026-08-12 21:27:21,446 [INFO] Max total exposure: 6.0% of capital
2026-08-12 21:27:21,489 [WARNING] Bybit price failed (You have breached the ip rate limit or your ip is from the usa. (ErrCode: 403) (ErrTime: 21:27:21).
Request → GET https://api.bybit.com/v5/market/tickers: category=spot&symbol=BTCUSDT.); trying Coinbase
2026-08-12 21:27:21,533 [INFO] BTCUSDT px=63423.8750 avg=64911.5994 tp=65885.2734 sl=57122.2074 next_so=61770.2458 (SO 2/4)
2026-08-12 21:27:21,537 [WARNING] Bybit price failed (You have breached the ip rate limit or your ip is from the usa. (ErrCode: 403) (ErrTime: 21:27:21).
Request → GET https://api.bybit.com/v5/market/tickers: category=spot&symbol=ETHUSDT.); trying Coinbase
2026-08-12 21:27:21,578 [INFO] ETHUSDT px=1877.6000 avg=1908.3191 tp=1936.9439 sl=1679.3209 next_so=1820.7049 (SO 2/4)
2026-08-12 21:27:21,578 [INFO] Single tick complete (GitHub Actions mode). State saved.
2026-08-12 22:11:10,078 [INFO] === CAPITAL RULES ===
2026-08-12 22:11:10,078 [INFO] Total capital: 1000.00 USDT
2026-08-12 22:11:10,078 [INFO] Per-deal budget: 30.00 USDT (3.0% of capital)
2026-08-12 22:11:10,078 [INFO] Base order: 3.29 USDT, up to 4 safety orders
2026-08-12 22:11:10,078 [INFO] Worst-case loss per deal: 3.60 USDT (0.36% of capital)
2026-08-12 22:11:10,078 [INFO] Max total exposure: 6.0% of capital
2026-08-12 22:11:10,164 [WARNING] Bybit price failed (You have breached the ip rate limit or your ip is from the usa. (ErrCode: 403) (ErrTime: 22:11:10).
Request → GET https://api.bybit.com/v5/market/tickers: category=spot&symbol=BTCUSDT.); trying Coinbase
2026-08-12 22:11:10,245 [INFO] BTCUSDT px=63424.0450 avg=64911.5994 tp=65885.2734 sl=57122.2074 next_so=61770.2458 (SO 2/4)
2026-08-12 22:11:10,249 [WARNING] Bybit price failed (You have breached the ip rate limit or your ip is from the usa. (ErrCode: 403) (ErrTime: 22:11:10).
Request → GET https://api.bybit.com/v5/market/tickers: category=spot&symbol=ETHUSDT.); trying Coinbase
2026-08-12 22:11:10,310 [INFO] ETHUSDT px=1877.9950 avg=1908.3191 tp=1936.9439 sl=1679.3209 next_so=1820.7049 (SO 2/4)
2026-08-12 22:11:10,310 [INFO] Single tick complete (GitHub Actions mode). State saved.
2026-08-12 23:00:59,638 [INFO] === CAPITAL RULES ===
2026-08-12 23:00:59,638 [INFO] Total capital: 1000.00 USDT
2026-08-12 23:00:59,638 [INFO] Per-deal budget: 30.00 USDT (3.0% of capital)
2026-08-12 23:00:59,638 [INFO] Base order: 3.29 USDT, up to 4 safety orders
2026-08-12 23:00:59,638 [INFO] Worst-case loss per deal: 3.60 USDT (0.36% of capital)
2026-08-12 23:00:59,638 [INFO] Max total exposure: 6.0% of capital
2026-08-12 23:00:59,788 [WARNING] Bybit price failed (You have breached the ip rate limit or your ip is from the usa. (ErrCode: 403) (ErrTime: 23:00:59).
Request → GET https://api.bybit.com/v5/market/tickers: category=spot&symbol=BTCUSDT.); trying Coinbase
2026-08-12 23:00:59,845 [INFO] BTCUSDT px=63346.5150 avg=64911.5994 tp=65885.2734 sl=57122.2074 next_so=61770.2458 (SO 2/4)
2026-08-12 23:00:59,849 [WARNING] Bybit price failed (You have breached the ip rate limit or your ip is from the usa. (ErrCode: 403) (ErrTime: 23:00:59).
Request → GET https://api.bybit.com/v5/market/tickers: category=spot&symbol=ETHUSDT.); trying Coinbase
2026-08-12 23:00:59,900 [INFO] ETHUSDT px=1876.7150 avg=1908.3191 tp=1936.9439 sl=1679.3209 next_so=1820.7049 (SO 2/4)
2026-08-12 23:00:59,900 [INFO] Single tick complete (GitHub Actions mode). State saved.
2026-08-12 23:56:56,299 [INFO] === CAPITAL RULES ===
2026-08-12 23:56:56,299 [INFO] Total capital: 1000.00 USDT
2026-08-12 23:56:56,300 [INFO] Per-deal budget: 30.00 USDT (3.0% of capital)
2026-08-12 23:56:56,300 [INFO] Base order: 3.29 USDT, up to 4 safety orders
2026-08-12 23:56:56,300 [INFO] Worst-case loss per deal: 3.60 USDT (0.36% of capital)
2026-08-12 23:56:56,300 [INFO] Max total exposure: 6.0% of capital
2026-08-12 23:56:56,542 [WARNING] Bybit price failed (You have breached the ip rate limit or your ip is from the usa. (ErrCode: 403) (ErrTime: 23:56:56).
Request → GET https://api.bybit.com/v5/market/tickers: category=spot&symbol=BTCUSDT.); trying Coinbase
2026-08-12 23:56:56,627 [INFO] BTCUSDT px=63352.3250 avg=64911.5994 tp=65885.2734 sl=57122.2074 next_so=61770.2458 (SO 2/4)
2026-08-12 23:56:56,635 [WARNING] Bybit price failed (You have breached the ip rate limit or your ip is from the usa. (ErrCode: 403) (ErrTime: 23:56:56).
Request → GET https://api.bybit.com/v5/market/tickers: category=spot&symbol=ETHUSDT.); trying Coinbase
2026-08-12 23:56:56,682 [INFO] ETHUSDT px=1877.5000 avg=1908.3191 tp=1936.9439 sl=1679.3209 next_so=1820.7049 (SO 2/4)
2026-08-12 23:56:56,682 [INFO] Single tick complete (GitHub Actions mode). State saved.
2026-08-13 02:04:58,888 [INFO] === CAPITAL RULES ===
2026-08-13 02:04:58,888 [INFO] Total capital: 1000.00 USDT
2026-08-13 02:04:58,888 [INFO] Per-deal budget: 30.00 USDT (3.0% of capital)
2026-08-13 02:04:58,888 [INFO] Base order: 3.29 USDT, up to 4 safety orders
2026-08-13 02:04:58,888 [INFO] Worst-case loss per deal: 3.60 USDT (0.36% of capital)
2026-08-13 02:04:58,888 [INFO] Max total exposure: 6.0% of capital
2026-08-13 02:04:59,117 [WARNING] Bybit price failed (You have breached the ip rate limit or your ip is from the usa. (ErrCode: 403) (ErrTime: 02:04:59).
Request → GET https://api.bybit.com/v5/market/tickers: category=spot&symbol=BTCUSDT.); trying Coinbase
2026-08-13 02:04:59,295 [INFO] BTCUSDT px=63381.6050 avg=64911.5994 tp=65885.2734 sl=57122.2074 next_so=61770.2458 (SO 2/4)
2026-08-13 02:04:59,309 [WARNING] Bybit price failed (You have breached the ip rate limit or your ip is from the usa. (ErrCode: 403) (ErrTime: 02:04:59).
Request → GET https://api.bybit.com/v5/market/tickers: category=spot&symbol=ETHUSDT.); trying Coinbase
2026-08-13 02:04:59,381 [INFO] ETHUSDT px=1875.7300 avg=1908.3191 tp=1936.9439 sl=1679.3209 next_so=1820.7049 (SO 2/4)
2026-08-13 02:04:59,381 [INFO] Single tick complete (GitHub Actions mode). State saved.
2026-08-13 04:20:27,663 [INFO] === CAPITAL RULES ===
2026-08-13 04:20:27,663 [INFO] Total capital: 1000.00 USDT
2026-08-13 04:20:27,664 [INFO] Per-deal budget: 30.00 USDT (3.0% of capital)
2026-08-13 04:20:27,664 [INFO] Base order: 3.29 USDT, up to 4 safety orders
2026-08-13 04:20:27,664 [INFO] Worst-case loss per deal: 3.60 USDT (0.36% of capital)
2026-08-13 04:20:27,664 [INFO] Max total exposure: 6.0% of capital
2026-08-13 04:20:27,886 [WARNING] Bybit price failed (You have breached the ip rate limit or your ip is from the usa. (ErrCode: 403) (ErrTime: 04:20:27).
Request → GET https://api.bybit.com/v5/market/tickers: category=spot&symbol=BTCUSDT.); trying Coinbase
2026-08-13 04:20:27,984 [INFO] BTCUSDT px=63557.3850 avg=64911.5994 tp=65885.2734 sl=57122.2074 next_so=61770.2458 (SO 2/4)
2026-08-13 04:20:27,995 [WARNING] Bybit price failed (You have breached the ip rate limit or your ip is from the usa. (ErrCode: 403) (ErrTime: 04:20:27).
Request → GET https://api.bybit.com/v5/market/tickers: category=spot&symbol=ETHUSDT.); trying Coinbase
2026-08-13 04:20:28,115 [INFO] ETHUSDT px=1884.5450 avg=1908.3191 tp=1936.9439 sl=1679.3209 next_so=1820.7049 (SO 2/4)
2026-08-13 04:20:28,115 [INFO] Single tick complete (GitHub Actions mode). State saved.
2026-08-13 05:54:55,041 [INFO] === CAPITAL RULES ===
2026-08-13 05:54:55,041 [INFO] Total capital: 1000.00 USDT
2026-08-13 05:54:55,042 [INFO] Per-deal budget: 30.00 USDT (3.0% of capital)
2026-08-13 05:54:55,042 [INFO] Base order: 3.29 USDT, up to 4 safety orders
2026-08-13 05:54:55,042 [INFO] Worst-case loss per deal: 3.60 USDT (0.36% of capital)
2026-08-13 05:54:55,042 [INFO] Max total exposure: 6.0% of capital
2026-08-13 05:54:55,142 [WARNING] Bybit price failed (You have breached the ip rate limit or your ip is from the usa. (ErrCode: 403) (ErrTime: 05:54:55).
Request → GET https://api.bybit.com/v5/market/tickers: category=spot&symbol=BTCUSDT.); trying Coinbase
2026-08-13 05:54:55,204 [INFO] BTCUSDT px=63830.1450 avg=64911.5994 tp=65885.2734 sl=57122.2074 next_so=61770.2458 (SO 2/4)
2026-08-13 05:54:55,208 [WARNING] Bybit price failed (You have breached the ip rate limit or your ip is from the usa. (ErrCode: 403) (ErrTime: 05:54:55).
Request → GET https://api.bybit.com/v5/market/tickers: category=spot&symbol=ETHUSDT.); trying Coinbase
2026-08-13 05:54:55,251 [INFO] ETHUSDT px=1894.7150 avg=1908.3191 tp=1936.9439 sl=1679.3209 next_so=1820.7049 (SO 2/4)
2026-08-13 05:54:55,252 [INFO] Single tick complete (GitHub Actions mode). State saved.
2026-08-13 07:21:33,117 [INFO] === CAPITAL RULES ===
2026-08-13 07:21:33,117 [INFO] Total capital: 1000.00 USDT
2026-08-13 07:21:33,117 [INFO] Per-deal budget: 30.00 USDT (3.0% of capital)
2026-08-13 07:21:33,118 [INFO] Base order: 3.29 USDT, up to 4 safety orders
2026-08-13 07:21:33,118 [INFO] Worst-case loss per deal: 3.60 USDT (0.36% of capital)
2026-08-13 07:21:33,118 [INFO] Max total exposure: 6.0% of capital
2026-08-13 07:21:33,172 [WARNING] Bybit price failed (You have breached the ip rate limit or your ip is from the usa. (ErrCode: 403) (ErrTime: 07:21:33).
Request → GET https://api.bybit.com/v5/market/tickers: category=spot&symbol=BTCUSDT.); trying Coinbase
2026-08-13 07:21:33,218 [INFO] BTCUSDT px=63798.1750 avg=64911.5994 tp=65885.2734 sl=57122.2074 next_so=61770.2458 (SO 2/4)
2026-08-13 07:21:33,221 [WARNING] Bybit price failed (You have breached the ip rate limit or your ip is from the usa. (ErrCode: 403) (ErrTime: 07:21:33).
Request → GET https://api.bybit.com/v5/market/tickers: category=spot&symbol=ETHUSDT.); trying Coinbase
2026-08-13 07:21:33,259 [INFO] ETHUSDT px=1894.6350 avg=1908.3191 tp=1936.9439 sl=1679.3209 next_so=1820.7049 (SO 2/4)
2026-08-13 07:21:33,259 [INFO] Single tick complete (GitHub Actions mode). State saved.
2026-08-13 08:50:07,596 [INFO] === CAPITAL RULES ===
2026-08-13 08:50:07,596 [INFO] Total capital: 1000.00 USDT
2026-08-13 08:50:07,596 [INFO] Per-deal budget: 30.00 USDT (3.0% of capital)
2026-08-13 08:50:07,596 [INFO] Base order: 3.29 USDT, up to 4 safety orders
2026-08-13 08:50:07,596 [INFO] Worst-case loss per deal: 3.60 USDT (0.36% of capital)
2026-08-13 08:50:07,596 [INFO] Max total exposure: 6.0% of capital
2026-08-13 08:50:07,737 [WARNING] Bybit price failed (You have breached the ip rate limit or your ip is from the usa. (ErrCode: 403) (ErrTime: 08:50:07).
Request → GET https://api.bybit.com/v5/market/tickers: category=spot&symbol=BTCUSDT.); trying Coinbase
2026-08-13 08:50:07,931 [INFO] BTCUSDT px=63724.5300 avg=64911.5994 tp=65885.2734 sl=57122.2074 next_so=61770.2458 (SO 2/4)
2026-08-13 08:50:07,951 [WARNING] Bybit price failed (You have breached the ip rate limit or your ip is from the usa. (ErrCode: 403) (ErrTime: 08:50:07).
Request → GET https://api.bybit.com/v5/market/tickers: category=spot&symbol=ETHUSDT.); trying Coinbase
2026-08-13 08:50:08,043 [INFO] ETHUSDT px=1888.5750 avg=1908.3191 tp=1936.9439 sl=1679.3209 next_so=1820.7049 (SO 2/4)
2026-08-13 08:50:08,044 [INFO] Single tick complete (GitHub Actions mode). State saved.
2026-08-13 10:01:00,352 [INFO] === CAPITAL RULES ===
2026-08-13 10:01:00,352 [INFO] Total capital: 1000.00 USDT
2026-08-13 10:01:00,352 [INFO] Per-deal budget: 30.00 USDT (3.0% of capital)
2026-08-13 10:01:00,352 [INFO] Base order: 3.29 USDT, up to 4 safety orders
2026-08-13 10:01:00,352 [INFO] Worst-case loss per deal: 3.60 USDT (0.36% of capital)
2026-08-13 10:01:00,352 [INFO] Max total exposure: 6.0% of capital
2026-08-13 10:01:00,481 [WARNING] Bybit price failed (You have breached the ip rate limit or your ip is from the usa. (ErrCode: 403) (ErrTime: 10:01:00).
Request → GET https://api.bybit.com/v5/market/tickers: category=spot&symbol=BTCUSDT.); trying Coinbase
2026-08-13 10:01:00,678 [INFO] BTCUSDT px=63721.8750 avg=64911.5994 tp=65885.2734 sl=57122.2074 next_so=61770.2458 (SO 2/4)
2026-08-13 10:01:00,691 [WARNING] Bybit price failed (You have breached the ip rate limit or your ip is from the usa. (ErrCode: 403) (ErrTime: 10:01:00).
Request → GET https://api.bybit.com/v5/market/tickers: category=spot&symbol=ETHUSDT.); trying Coinbase
2026-08-13 10:01:00,769 [INFO] ETHUSDT px=1886.3150 avg=1908.3191 tp=1936.9439 sl=1679.3209 next_so=1820.7049 (SO 2/4)
2026-08-13 10:01:00,769 [INFO] Single tick complete (GitHub Actions mode). State saved.
2026-08-13 11:10:05,854 [INFO] === CAPITAL RULES ===
2026-08-13 11:10:05,854 [INFO] Total capital: 1000.00 USDT
2026-08-13 11:10:05,854 [INFO] Per-deal budget: 30.00 USDT (3.0% of capital)
2026-08-13 11:10:05,854 [INFO] Base order: 3.29 USDT, up to 4 safety orders
2026-08-13 11:10:05,854 [INFO] Worst-case loss per deal: 3.60 USDT (0.36% of capital)
2026-08-13 11:10:05,855 [INFO] Max total exposure: 6.0% of capital
2026-08-13 11:10:06,024 [WARNING] Bybit price failed (You have breached the ip rate limit or your ip is from the usa. (ErrCode: 403) (ErrTime: 11:10:06).
Request → GET https://api.bybit.com/v5/market/tickers: category=spot&symbol=BTCUSDT.); trying Coinbase
2026-08-13 11:10:06,084 [INFO] BTCUSDT px=63548.3150 avg=64911.5994 tp=65885.2734 sl=57122.2074 next_so=61770.2458 (SO 2/4)
2026-08-13 11:10:06,088 [WARNING] Bybit price failed (You have breached the ip rate limit or your ip is from the usa. (ErrCode: 403) (ErrTime: 11:10:06).
Request → GET https://api.bybit.com/v5/market/tickers: category=spot&symbol=ETHUSDT.); trying Coinbase
2026-08-13 11:10:06,135 [INFO] ETHUSDT px=1880.1750 avg=1908.3191 tp=1936.9439 sl=1679.3209 next_so=1820.7049 (SO 2/4)
2026-08-13 11:10:06,135 [INFO] Single tick complete (GitHub Actions mode). State saved.
2026-08-13 11:58:39,287 [INFO] === CAPITAL RULES ===
2026-08-13 11:58:39,287 [INFO] Total capital: 1000.00 USDT
2026-08-13 11:58:39,287 [INFO] Per-deal budget: 30.00 USDT (3.0% of capital)
2026-08-13 11:58:39,288 [INFO] Base order: 3.29 USDT, up to 4 safety orders
2026-08-13 11:58:39,288 [INFO] Worst-case loss per deal: 3.60 USDT (0.36% of capital)
2026-08-13 11:58:39,288 [INFO] Max total exposure: 6.0% of capital
2026-08-13 11:58:39,378 [WARNING] Bybit price failed (You have breached the ip rate limit or your ip is from the usa. (ErrCode: 403) (ErrTime: 11:58:39).
Request → GET https://api.bybit.com/v5/market/tickers: category=spot&symbol=BTCUSDT.); trying Coinbase
2026-08-13 11:58:39,482 [INFO] BTCUSDT px=63399.2450 avg=64911.5994 tp=65885.2734 sl=57122.2074 next_so=61770.2458 (SO 2/4)
2026-08-13 11:58:39,485 [WARNING] Bybit price failed (You have breached the ip rate limit or your ip is from the usa. (ErrCode: 403) (ErrTime: 11:58:39).
Request → GET https://api.bybit.com/v5/market/tickers: category=spot&symbol=ETHUSDT.); trying Coinbase
2026-08-13 11:58:39,544 [INFO] ETHUSDT px=1877.6750 avg=1908.3191 tp=1936.9439 sl=1679.3209 next_so=1820.7049 (SO 2/4)
2026-08-13 11:58:39,545 [INFO] Single tick complete (GitHub Actions mode). State saved.
2026-08-13 13:25:12,377 [INFO] === CAPITAL RULES ===
2026-08-13 13:25:12,377 [INFO] Total capital: 1000.00 USDT
2026-08-13 13:25:12,377 [INFO] Per-deal budget: 30.00 USDT (3.0% of capital)
2026-08-13 13:25:12,377 [INFO] Base order: 3.29 USDT, up to 4 safety orders
2026-08-13 13:25:12,377 [INFO] Worst-case loss per deal: 3.60 USDT (0.36% of capital)
2026-08-13 13:25:12,377 [INFO] Max total exposure: 6.0% of capital
2026-08-13 13:25:12,567 [WARNING] Bybit price failed (You have breached the ip rate limit or your ip is from the usa. (ErrCode: 403) (ErrTime: 13:25:12).
Request → GET https://api.bybit.com/v5/market/tickers: category=spot&symbol=BTCUSDT.); trying Coinbase
2026-08-13 13:25:12,615 [INFO] BTCUSDT px=63529.7550 avg=64911.5994 tp=65885.2734 sl=57122.2074 next_so=61770.2458 (SO 2/4)
2026-08-13 13:25:12,622 [WARNING] Bybit price failed (You have breached the ip rate limit or your ip is from the usa. (ErrCode: 403) (ErrTime: 13:25:12).
Request → GET https://api.bybit.com/v5/market/tickers: category=spot&symbol=ETHUSDT.); trying Coinbase
2026-08-13 13:25:12,663 [INFO] ETHUSDT px=1886.1250 avg=1908.3191 tp=1936.9439 sl=1679.3209 next_so=1820.7049 (SO 2/4)
2026-08-13 13:25:12,663 [INFO] Single tick complete (GitHub Actions mode). State saved.
2026-08-13 14:35:50,014 [INFO] === CAPITAL RULES ===
2026-08-13 14:35:50,014 [INFO] Total capital: 1000.00 USDT
2026-08-13 14:35:50,014 [INFO] Per-deal budget: 30.00 USDT (3.0% of capital)
2026-08-13 14:35:50,014 [INFO] Base order: 3.29 USDT, up to 4 safety orders
2026-08-13 14:35:50,014 [INFO] Worst-case loss per deal: 3.60 USDT (0.36% of capital)
2026-08-13 14:35:50,014 [INFO] Max total exposure: 6.0% of capital
2026-08-13 14:35:53,489 [WARNING] Bybit price failed (You have breached the ip rate limit or your ip is from the usa. (ErrCode: 403) (ErrTime: 14:35:53).
Request → GET https://api.bybit.com/v5/market/tickers: category=spot&symbol=BTCUSDT.); trying Coinbase
2026-08-13 14:35:53,548 [INFO] BTCUSDT px=63908.9050 avg=64911.5994 tp=65885.2734 sl=57122.2074 next_so=61770.2458 (SO 2/4)
2026-08-13 14:35:53,556 [WARNING] Bybit price failed (You have breached the ip rate limit or your ip is from the usa. (ErrCode: 403) (ErrTime: 14:35:53).
Request → GET https://api.bybit.com/v5/market/tickers: category=spot&symbol=ETHUSDT.); trying Coinbase
2026-08-13 14:35:53,605 [INFO] ETHUSDT px=1894.7350 avg=1908.3191 tp=1936.9439 sl=1679.3209 next_so=1820.7049 (SO 2/4)
2026-08-13 14:35:53,605 [INFO] Single tick complete (GitHub Actions mode). State saved.
2026-08-13 15:38:22,065 [INFO] === CAPITAL RULES ===
2026-08-13 15:38:22,065 [INFO] Total capital: 1000.00 USDT
2026-08-13 15:38:22,065 [INFO] Per-deal budget: 30.00 USDT (3.0% of capital)
2026-08-13 15:38:22,065 [INFO] Base order: 3.29 USDT, up to 4 safety orders
2026-08-13 15:38:22,065 [INFO] Worst-case loss per deal: 3.60 USDT (0.36% of capital)
2026-08-13 15:38:22,065 [INFO] Max total exposure: 6.0% of capital
2026-08-13 15:38:22,210 [WARNING] Bybit price failed (You have breached the ip rate limit or your ip is from the usa. (ErrCode: 403) (ErrTime: 15:38:22).
Request → GET https://api.bybit.com/v5/market/tickers: category=spot&symbol=BTCUSDT.); trying Coinbase
2026-08-13 15:38:22,263 [INFO] BTCUSDT px=63589.5950 avg=64911.5994 tp=65885.2734 sl=57122.2074 next_so=61770.2458 (SO 2/4)
2026-08-13 15:38:22,267 [WARNING] Bybit price failed (You have breached the ip rate limit or your ip is from the usa. (ErrCode: 403) (ErrTime: 15:38:22).
Request → GET https://api.bybit.com/v5/market/tickers: category=spot&symbol=ETHUSDT.); trying Coinbase
2026-08-13 15:38:22,319 [INFO] ETHUSDT px=1886.2250 avg=1908.3191 tp=1936.9439 sl=1679.3209 next_so=1820.7049 (SO 2/4)
2026-08-13 15:38:22,319 [INFO] Single tick complete (GitHub Actions mode). State saved.
2026-08-13 16:34:36,261 [INFO] === CAPITAL RULES ===
2026-08-13 16:34:36,261 [INFO] Total capital: 1000.00 USDT
2026-08-13 16:34:36,261 [INFO] Per-deal budget: 30.00 USDT (3.0% of capital)
2026-08-13 16:34:36,261 [INFO] Base order: 3.29 USDT, up to 4 safety orders
2026-08-13 16:34:36,261 [INFO] Worst-case loss per deal: 3.60 USDT (0.36% of capital)
2026-08-13 16:34:36,261 [INFO] Max total exposure: 6.0% of capital
2026-08-13 16:34:36,437 [WARNING] Bybit price failed (You have breached the ip rate limit or your ip is from the usa. (ErrCode: 403) (ErrTime: 16:34:36).
Request → GET https://api.bybit.com/v5/market/tickers: category=spot&symbol=BTCUSDT.); trying Coinbase
2026-08-13 16:34:36,503 [INFO] BTCUSDT px=63344.2550 avg=64911.5994 tp=65885.2734 sl=57122.2074 next_so=61770.2458 (SO 2/4)
2026-08-13 16:34:36,507 [WARNING] Bybit price failed (You have breached the ip rate limit or your ip is from the usa. (ErrCode: 403) (ErrTime: 16:34:36).
Request → GET https://api.bybit.com/v5/market/tickers: category=spot&symbol=ETHUSDT.); trying Coinbase
2026-08-13 16:34:36,551 [INFO] ETHUSDT px=1879.1200 avg=1908.3191 tp=1936.9439 sl=1679.3209 next_so=1820.7049 (SO 2/4)
2026-08-13 16:34:36,552 [INFO] Single tick complete (GitHub Actions mode). State saved.
2026-08-13 17:41:48,861 [INFO] === CAPITAL RULES ===
2026-08-13 17:41:48,861 [INFO] Total capital: 1000.00 USDT
2026-08-13 17:41:48,862 [INFO] Per-deal budget: 30.00 USDT (3.0% of capital)
2026-08-13 17:41:48,862 [INFO] Base order: 3.29 USDT, up to 4 safety orders
2026-08-13 17:41:48,862 [INFO] Worst-case loss per deal: 3.60 USDT (0.36% of capital)
2026-08-13 17:41:48,862 [INFO] Max total exposure: 6.0% of capital
2026-08-13 17:41:48,954 [WARNING] Bybit price failed (You have breached the ip rate limit or your ip is from the usa. (ErrCode: 403) (ErrTime: 17:41:48).
Request → GET https://api.bybit.com/v5/market/tickers: category=spot&symbol=BTCUSDT.); trying Coinbase
2026-08-13 17:41:49,072 [INFO] BTCUSDT px=63137.3900 avg=64911.5994 tp=65885.2734 sl=57122.2074 next_so=61770.2458 (SO 2/4)
2026-08-13 17:41:49,092 [WARNING] Bybit price failed (You have breached the ip rate limit or your ip is from the usa. (ErrCode: 403) (ErrTime: 17:41:49).
Request → GET https://api.bybit.com/v5/market/tickers: category=spot&symbol=ETHUSDT.); trying Coinbase
2026-08-13 17:41:49,177 [INFO] ETHUSDT px=1876.7050 avg=1908.3191 tp=1936.9439 sl=1679.3209 next_so=1820.7049 (SO 2/4)
2026-08-13 17:41:49,178 [INFO] Single tick complete (GitHub Actions mode). State saved.
2026-08-13 18:37:36,859 [INFO] === CAPITAL RULES ===
2026-08-13 18:37:36,859 [INFO] Total capital: 1000.00 USDT
2026-08-13 18:37:36,859 [INFO] Per-deal budget: 30.00 USDT (3.0% of capital)
2026-08-13 18:37:36,859 [INFO] Base order: 3.29 USDT, up to 4 safety orders
2026-08-13 18:37:36,859 [INFO] Worst-case loss per deal: 3.60 USDT (0.36% of capital)
2026-08-13 18:37:36,859 [INFO] Max total exposure: 6.0% of capital
2026-08-13 18:37:36,946 [WARNING] Bybit price failed (You have breached the ip rate limit or your ip is from the usa. (ErrCode: 403) (ErrTime: 18:37:36).
Request → GET https://api.bybit.com/v5/market/tickers: category=spot&symbol=BTCUSDT.); trying Coinbase
2026-08-13 18:37:37,023 [INFO] BTCUSDT px=63086.2150 avg=64911.5994 tp=65885.2734 sl=57122.2074 next_so=61770.2458 (SO 2/4)
2026-08-13 18:37:37,027 [WARNING] Bybit price failed (You have breached the ip rate limit or your ip is from the usa. (ErrCode: 403) (ErrTime: 18:37:37).
Request → GET https://api.bybit.com/v5/market/tickers: category=spot&symbol=ETHUSDT.); trying Coinbase
2026-08-13 18:37:37,066 [INFO] ETHUSDT px=1875.2050 avg=1908.3191 tp=1936.9439 sl=1679.3209 next_so=1820.7049 (SO 2/4)
2026-08-13 18:37:37,066 [INFO] Single tick complete (GitHub Actions mode). State saved.
2026-08-13 19:44:05,862 [INFO] === CAPITAL RULES ===
2026-08-13 19:44:05,862 [INFO] Total capital: 1000.00 USDT
2026-08-13 19:44:05,862 [INFO] Per-deal budget: 30.00 USDT (3.0% of capital)
2026-08-13 19:44:05,862 [INFO] Base order: 3.29 USDT, up to 4 safety orders
2026-08-13 19:44:05,862 [INFO] Worst-case loss per deal: 3.60 USDT (0.36% of capital)
2026-08-13 19:44:05,862 [INFO] Max total exposure: 6.0% of capital
2026-08-13 19:44:05,985 [WARNING] Bybit price failed (You have breached the ip rate limit or your ip is from the usa. (ErrCode: 403) (ErrTime: 19:44:05).
Request → GET https://api.bybit.com/v5/market/tickers: category=spot&symbol=BTCUSDT.); trying Coinbase
2026-08-13 19:44:06,044 [INFO] BTCUSDT px=63342.5250 avg=64911.5994 tp=65885.2734 sl=57122.2074 next_so=61770.2458 (SO 2/4)
2026-08-13 19:44:06,048 [WARNING] Bybit price failed (You have breached the ip rate limit or your ip is from the usa. (ErrCode: 403) (ErrTime: 19:44:06).
Request → GET https://api.bybit.com/v5/market/tickers: category=spot&symbol=ETHUSDT.); trying Coinbase
2026-08-13 19:44:06,094 [INFO] ETHUSDT px=1884.5050 avg=1908.3191 tp=1936.9439 sl=1679.3209 next_so=1820.7049 (SO 2/4)
2026-08-13 19:44:06,094 [INFO] Single tick complete (GitHub Actions mode). State saved.
2026-08-13 20:22:26,703 [INFO] === CAPITAL RULES ===
2026-08-13 20:22:26,703 [INFO] Total capital: 1000.00 USDT
2026-08-13 20:22:26,703 [INFO] Per-deal budget: 30.00 USDT (3.0% of capital)
2026-08-13 20:22:26,703 [INFO] Base order: 3.29 USDT, up to 4 safety orders
2026-08-13 20:22:26,703 [INFO] Worst-case loss per deal: 3.60 USDT (0.36% of capital)
2026-08-13 20:22:26,703 [INFO] Max total exposure: 6.0% of capital
2026-08-13 20:22:26,878 [WARNING] Bybit price failed (You have breached the ip rate limit or your ip is from the usa. (ErrCode: 403) (ErrTime: 20:22:26).
Request → GET https://api.bybit.com/v5/market/tickers: category=spot&symbol=BTCUSDT.); trying Coinbase
2026-08-13 20:22:27,003 [INFO] BTCUSDT px=63386.5450 avg=64911.5994 tp=65885.2734 sl=57122.2074 next_so=61770.2458 (SO 2/4)
2026-08-13 20:22:27,014 [WARNING] Bybit price failed (You have breached the ip rate limit or your ip is from the usa. (ErrCode: 403) (ErrTime: 20:22:27).
Request → GET https://api.bybit.com/v5/market/tickers: category=spot&symbol=ETHUSDT.); trying Coinbase
2026-08-13 20:22:27,149 [INFO] ETHUSDT px=1885.5450 avg=1908.3191 tp=1936.9439 sl=1679.3209 next_so=1820.7049 (SO 2/4)
2026-08-13 20:22:27,150 [INFO] Single tick complete (GitHub Actions mode). State saved.
2026-08-13 21:13:04,002 [INFO] === CAPITAL RULES ===
2026-08-13 21:13:04,003 [INFO] Total capital: 1000.00 USDT
2026-08-13 21:13:04,003 [INFO] Per-deal budget: 30.00 USDT (3.0% of capital)
2026-08-13 21:13:04,003 [INFO] Base order: 3.29 USDT, up to 4 safety orders
2026-08-13 21:13:04,003 [INFO] Worst-case loss per deal: 3.60 USDT (0.36% of capital)
2026-08-13 21:13:04,003 [INFO] Max total exposure: 6.0% of capital
2026-08-13 21:13:04,139 [WARNING] Bybit price failed (You have breached the ip rate limit or your ip is from the usa. (ErrCode: 403) (ErrTime: 21:13:04).
Request → GET https://api.bybit.com/v5/market/tickers: category=spot&symbol=BTCUSDT.); trying Coinbase
2026-08-13 21:13:04,217 [INFO] BTCUSDT px=63385.4450 avg=64911.5994 tp=65885.2734 sl=57122.2074 next_so=61770.2458 (SO 2/4)
2026-08-13 21:13:04,221 [WARNING] Bybit price failed (You have breached the ip rate limit or your ip is from the usa. (ErrCode: 403) (ErrTime: 21:13:04).
Request → GET https://api.bybit.com/v5/market/tickers: category=spot&symbol=ETHUSDT.); trying Coinbase
2026-08-13 21:13:04,265 [INFO] ETHUSDT px=1886.3650 avg=1908.3191 tp=1936.9439 sl=1679.3209 next_so=1820.7049 (SO 2/4)
2026-08-13 21:13:04,266 [INFO] Single tick complete (GitHub Actions mode). State saved.
2026-08-13 22:04:16,540 [INFO] === CAPITAL RULES ===
2026-08-13 22:04:16,540 [INFO] Total capital: 1000.00 USDT
2026-08-13 22:04:16,541 [INFO] Per-deal budget: 30.00 USDT (3.0% of capital)
2026-08-13 22:04:16,541 [INFO] Base order: 3.29 USDT, up to 4 safety orders
2026-08-13 22:04:16,541 [INFO] Worst-case loss per deal: 3.60 USDT (0.36% of capital)
2026-08-13 22:04:16,541 [INFO] Max total exposure: 6.0% of capital
2026-08-13 22:04:16,669 [WARNING] Bybit price failed (You have breached the ip rate limit or your ip is from the usa. (ErrCode: 403) (ErrTime: 22:04:16).
Request → GET https://api.bybit.com/v5/market/tickers: category=spot&symbol=BTCUSDT.); trying Coinbase
2026-08-13 22:04:16,753 [INFO] BTCUSDT px=63445.7750 avg=64911.5994 tp=65885.2734 sl=57122.2074 next_so=61770.2458 (SO 2/4)
2026-08-13 22:04:16,757 [WARNING] Bybit price failed (You have breached the ip rate limit or your ip is from the usa. (ErrCode: 403) (ErrTime: 22:04:16).
Request → GET https://api.bybit.com/v5/market/tickers: category=spot&symbol=ETHUSDT.); trying Coinbase
2026-08-13 22:04:16,802 [INFO] ETHUSDT px=1887.2950 avg=1908.3191 tp=1936.9439 sl=1679.3209 next_so=1820.7049 (SO 2/4)
2026-08-13 22:04:16,803 [INFO] Single tick complete (GitHub Actions mode). State saved.
2026-08-13 23:01:37,101 [INFO] === CAPITAL RULES ===
2026-08-13 23:01:37,101 [INFO] Total capital: 1000.00 USDT
2026-08-13 23:01:37,101 [INFO] Per-deal budget: 30.00 USDT (3.0% of capital)
2026-08-13 23:01:37,101 [INFO] Base order: 3.29 USDT, up to 4 safety orders
2026-08-13 23:01:37,101 [INFO] Worst-case loss per deal: 3.60 USDT (0.36% of capital)
2026-08-13 23:01:37,101 [INFO] Max total exposure: 6.0% of capital
2026-08-13 23:01:37,273 [WARNING] Bybit price failed (You have breached the ip rate limit or your ip is from the usa. (ErrCode: 403) (ErrTime: 23:01:37).
Request → GET https://api.bybit.com/v5/market/tickers: category=spot&symbol=BTCUSDT.); trying Coinbase
2026-08-13 23:01:37,359 [INFO] BTCUSDT px=63472.5900 avg=64911.5994 tp=65885.2734 sl=57122.2074 next_so=61770.2458 (SO 2/4)
2026-08-13 23:01:37,376 [WARNING] Bybit price failed (You have breached the ip rate limit or your ip is from the usa. (ErrCode: 403) (ErrTime: 23:01:37).
Request → GET https://api.bybit.com/v5/market/tickers: category=spot&symbol=ETHUSDT.); trying Coinbase
2026-08-13 23:01:37,470 [INFO] ETHUSDT px=1887.6550 avg=1908.3191 tp=1936.9439 sl=1679.3209 next_so=1820.7049 (SO 2/4)
2026-08-13 23:01:37,471 [INFO] Single tick complete (GitHub Actions mode). State saved.
2026-08-13 23:57:30,566 [INFO] === CAPITAL RULES ===
2026-08-13 23:57:30,566 [INFO] Total capital: 1000.00 USDT
2026-08-13 23:57:30,566 [INFO] Per-deal budget: 30.00 USDT (3.0% of capital)
2026-08-13 23:57:30,566 [INFO] Base order: 3.29 USDT, up to 4 safety orders
2026-08-13 23:57:30,566 [INFO] Worst-case loss per deal: 3.60 USDT (0.36% of capital)
2026-08-13 23:57:30,566 [INFO] Max total exposure: 6.0% of capital
2026-08-13 23:57:30,724 [WARNING] Bybit price failed (You have breached the ip rate limit or your ip is from the usa. (ErrCode: 403) (ErrTime: 23:57:30).
Request → GET https://api.bybit.com/v5/market/tickers: category=spot&symbol=BTCUSDT.); trying Coinbase
2026-08-13 23:57:30,807 [INFO] BTCUSDT px=63399.9950 avg=64911.5994 tp=65885.2734 sl=57122.2074 next_so=61770.2458 (SO 2/4)
2026-08-13 23:57:30,821 [WARNING] Bybit price failed (You have breached the ip rate limit or your ip is from the usa. (ErrCode: 403) (ErrTime: 23:57:30).
Request → GET https://api.bybit.com/v5/market/tickers: category=spot&symbol=ETHUSDT.); trying Coinbase
2026-08-13 23:57:30,886 [INFO] ETHUSDT px=1883.8400 avg=1908.3191 tp=1936.9439 sl=1679.3209 next_so=1820.7049 (SO 2/4)
2026-08-13 23:57:30,886 [INFO] Single tick complete (GitHub Actions mode). State saved.
2026-08-14 02:09:23,797 [INFO] === CAPITAL RULES ===
2026-08-14 02:09:23,798 [INFO] Total capital: 1000.00 USDT
2026-08-14 02:09:23,798 [INFO] Per-deal budget: 30.00 USDT (3.0% of capital)
2026-08-14 02:09:23,798 [INFO] Base order: 3.29 USDT, up to 4 safety orders
2026-08-14 02:09:23,798 [INFO] Worst-case loss per deal: 3.60 USDT (0.36% of capital)
2026-08-14 02:09:23,798 [INFO] Max total exposure: 6.0% of capital
2026-08-14 02:09:23,890 [WARNING] Bybit price failed (You have breached the ip rate limit or your ip is from the usa. (ErrCode: 403) (ErrTime: 02:09:23).
Request → GET https://api.bybit.com/v5/market/tickers: category=spot&symbol=BTCUSDT.); trying Coinbase
2026-08-14 02:09:23,963 [INFO] BTCUSDT px=63530.3750 avg=64911.5994 tp=65885.2734 sl=57122.2074 next_so=61770.2458 (SO 2/4)
2026-08-14 02:09:23,975 [WARNING] Bybit price failed (You have breached the ip rate limit or your ip is from the usa. (ErrCode: 403) (ErrTime: 02:09:23).
Request → GET https://api.bybit.com/v5/market/tickers: category=spot&symbol=ETHUSDT.); trying Coinbase
2026-08-14 02:09:24,050 [INFO] ETHUSDT px=1888.6250 avg=1908.3191 tp=1936.9439 sl=1679.3209 next_so=1820.7049 (SO 2/4)
2026-08-14 02:09:24,050 [INFO] Single tick complete (GitHub Actions mode). State saved.
2026-08-14 04:17:42,933 [INFO] === CAPITAL RULES ===
2026-08-14 04:17:42,933 [INFO] Total capital: 1000.00 USDT
2026-08-14 04:17:42,933 [INFO] Per-deal budget: 30.00 USDT (3.0% of capital)
2026-08-14 04:17:42,933 [INFO] Base order: 3.29 USDT, up to 4 safety orders
2026-08-14 04:17:42,933 [INFO] Worst-case loss per deal: 3.60 USDT (0.36% of capital)
2026-08-14 04:17:42,933 [INFO] Max total exposure: 6.0% of capital
2026-08-14 04:17:43,150 [WARNING] Bybit price failed (You have breached the ip rate limit or your ip is from the usa. (ErrCode: 403) (ErrTime: 04:17:43).
Request → GET https://api.bybit.com/v5/market/tickers: category=spot&symbol=BTCUSDT.); trying Coinbase
2026-08-14 04:17:43,270 [INFO] BTCUSDT px=63386.5550 avg=64911.5994 tp=65885.2734 sl=57122.2074 next_so=61770.2458 (SO 2/4)
2026-08-14 04:17:43,287 [WARNING] Bybit price failed (You have breached the ip rate limit or your ip is from the usa. (ErrCode: 403) (ErrTime: 04:17:43).
Request → GET https://api.bybit.com/v5/market/tickers: category=spot&symbol=ETHUSDT.); trying Coinbase
2026-08-14 04:17:43,375 [INFO] ETHUSDT px=1885.3350 avg=1908.3191 tp=1936.9439 sl=1679.3209 next_so=1820.7049 (SO 2/4)
2026-08-14 04:17:43,375 [INFO] Single tick complete (GitHub Actions mode). State saved.
2026-08-14 05:54:08,314 [INFO] === CAPITAL RULES ===
2026-08-14 05:54:08,314 [INFO] Total capital: 1000.00 USDT
2026-08-14 05:54:08,314 [INFO] Per-deal budget: 30.00 USDT (3.0% of capital)
2026-08-14 05:54:08,314 [INFO] Base order: 3.29 USDT, up to 4 safety orders
2026-08-14 05:54:08,314 [INFO] Worst-case loss per deal: 3.60 USDT (0.36% of capital)
2026-08-14 05:54:08,314 [INFO] Max total exposure: 6.0% of capital
2026-08-14 05:54:08,389 [WARNING] Bybit price failed (You have breached the ip rate limit or your ip is from the usa. (ErrCode: 403) (ErrTime: 05:54:08).
Request → GET https://api.bybit.com/v5/market/tickers: category=spot&symbol=BTCUSDT.); trying Coinbase
2026-08-14 05:54:08,441 [INFO] BTCUSDT px=63299.6850 avg=64911.5994 tp=65885.2734 sl=57122.2074 next_so=61770.2458 (SO 2/4)
2026-08-14 05:54:08,446 [WARNING] Bybit price failed (You have breached the ip rate limit or your ip is from the usa. (ErrCode: 403) (ErrTime: 05:54:08).
Request → GET https://api.bybit.com/v5/market/tickers: category=spot&symbol=ETHUSDT.); trying Coinbase
2026-08-14 05:54:08,556 [INFO] ETHUSDT px=1882.3150 avg=1908.3191 tp=1936.9439 sl=1679.3209 next_so=1820.7049 (SO 2/4)
2026-08-14 05:54:08,557 [INFO] Single tick complete (GitHub Actions mode). State saved.
2026-08-14 07:19:17,099 [INFO] === CAPITAL RULES ===
2026-08-14 07:19:17,099 [INFO] Total capital: 1000.00 USDT
2026-08-14 07:19:17,099 [INFO] Per-deal budget: 30.00 USDT (3.0% of capital)
2026-08-14 07:19:17,099 [INFO] Base order: 3.29 USDT, up to 4 safety orders
2026-08-14 07:19:17,099 [INFO] Worst-case loss per deal: 3.60 USDT (0.36% of capital)
2026-08-14 07:19:17,099 [INFO] Max total exposure: 6.0% of capital
2026-08-14 07:19:17,242 [WARNING] Bybit price failed (You have breached the ip rate limit or your ip is from the usa. (ErrCode: 403) (ErrTime: 07:19:17).
Request → GET https://api.bybit.com/v5/market/tickers: category=spot&symbol=BTCUSDT.); trying Coinbase
2026-08-14 07:19:17,291 [INFO] BTCUSDT px=63021.3900 avg=64911.5994 tp=65885.2734 sl=57122.2074 next_so=61770.2458 (SO 2/4)
2026-08-14 07:19:17,295 [WARNING] Bybit price failed (You have breached the ip rate limit or your ip is from the usa. (ErrCode: 403) (ErrTime: 07:19:17).
Request → GET https://api.bybit.com/v5/market/tickers: category=spot&symbol=ETHUSDT.); trying Coinbase
2026-08-14 07:19:17,332 [INFO] ETHUSDT px=1874.8250 avg=1908.3191 tp=1936.9439 sl=1679.3209 next_so=1820.7049 (SO 2/4)
2026-08-14 07:19:17,332 [INFO] Single tick complete (GitHub Actions mode). State saved.
2026-08-14 08:43:24,349 [INFO] === CAPITAL RULES ===
2026-08-14 08:43:24,350 [INFO] Total capital: 1000.00 USDT
2026-08-14 08:43:24,350 [INFO] Per-deal budget: 30.00 USDT (3.0% of capital)
2026-08-14 08:43:24,350 [INFO] Base order: 3.29 USDT, up to 4 safety orders
2026-08-14 08:43:24,350 [INFO] Worst-case loss per deal: 3.60 USDT (0.36% of capital)
2026-08-14 08:43:24,350 [INFO] Max total exposure: 6.0% of capital
2026-08-14 08:43:24,521 [WARNING] Bybit price failed (You have breached the ip rate limit or your ip is from the usa. (ErrCode: 403) (ErrTime: 08:43:24).
Request → GET https://api.bybit.com/v5/market/tickers: category=spot&symbol=BTCUSDT.); trying Coinbase
2026-08-14 08:43:24,587 [INFO] BTCUSDT px=62760.5050 avg=64911.5994 tp=65885.2734 sl=57122.2074 next_so=61770.2458 (SO 2/4)
2026-08-14 08:43:24,598 [WARNING] Bybit price failed (You have breached the ip rate limit or your ip is from the usa. (ErrCode: 403) (ErrTime: 08:43:24).
Request → GET https://api.bybit.com/v5/market/tickers: category=spot&symbol=ETHUSDT.); trying Coinbase
2026-08-14 08:43:24,666 [INFO] ETHUSDT px=1871.4250 avg=1908.3191 tp=1936.9439 sl=1679.3209 next_so=1820.7049 (SO 2/4)
2026-08-14 08:43:24,666 [INFO] Single tick complete (GitHub Actions mode). State saved.
2026-08-14 09:44:16,533 [INFO] === CAPITAL RULES ===
2026-08-14 09:44:16,533 [INFO] Total capital: 1000.00 USDT
2026-08-14 09:44:16,533 [INFO] Per-deal budget: 30.00 USDT (3.0% of capital)
2026-08-14 09:44:16,533 [INFO] Base order: 3.29 USDT, up to 4 safety orders
2026-08-14 09:44:16,533 [INFO] Worst-case loss per deal: 3.60 USDT (0.36% of capital)
2026-08-14 09:44:16,533 [INFO] Max total exposure: 6.0% of capital
2026-08-14 09:44:16,671 [WARNING] Bybit price failed (You have breached the ip rate limit or your ip is from the usa. (ErrCode: 403) (ErrTime: 09:44:16).
Request → GET https://api.bybit.com/v5/market/tickers: category=spot&symbol=BTCUSDT.); trying Coinbase
2026-08-14 09:44:16,716 [INFO] BTCUSDT px=62690.6450 avg=64911.5994 tp=65885.2734 sl=57122.2074 next_so=61770.2458 (SO 2/4)
2026-08-14 09:44:16,720 [WARNING] Bybit price failed (You have breached the ip rate limit or your ip is from the usa. (ErrCode: 403) (ErrTime: 09:44:16).
Request → GET https://api.bybit.com/v5/market/tickers: category=spot&symbol=ETHUSDT.); trying Coinbase
2026-08-14 09:44:16,759 [INFO] ETHUSDT px=1870.1550 avg=1908.3191 tp=1936.9439 sl=1679.3209 next_so=1820.7049 (SO 2/4)
2026-08-14 09:44:16,759 [INFO] Single tick complete (GitHub Actions mode). State saved.
2026-08-14 10:41:28,804 [INFO] === CAPITAL RULES ===
2026-08-14 10:41:28,804 [INFO] Total capital: 1000.00 USDT
2026-08-14 10:41:28,804 [INFO] Per-deal budget: 30.00 USDT (3.0% of capital)
2026-08-14 10:41:28,804 [INFO] Base order: 3.29 USDT, up to 4 safety orders
2026-08-14 10:41:28,805 [INFO] Worst-case loss per deal: 3.60 USDT (0.36% of capital)
2026-08-14 10:41:28,805 [INFO] Max total exposure: 6.0% of capital
2026-08-14 10:41:28,887 [WARNING] Bybit price failed (You have breached the ip rate limit or your ip is from the usa. (ErrCode: 403) (ErrTime: 10:41:28).
Request → GET https://api.bybit.com/v5/market/tickers: category=spot&symbol=BTCUSDT.); trying Coinbase
2026-08-14 10:41:28,947 [INFO] BTCUSDT px=62811.2750 avg=64911.5994 tp=65885.2734 sl=57122.2074 next_so=61770.2458 (SO 2/4)
2026-08-14 10:41:28,950 [WARNING] Bybit price failed (You have breached the ip rate limit or your ip is from the usa. (ErrCode: 403) (ErrTime: 10:41:28).
Request → GET https://api.bybit.com/v5/market/tickers: category=spot&symbol=ETHUSDT.); trying Coinbase
2026-08-14 10:41:28,987 [INFO] ETHUSDT px=1874.4350 avg=1908.3191 tp=1936.9439 sl=1679.3209 next_so=1820.7049 (SO 2/4)
2026-08-14 10:41:28,988 [INFO] Single tick complete (GitHub Actions mode). State saved.
2026-08-14 11:28:11,337 [INFO] === CAPITAL RULES ===
2026-08-14 11:28:11,338 [INFO] Total capital: 1000.00 USDT
2026-08-14 11:28:11,338 [INFO] Per-deal budget: 30.00 USDT (3.0% of capital)
2026-08-14 11:28:11,338 [INFO] Base order: 3.29 USDT, up to 4 safety orders
2026-08-14 11:28:11,338 [INFO] Worst-case loss per deal: 3.60 USDT (0.36% of capital)
2026-08-14 11:28:11,338 [INFO] Max total exposure: 6.0% of capital
2026-08-14 11:28:11,490 [WARNING] Bybit price failed (You have breached the ip rate limit or your ip is from the usa. (ErrCode: 403) (ErrTime: 11:28:11).
Request → GET https://api.bybit.com/v5/market/tickers: category=spot&symbol=BTCUSDT.); trying Coinbase
2026-08-14 11:28:11,549 [INFO] BTCUSDT px=62829.7150 avg=64911.5994 tp=65885.2734 sl=57122.2074 next_so=61770.2458 (SO 2/4)
2026-08-14 11:28:11,554 [WARNING] Bybit price failed (You have breached the ip rate limit or your ip is from the usa. (ErrCode: 403) (ErrTime: 11:28:11).
Request → GET https://api.bybit.com/v5/market/tickers: category=spot&symbol=ETHUSDT.); trying Coinbase
2026-08-14 11:28:11,595 [INFO] ETHUSDT px=1875.3750 avg=1908.3191 tp=1936.9439 sl=1679.3209 next_so=1820.7049 (SO 2/4)
2026-08-14 11:28:11,595 [INFO] Single tick complete (GitHub Actions mode). State saved.
2026-08-14 12:10:12,292 [INFO] === CAPITAL RULES ===
2026-08-14 12:10:12,292 [INFO] Total capital: 1000.00 USDT
2026-08-14 12:10:12,292 [INFO] Per-deal budget: 30.00 USDT (3.0% of capital)
2026-08-14 12:10:12,292 [INFO] Base order: 3.29 USDT, up to 4 safety orders
2026-08-14 12:10:12,293 [INFO] Worst-case loss per deal: 3.60 USDT (0.36% of capital)
2026-08-14 12:10:12,293 [INFO] Max total exposure: 6.0% of capital
2026-08-14 12:10:12,444 [WARNING] Bybit price failed (You have breached the ip rate limit or your ip is from the usa. (ErrCode: 403) (ErrTime: 12:10:12).
Request → GET https://api.bybit.com/v5/market/tickers: category=spot&symbol=BTCUSDT.); trying Coinbase
2026-08-14 12:10:12,533 [INFO] BTCUSDT px=62729.5350 avg=64911.5994 tp=65885.2734 sl=57122.2074 next_so=61770.2458 (SO 2/4)
2026-08-14 12:10:12,542 [WARNING] Bybit price failed (You have breached the ip rate limit or your ip is from the usa. (ErrCode: 403) (ErrTime: 12:10:12).
Request → GET https://api.bybit.com/v5/market/tickers: category=spot&symbol=ETHUSDT.); trying Coinbase
2026-08-14 12:10:12,598 [INFO] ETHUSDT px=1874.1250 avg=1908.3191 tp=1936.9439 sl=1679.3209 next_so=1820.7049 (SO 2/4)
2026-08-14 12:10:12,598 [INFO] Single tick complete (GitHub Actions mode). State saved.
2026-08-14 13:41:26,156 [INFO] === CAPITAL RULES ===
2026-08-14 13:41:26,156 [INFO] Total capital: 1000.00 USDT
2026-08-14 13:41:26,156 [INFO] Per-deal budget: 30.00 USDT (3.0% of capital)
2026-08-14 13:41:26,156 [INFO] Base order: 3.29 USDT, up to 4 safety orders
2026-08-14 13:41:26,156 [INFO] Worst-case loss per deal: 3.60 USDT (0.36% of capital)
2026-08-14 13:41:26,156 [INFO] Max total exposure: 6.0% of capital
2026-08-14 13:41:26,225 [WARNING] Bybit price failed (You have breached the ip rate limit or your ip is from the usa. (ErrCode: 403) (ErrTime: 13:41:26).
Request → GET https://api.bybit.com/v5/market/tickers: category=spot&symbol=BTCUSDT.); trying Coinbase
2026-08-14 13:41:26,296 [INFO] BTCUSDT px=62618.8450 avg=64911.5994 tp=65885.2734 sl=57122.2074 next_so=61770.2458 (SO 2/4)
2026-08-14 13:41:26,300 [WARNING] Bybit price failed (You have breached the ip rate limit or your ip is from the usa. (ErrCode: 403) (ErrTime: 13:41:26).
Request → GET https://api.bybit.com/v5/market/tickers: category=spot&symbol=ETHUSDT.); trying Coinbase
2026-08-14 13:41:26,348 [INFO] ETHUSDT px=1867.6400 avg=1908.3191 tp=1936.9439 sl=1679.3209 next_so=1820.7049 (SO 2/4)
2026-08-14 13:41:26,349 [INFO] Single tick complete (GitHub Actions mode). State saved.
2026-08-14 14:39:17,797 [INFO] === CAPITAL RULES ===
2026-08-14 14:39:17,797 [INFO] Total capital: 1000.00 USDT
2026-08-14 14:39:17,797 [INFO] Per-deal budget: 30.00 USDT (3.0% of capital)
2026-08-14 14:39:17,798 [INFO] Base order: 3.29 USDT, up to 4 safety orders
2026-08-14 14:39:17,798 [INFO] Worst-case loss per deal: 3.60 USDT (0.36% of capital)
2026-08-14 14:39:17,798 [INFO] Max total exposure: 6.0% of capital
2026-08-14 14:39:17,981 [WARNING] Bybit price failed (You have breached the ip rate limit or your ip is from the usa. (ErrCode: 403) (ErrTime: 14:39:17).
Request → GET https://api.bybit.com/v5/market/tickers: category=spot&symbol=BTCUSDT.); trying Coinbase
2026-08-14 14:39:18,050 [INFO] BTCUSDT px=62712.7250 avg=64911.5994 tp=65885.2734 sl=57122.2074 next_so=61770.2458 (SO 2/4)
2026-08-14 14:39:18,059 [WARNING] Bybit price failed (You have breached the ip rate limit or your ip is from the usa. (ErrCode: 403) (ErrTime: 14:39:18).
Request → GET https://api.bybit.com/v5/market/tickers: category=spot&symbol=ETHUSDT.); trying Coinbase
2026-08-14 14:39:18,118 [INFO] ETHUSDT px=1870.5600 avg=1908.3191 tp=1936.9439 sl=1679.3209 next_so=1820.7049 (SO 2/4)
2026-08-14 14:39:18,119 [INFO] Single tick complete (GitHub Actions mode). State saved.
2026-08-14 15:31:27,208 [INFO] === CAPITAL RULES ===
2026-08-14 15:31:27,208 [INFO] Total capital: 1000.00 USDT
2026-08-14 15:31:27,208 [INFO] Per-deal budget: 30.00 USDT (3.0% of capital)
2026-08-14 15:31:27,208 [INFO] Base order: 3.29 USDT, up to 4 safety orders
2026-08-14 15:31:27,208 [INFO] Worst-case loss per deal: 3.60 USDT (0.36% of capital)
2026-08-14 15:31:27,208 [INFO] Max total exposure: 6.0% of capital
2026-08-14 15:31:27,395 [WARNING] Bybit price failed (You have breached the ip rate limit or your ip is from the usa. (ErrCode: 403) (ErrTime: 15:31:27).
Request → GET https://api.bybit.com/v5/market/tickers: category=spot&symbol=BTCUSDT.); trying Coinbase
2026-08-14 15:31:27,646 [INFO] BTCUSDT px=62724.5350 avg=64911.5994 tp=65885.2734 sl=57122.2074 next_so=61770.2458 (SO 2/4)
2026-08-14 15:31:27,666 [WARNING] Bybit price failed (You have breached the ip rate limit or your ip is from the usa. (ErrCode: 403) (ErrTime: 15:31:27).
Request → GET https://api.bybit.com/v5/market/tickers: category=spot&symbol=ETHUSDT.); trying Coinbase
2026-08-14 15:31:27,789 [INFO] ETHUSDT px=1875.1350 avg=1908.3191 tp=1936.9439 sl=1679.3209 next_so=1820.7049 (SO 2/4)
2026-08-14 15:31:27,789 [INFO] Single tick complete (GitHub Actions mode). State saved.
2026-08-14 16:31:37,791 [INFO] === CAPITAL RULES ===
2026-08-14 16:31:37,791 [INFO] Total capital: 1000.00 USDT
2026-08-14 16:31:37,791 [INFO] Per-deal budget: 30.00 USDT (3.0% of capital)
2026-08-14 16:31:37,791 [INFO] Base order: 3.29 USDT, up to 4 safety orders
2026-08-14 16:31:37,792 [INFO] Worst-case loss per deal: 3.60 USDT (0.36% of capital)
2026-08-14 16:31:37,792 [INFO] Max total exposure: 6.0% of capital
2026-08-14 16:31:37,988 [WARNING] Bybit price failed (You have breached the ip rate limit or your ip is from the usa. (ErrCode: 403) (ErrTime: 16:31:37).
Request → GET https://api.bybit.com/v5/market/tickers: category=spot&symbol=BTCUSDT.); trying Coinbase
2026-08-14 16:31:38,118 [INFO] BTCUSDT px=63038.6450 avg=64911.5994 tp=65885.2734 sl=57122.2074 next_so=61770.2458 (SO 2/4)
2026-08-14 16:31:38,129 [WARNING] Bybit price failed (You have breached the ip rate limit or your ip is from the usa. (ErrCode: 403) (ErrTime: 16:31:38).
Request → GET https://api.bybit.com/v5/market/tickers: category=spot&symbol=ETHUSDT.); trying Coinbase
2026-08-14 16:31:38,221 [INFO] ETHUSDT px=1881.6300 avg=1908.3191 tp=1936.9439 sl=1679.3209 next_so=1820.7049 (SO 2/4)
2026-08-14 16:31:38,221 [INFO] Single tick complete (GitHub Actions mode). State saved.
2026-08-14 17:37:30,207 [INFO] === CAPITAL RULES ===
2026-08-14 17:37:30,208 [INFO] Total capital: 1000.00 USDT
2026-08-14 17:37:30,208 [INFO] Per-deal budget: 30.00 USDT (3.0% of capital)
2026-08-14 17:37:30,208 [INFO] Base order: 3.29 USDT, up to 4 safety orders
2026-08-14 17:37:30,208 [INFO] Worst-case loss per deal: 3.60 USDT (0.36% of capital)
2026-08-14 17:37:30,208 [INFO] Max total exposure: 6.0% of capital
2026-08-14 17:37:30,339 [WARNING] Bybit price failed (You have breached the ip rate limit or your ip is from the usa. (ErrCode: 403) (ErrTime: 17:37:30).
Request → GET https://api.bybit.com/v5/market/tickers: category=spot&symbol=BTCUSDT.); trying Coinbase
2026-08-14 17:37:30,430 [INFO] BTCUSDT px=63070.6650 avg=64911.5994 tp=65885.2734 sl=57122.2074 next_so=61770.2458 (SO 2/4)
2026-08-14 17:37:30,442 [WARNING] Bybit price failed (You have breached the ip rate limit or your ip is from the usa. (ErrCode: 403) (ErrTime: 17:37:30).
Request → GET https://api.bybit.com/v5/market/tickers: category=spot&symbol=ETHUSDT.); trying Coinbase
2026-08-14 17:37:30,518 [INFO] ETHUSDT px=1882.6300 avg=1908.3191 tp=1936.9439 sl=1679.3209 next_so=1820.7049 (SO 2/4)
2026-08-14 17:37:30,519 [INFO] Single tick complete (GitHub Actions mode). State saved.
